failure_mode_id,trigger_pattern,reviewer_objection,diagnostic_separation,allowed_claim,forbidden_claim,blocks_p0,paper_action
V5-RFR-0-pending-outputs,one or both registered final splits are missing layer/metric tables,The paper is still promising a final predictive-condition claim without final evidence.,"This is an output-completeness state, not a score failure or theory failure.",v5 has a validation-frozen score and pending unspent final tests,"any final predictive-condition, architecture-transfer, or data-transfer conclusion",yes,"report not_ready status, Slurm/output paths, and the frozen evaluator command"
V5-RFR-1-both-final-splits-pass,"architecture and data final splits pass residual ranking, direction guardrail, baseline dominance, and controls",A positive result may be overclaimed as optimizer performance or universal transfer.,Positive P0 evidence is restricted to frozen-score residual layer-risk prediction.,condition_score_v5_transport_normalized_amplitude_minus_direction predicts residual layer risk on the two registered final splits,competitive long-tail optimizer performance or broad coverage beyond the registered split family,no,"report both final tables, confidence intervals, controls, and the no-retuning boundary"
V5-RFR-2-data-transport-boundary,architecture final passes but CIFAR-10 cross-partition final fails residual ranking,The condition score does not transport across data families.,Architecture transfer and data-partition transport are separated under the frozen final rows.,"architecture transfer survived, while data-family transport is a negative boundary",general data-family predictive-condition claim,yes,keep the CIFAR-10 failure in the main ledger and analyze partition transport terms
V5-RFR-3-architecture-transport-boundary,CIFAR-10 cross-partition final passes but ResNeXt50-32x4d architecture final fails residual ranking,The condition score is tied to the ResNet18/validation architecture family.,Data-family transfer and architecture parameterization transfer are separated.,"data-family transfer survived, while architecture transport is a negative boundary",general architecture-family predictive-condition claim,yes,preserve the ResNeXt failure and analyze parameterization/normalization transport terms
V5-RFR-4-direction-guardrail-failure,either final split fails the below-one direction threshold gate,The basic spectral-vs-Frobenius direction comparison did not transport.,Direction failure is distinct from scalar residual ranking failure.,local drift mechanism remains supported only where direction guardrails hold,residual-risk predictor claim on any split with failed direction guardrail,yes,separate direction-threshold failure from score-ranking failure in the results table
V5-RFR-5-baseline-dominance-failure,primary frozen score does not beat early_layer_prior on residual Spearman and top-k overlap,The learned-looking score may only be a depth/stage nuisance proxy.,Baseline dominance is evaluated independently of residual-ranking positivity.,the final split exposes a nuisance-proxy boundary,theory-derived measurable-score improvement over simple stage priors,yes,report the early-layer comparison as a failed ablation gate
V5-RFR-6-control-reporting-failure,"direction, early-layer, or source-observed controls are missing from a generated final split",The final table hides the controls needed to interpret the score.,Incomplete reporting blocks review even when a primary statistic exists.,none until the frozen evaluator emits the full control table,any final-score conclusion based on a partial table,yes,"rerun the same evaluator without changing score, split, threshold, or baseline rules"
V5-RFR-7-both-final-splits-fail,both registered final splits fail at least one required P0 gate,The predictive-condition program failed on unseen real-task finals.,A double failure downgrades the paper to local mechanism plus falsification evidence.,local matched-head-gain drift mechanism and negative predictive-condition boundary,unseen-task predictive-condition claim,yes,make the failures main-text evidence and stop the score-development line under this protocol
V5-RFR-8-post-final-leakage-pressure,"any attempt to edit weights, features, signs, thresholds, or split membership after final outputs",The final result may be post-hoc tuned on the test set.,"Leakage is a protocol violation, not a recoverable empirical boundary.",only pre-leakage frozen results remain citable,rescued P0 claim under the same v5 protocol,yes,open a new protocol with new unspent validation/final splits if score development continues
