seed,state_source,trajectory_step,direction,warmup_steps,tail_eval_examples,tail_accuracy_before,tail_positive_margin_fraction_before,tail_output_drift_sq_ratio_vs_fro,centered_tail_output_drift_sq_ratio_vs_fro,margin_delta_sq_ratio_vs_fro,tail_output_drift_sq_ratio_vs_polar_grad,actual_head_loss_decrease_diff_vs_fro,tail_loss_increase_diff_vs_fro,tail_accuracy_drop_diff_vs_fro,tail_margin_drop_diff_vs_fro,actual_head_gain_relative_error_diff_vs_fro,direction_cosine_to_polar_grad,gradient_momentum_cosine,alignment_ratio_to_polar_grad,update_fro_norm_ratio_vs_fro,update_op_norm_ratio_vs_fro,mean_matrix_gradient_nuclear_rank,mean_matrix_update_nuclear_rank,less_tail_drift_than_fro,less_tail_drift_than_polar_grad,tail_prediction_changed_fraction,tail_margin_certified_preserved_fraction
0,adamw_matrix_trajectory,0,polar_grad,5000,2000,0.362,0.362,0.34686396413663706,0.3468351914917279,0.3442464366361996,1.0,6.556510925292969e-07,0.0002219676971435547,0.0010000000000000009,0.0001780986785888672,0.0006464180616258253,1.0000000000000002,1.000000009840743,1.0,2.6155266955314764,0.12510306799830778,35.49436767481823,210.23809510892974,True,False,0.001,0.9917127071823204
0,adamw_matrix_trajectory,0,polar_momentum,5000,2000,0.362,0.362,0.3468973247721731,0.3468673764493965,0.3442605516776497,1.0000961778650577,1.4901161193847656e-06,0.0002231597900390625,0.0010000000000000009,0.00017821788787841797,0.0014691319582405132,0.9999311376311272,1.000000009840743,0.9999994678400955,2.615526294035356,0.12510313518188038,35.49436767481823,210.2380951046158,True,False,0.001,0.9917127071823204
0,adamw_matrix_trajectory,0,ns_momentum,5000,2000,0.362,0.362,0.46422487994580913,0.4641471293222616,0.45857339800114183,1.3383485398988901,1.138448715209961e-05,0.00018095970153808594,0.0010000000000000009,0.00016868114471435547,0.01122416816095751,0.6655070884176466,1.000000009840743,0.5294594457088666,1.4761700907838657,0.23625104982730127,35.49436767481823,104.55160722896456,True,False,0.0015,0.9917127071823204
0,adamw_matrix_trajectory,1,polar_grad,5000,2000,0.02,0.02,0.46308302990151295,0.46745731907854476,0.47970800016626874,1.0,0.00034427642822265625,0.01665496826171875,0.0,0.017400741577148438,0.006443275968543962,1.0,0.9982887518244764,1.0,5.86109323816239,0.2313274975874565,7.324918948266967,210.2380951065155,True,False,0.0035,0.9750000000000001
0,adamw_matrix_trajectory,1,polar_momentum,5000,2000,0.02,0.02,0.4730872460893191,0.47905380165720945,0.4884447005110236,1.0216035042137774,0.00017547607421875,0.016475677490234375,0.0,0.017187118530273438,0.0032841074188700524,0.8931448456306791,0.9982887518244764,0.9841076676597353,5.955751688798894,0.23506339912863938,7.324918948266967,210.23809510420887,True,False,0.0035,0.9750000000000001
0,adamw_matrix_trajectory,1,ns_momentum,5000,2000,0.02,0.02,0.845506832390958,0.8526959044799147,0.8577163356564398,1.825821241108269,0.00026607513427734375,0.0044307708740234375,0.0,0.0045528411865234375,0.00497970635796057,0.4457150694091145,0.9982887518244764,0.5333041361272477,1.6009098059994757,0.4336971007813319,7.324918948266967,48.92171017320809,True,False,0.006,0.9750000000000001
0,adamw_matrix_trajectory,2,polar_grad,5000,2000,0.024,0.024,0.6243801287215275,0.6349387333902203,0.5632017119626294,1.0,-0.00019168853759765625,0.013105392456054688,0.0,0.013670921325683594,0.0034970117512643393,1.0000000000000002,0.8356605911855305,1.0,6.585884563899758,0.2346437306028008,6.016935089955478,210.2380950972975,True,False,0.0025,0.9791666666666666
0,adamw_matrix_trajectory,2,polar_momentum,5000,2000,0.024,0.024,0.7327361383625073,0.7307102862839546,0.6458936059329224,1.173541733083095,-0.0007162094116210938,0.0102691650390625,0.0,0.010730743408203125,0.013065949379102083,0.6528548413944845,0.8356605911855305,0.8258745600882708,7.97444803312358,0.2841171613543102,6.016935089955478,210.2380950997572,True,False,0.0025,0.9791666666666666
0,adamw_matrix_trajectory,2,ns_momentum,5000,2000,0.024,0.024,1.163304040890047,1.1478557539096477,1.012507646791993,1.8631343109397365,0.0006284713745117188,-0.0002307891845703125,0.0,-0.00023555755615234375,-0.0025103672914923384,0.31956526459388174,0.8356605911855305,0.4795854051331927,2.0422038631708705,0.48918326650792304,6.016935089955478,44.28790059823079,False,False,0.005,0.9583333333333333
0,ns_muon_matrix_trajectory,0,polar_grad,5000,2000,0.362,0.362,0.34686396413663706,0.3468351914917279,0.3442464366361996,1.0,6.556510925292969e-07,0.0002219676971435547,0.0010000000000000009,0.0001780986785888672,0.0006464180616258253,1.0000000000000002,1.000000009840743,1.0,2.6155266955314764,0.12510306799830778,35.49436767481823,210.23809510892974,True,False,0.001,0.9917127071823204
0,ns_muon_matrix_trajectory,0,polar_momentum,5000,2000,0.362,0.362,0.3468973247721731,0.3468673764493965,0.3442605516776497,1.0000961778650577,1.4901161193847656e-06,0.0002231597900390625,0.0010000000000000009,0.00017821788787841797,0.0014691319582405132,0.9999311376311272,1.000000009840743,0.9999994678400955,2.615526294035356,0.12510313518188038,35.49436767481823,210.2380951046158,True,False,0.001,0.9917127071823204
0,ns_muon_matrix_trajectory,0,ns_momentum,5000,2000,0.362,0.362,0.46422487994580913,0.4641471293222616,0.45857339800114183,1.3383485398988901,1.138448715209961e-05,0.00018095970153808594,0.0010000000000000009,0.00016868114471435547,0.01122416816095751,0.6655070884176466,1.000000009840743,0.5294594457088666,1.4761700907838657,0.23625104982730127,35.49436767481823,104.55160722896456,True,False,0.0015,0.9917127071823204
0,ns_muon_matrix_trajectory,1,polar_grad,5000,2000,0.3625,0.3625,0.29221220452332886,0.2913189586654345,0.32294588849764383,1.0,-0.00014163553714752197,0.0005786418914794922,0.0,0.0006924867630004883,0.06823884297474228,1.0,0.8642834788248807,1.0,2.657334262005656,0.13187034256804545,34.941586777198125,210.2380951061819,True,False,0.0,0.9958620689655172
0,ns_muon_matrix_trajectory,1,polar_momentum,5000,2000,0.3625,0.3625,0.3375106749557879,0.3363199450584659,0.3617341737319549,1.1550190913700957,-7.005035877227783e-05,0.0005602836608886719,0.0,0.0006380081176757812,0.0007490746146874699,0.6733537265109487,0.8642834788248807,0.8149510925657625,3.2607320344628086,0.16181490618532476,34.941586777198125,210.23809510865604,True,False,0.0,0.9958620689655172
0,ns_muon_matrix_trajectory,1,ns_momentum,5000,2000,0.3625,0.3625,0.49862087957902684,0.4972464082243748,0.5210218837520508,1.7063656885666432,-3.4436583518981934e-05,0.0003063678741455078,0.0,0.0003952980041503906,-0.032466456011675,0.5045469647403787,0.8642834788248807,0.40549922135478084,1.7762460674730252,0.32516354969667915,34.941586777198125,105.82517991967181,True,False,0.0005,0.9958620689655172
0,ns_muon_matrix_trajectory,2,polar_grad,5000,2000,0.363,0.363,0.3351561436247752,0.3356133720334677,0.35252534869001867,1.0,2.086162567138672e-07,0.0005054473876953125,0.0,0.000630497932434082,-0.00021220458280048378,1.0,0.7978162371848059,1.0,2.823016605770391,0.1337868417805249,31.219109777022215,210.23809510642045,True,False,0.0005,0.9986225895316805
0,ns_muon_matrix_trajectory,2,polar_momentum,5000,2000,0.363,0.363,0.4905101007607332,0.49135133710776513,0.4941692924287253,1.4635271054732173,-4.416704177856445e-05,0.0003495216369628906,0.0,0.0004652738571166992,0.0449267416729027,0.4987267048378933,0.7978162371848059,0.6708152125404279,4.208340700656569,0.19943968230222653,31.219109777022215,210.23809510669747,True,False,0.0005,0.997245179063361
0,ns_muon_matrix_trajectory,2,ns_momentum,5000,2000,0.363,0.363,0.8530967510512392,0.8544830945589256,0.8582648383559789,2.545371067422012,-2.8446316719055176e-05,6.341934204101562e-05,0.0,0.00012159347534179688,0.028935610611866145,0.382047922096781,0.7978162371848059,0.3292543210699656,2.0543069570908123,0.4062722974076926,31.219109777022215,101.75236191779918,True,False,0.001,0.9958677685950413
1,adamw_matrix_trajectory,0,polar_grad,5000,2000,0.3115,0.3115,0.20543844481949922,0.20485735696207105,0.19897853241218455,1.0,0.00011169910430908203,0.002110004425048828,0.0005000000000000004,0.002663135528564453,0.04506170375560686,1.0000000000000002,0.9999999811544484,1.0,3.355311244476362,0.1688277765799067,22.230628885872974,210.23809510465685,True,False,0.0015,0.9951845906902087
1,adamw_matrix_trajectory,0,polar_momentum,5000,2000,0.3115,0.3115,0.20552404970053714,0.2049421423090207,0.1991520621213628,1.0004166935799828,0.00011071562767028809,0.0021097660064697266,0.0005000000000000004,0.0026627779006958008,0.04466494916010659,0.9999308566813725,0.9999999811544484,0.9999995517295245,3.355312777403655,0.16882656541354824,22.230628885872974,210.23809510601228,True,False,0.0015,0.9935794542536115
1,adamw_matrix_trajectory,0,ns_momentum,5000,2000,0.3115,0.3115,0.43226623978216716,0.4313788875945271,0.4294379404162598,2.1041156155653424,3.719329833984375e-05,0.0012347698211669922,0.0,0.0015944242477416992,0.01500453742982854,0.644256173556759,0.9999999811544484,0.4650047038447776,1.5928352628642601,0.36301582991512027,22.230628885872974,97.676395438384,True,False,0.0005,0.9935794542536115
1,adamw_matrix_trajectory,1,polar_grad,5000,2000,0.005,0.005,0.5648811181791588,0.5721898024952402,0.5529686378960107,1.0,-0.000152587890625,0.01952362060546875,0.0,0.019880294799804688,0.0019995454783184588,1.0,0.9955115516782846,1.0,6.7175697408877,0.2253496567717059,6.532307792446271,210.23809510405658,True,False,0.004,0.9
1,adamw_matrix_trajectory,1,polar_momentum,5000,2000,0.005,0.005,0.5747629955904606,0.586039784231944,0.5654421516841768,1.017493729376466,-0.0002269744873046875,0.018995285034179688,0.0,0.019323348999023438,0.002974323898998709,0.8226564484262286,0.9955115516782846,0.9714836567381573,6.914765517589525,0.2319676363571463,6.532307792446271,210.2380951043523,True,False,0.004,0.9
1,adamw_matrix_trajectory,1,ns_momentum,5000,2000,0.005,0.005,0.9060620890566887,0.9203190925340401,0.851313530665172,1.6039872105785635,-0.0003337860107421875,0.005962371826171875,0.0,0.0060901641845703125,0.004374005733821631,0.40345751725439755,0.9955115516782846,0.5651223645461344,1.7282005679412666,0.39870310481067317,6.532307792446271,42.37673070357034,True,False,0.0045000000000000005,0.9
1,adamw_matrix_trajectory,2,polar_grad,5000,2000,0.0345,0.0345,0.6073924271684986,0.6194190085436926,0.6263014632433573,1.0,0.0009002685546875,0.008785247802734375,0.0,0.009411811828613281,0.020116620995828144,1.0000000000000002,0.5997876266528577,1.0,6.4472565938218835,0.2608320230941262,5.667081514633658,210.23809510235836,True,False,0.006500000000000001,0.9710144927536232
1,adamw_matrix_trajectory,2,polar_momentum,5000,2000,0.0345,0.0345,0.7044043224916854,0.7061150210568519,0.7168027975639515,1.1597186447902064,0.00043964385986328125,0.006984710693359375,0.0,0.007439613342285156,0.00982390071936099,0.504521132684221,0.5997876266528577,0.6920308973473237,9.3164448652626,0.3769107550071533,5.667081514633658,210.23809510460788,True,False,0.006500000000000001,0.9710144927536232
1,adamw_matrix_trajectory,2,ns_momentum,5000,2000,0.0345,0.0345,1.0807453123266426,1.0663374506122294,1.026195560969171,1.7793197017038702,0.00028705596923828125,0.00013065338134765625,0.0,5.245208740234375e-05,0.006414303940407066,0.24962364563583558,0.5997876266528577,0.4127567189734342,2.321878918190853,0.6318393283508723,5.667081514633658,41.251151783465325,False,False,0.008,0.9710144927536232
1,ns_muon_matrix_trajectory,0,polar_grad,5000,2000,0.3115,0.3115,0.20543844481949922,0.20485735696207105,0.19897853241218455,1.0,0.00011169910430908203,0.002110004425048828,0.0005000000000000004,0.002663135528564453,0.04506170375560686,1.0000000000000002,0.9999999811544484,1.0,3.355311244476362,0.1688277765799067,22.230628885872974,210.23809510465685,True,False,0.0015,0.9951845906902087
1,ns_muon_matrix_trajectory,0,polar_momentum,5000,2000,0.3115,0.3115,0.20552404970053714,0.2049421423090207,0.1991520621213628,1.0004166935799828,0.00011071562767028809,0.0021097660064697266,0.0005000000000000004,0.0026627779006958008,0.04466494916010659,0.9999308566813725,0.9999999811544484,0.9999995517295245,3.355312777403655,0.16882656541354824,22.230628885872974,210.23809510601228,True,False,0.0015,0.9935794542536115
1,ns_muon_matrix_trajectory,0,ns_momentum,5000,2000,0.3115,0.3115,0.43226623978216716,0.4313788875945271,0.4294379404162598,2.1041156155653424,3.719329833984375e-05,0.0012347698211669922,0.0,0.0015944242477416992,0.01500453742982854,0.644256173556759,0.9999999811544484,0.4650047038447776,1.5928352628642601,0.36301582991512027,22.230628885872974,97.676395438384,True,False,0.0005,0.9935794542536115
1,ns_muon_matrix_trajectory,1,polar_grad,5000,2000,0.311,0.311,0.23762864522068863,0.23674511551829117,0.24686571724127304,1.0,-6.142258644104004e-05,0.0016241073608398438,0.0,0.0019555091857910156,-0.028490790569672728,1.0000000000000002,0.9437648171884985,1.0,3.8780564376030555,0.17828435851681665,17.46817076001352,210.2380951046698,True,False,0.0005,0.9983922829581994
1,ns_muon_matrix_trajectory,1,polar_momentum,5000,2000,0.311,0.311,0.2898929987979144,0.28851600507691677,0.31626304310251274,1.2199413018101721,-5.453824996948242e-05,0.0013492107391357422,0.0,0.0016605854034423828,-0.0252974996324605,0.6610047644750707,0.9437648171884985,0.8268017246131143,4.6904353470365425,0.2156290352046903,17.46817076001352,210.23809510329605,True,False,0.002,0.9983922829581994
1,ns_muon_matrix_trajectory,1,ns_momentum,5000,2000,0.311,0.311,0.6838794124877836,0.6825576125707222,0.7240656766664557,2.8779333899440296,-2.008676528930664e-05,0.0004551410675048828,0.0,0.0005489587783813477,-0.009317221176108403,0.4641696226374402,0.9437648171884985,0.38919531903246896,1.7768442987885245,0.45801175754040374,17.46817076001352,87.68903620241286,True,False,0.003,0.9983922829581994
1,ns_muon_matrix_trajectory,2,polar_grad,5000,2000,0.3125,0.3125,0.21182410534101143,0.2113522925609303,0.21281005385755053,1.0,7.838010787963867e-05,0.0020732879638671875,0.0,0.0025604963302612305,-0.015947518848747018,1.0000000000000002,0.926533024428553,1.0,3.754568152545981,0.17766510416558712,18.49126738611178,210.2380951029608,True,False,0.0005,0.9968
1,ns_muon_matrix_trajectory,2,polar_momentum,5000,2000,0.3125,0.3125,0.3752782849530592,0.37435307820063984,0.39003956534846657,1.7716505132827358,9.816884994506836e-05,0.0014238357543945312,0.0,0.0018252134323120117,-0.008774656982727003,0.5869440839514781,0.926533024428553,0.7671498738909884,4.894182609297435,0.23159481050197867,18.49126738611178,210.23809510216142,True,False,0.001,0.9952000000000001
1,ns_muon_matrix_trajectory,2,ns_momentum,5000,2000,0.3125,0.3125,0.8740631687531826,0.8732644264948873,0.8974968763303426,4.126363084815327,-9.196996688842773e-05,0.00016021728515625,0.0,0.00022971630096435547,0.033336523672496635,0.40874338838553936,0.926533024428553,0.3522578161809725,1.761552492623378,0.5042953522012622,18.49126738611178,80.5010020846388,True,False,0.0015,0.9904000000000001
2,adamw_matrix_trajectory,0,polar_grad,5000,2000,0.3845,0.3845,0.6032883672137517,0.6141661899695676,0.6320193156533269,1.0,3.114109858870506e-08,-0.00045561790466308594,0.0005000000000000004,-0.0006095170974731445,0.01780061124454644,1.0,0.999999999845584,1.0,2.5597434921705746,0.11219764639606856,36.8311672015889,210.2380951070007,True,False,0.0025,0.9960988296488947
2,adamw_matrix_trajectory,0,polar_momentum,5000,2000,0.3845,0.3845,0.6035626989442247,0.6144556967322996,0.6345882303392976,1.0004547273665163,3.346940502524376e-08,-0.0004551410675048828,0.0005000000000000004,-0.0006134510040283203,0.020891900792403807,0.9999999933044027,0.999999999845584,0.999999801175536,2.5597435365420482,0.11219790456157301,36.8311672015889,210.2380951080599,True,False,0.0025,0.9960988296488947
2,adamw_matrix_trajectory,0,ns_momentum,5000,2000,0.3845,0.3845,0.6889976727421959,0.6991871920387348,0.7268022110442673,1.142070210841769,9.022187441587448e-10,-0.0002193450927734375,0.0,-0.0003180503845214844,-0.001197874699794729,0.6677915245464364,0.999999999845584,0.5232830816622569,1.5061541409116737,0.21438250351891877,36.8311672015889,110.4550546420101,True,False,0.001,0.9960988296488947
2,adamw_matrix_trajectory,1,polar_grad,5000,2000,0.0,0.0,0.6669322613713433,0.6694749445609807,0.6285266048291077,1.0,0.0005550384521484375,0.030475616455078125,0.0,0.0306396484375,0.000297598795449856,1.0,1.0000000038818566,1.0,7.077030539027678,0.23864554360057125,5.318224079414062,210.2380950991781,True,False,0.0025,
2,adamw_matrix_trajectory,1,polar_momentum,5000,2000,0.0,0.0,0.6648947004761762,0.667437390015957,0.6264174186900866,0.9969448757944661,0.0001010894775390625,0.030635833740234375,0.0,0.030803680419921875,-0.0007050843164437036,0.9853954701696058,1.0000000038818566,0.9999990755765027,7.077040230648572,0.23864533066325713,5.318224079414062,210.2380951045481,True,True,0.0025,
2,adamw_matrix_trajectory,1,ns_momentum,5000,2000,0.0,0.0,0.9762829616048672,0.9794234157224682,0.9134486533225831,1.4638412596767147,-0.0003147125244140625,0.006710052490234375,0.0,0.006732940673828125,0.0021950738153436056,0.38352532543321927,1.0000000038818566,0.5866668323665687,1.5463404345152558,0.4067140081521868,5.318224079414062,33.357859433415726,True,False,0.004,
2,adamw_matrix_trajectory,2,polar_grad,5000,2000,0.0015,0.0015,0.5228226610975919,0.5336215139368835,0.4985732748388781,1.0,-0.0031585693359375,0.035343170166015625,0.0,0.03574371337890625,0.01922078729439687,1.0,0.4308386918529171,1.0,6.960359257285403,0.2861585512067694,5.494719196787878,210.22881540662166,True,False,0.0035,0.6666666666666666
2,adamw_matrix_trajectory,2,polar_momentum,5000,2000,0.0015,0.0015,0.6567502017507506,0.6408548531105112,0.5960677729063351,1.2561624631418937,-0.0029621124267578125,0.0255126953125,0.0,0.025821685791015625,0.0175445605751314,0.5119971951141723,0.4308386918529171,0.558210297286752,12.469337110720119,0.4264380618999107,5.494719196787878,210.23809510089671,True,False,0.0025,0.6666666666666666
2,adamw_matrix_trajectory,2,ns_momentum,5000,2000,0.0015,0.0015,1.2257281481138564,1.1899652122700743,1.072530122456169,2.3444434209118143,-0.00141143798828125,-0.00618743896484375,0.0,-0.006195068359375,0.004313761325006885,0.17722549551746103,0.4308386918529171,0.3008608097937991,3.5306338496320784,0.7910765644532755,5.494719196787878,36.99827371256884,False,False,0.0025,0.6666666666666666
2,ns_muon_matrix_trajectory,0,polar_grad,5000,2000,0.3845,0.3845,0.6032883672137517,0.6141661899695676,0.6320193156533269,1.0,3.114109858870506e-08,-0.00045561790466308594,0.0005000000000000004,-0.0006095170974731445,0.01780061124454644,1.0,0.999999999845584,1.0,2.5597434921705746,0.11219764639606856,36.8311672015889,210.2380951070007,True,False,0.0025,0.9960988296488947
2,ns_muon_matrix_trajectory,0,polar_momentum,5000,2000,0.3845,0.3845,0.6035626989442247,0.6144556967322996,0.6345882303392976,1.0004547273665163,3.346940502524376e-08,-0.0004551410675048828,0.0005000000000000004,-0.0006134510040283203,0.020891900792403807,0.9999999933044027,0.999999999845584,0.999999801175536,2.5597435365420482,0.11219790456157301,36.8311672015889,210.2380951080599,True,False,0.0025,0.9960988296488947
2,ns_muon_matrix_trajectory,0,ns_momentum,5000,2000,0.3845,0.3845,0.6889976727421959,0.6991871920387348,0.7268022110442673,1.142070210841769,9.022187441587448e-10,-0.0002193450927734375,0.0,-0.0003180503845214844,-0.001197874699794729,0.6677915245464364,0.999999999845584,0.5232830816622569,1.5061541409116737,0.21438250351891877,36.8311672015889,110.4550546420101,True,False,0.001,0.9960988296488947
2,ns_muon_matrix_trajectory,1,polar_grad,5000,2000,0.3845,0.3845,0.5819205170586427,0.5878825171412618,0.56931682405491,1.0,-6.51925802230835e-09,-0.00045800209045410156,-0.0005000000000000004,-0.0006015300750732422,-0.00685095113528518,1.0000000000000002,0.8939371564892118,1.0,2.7634687088044694,0.13115347330266475,32.04228269410369,210.23809510582674,True,False,0.0005,0.9973992197659298
2,ns_muon_matrix_trajectory,1,polar_momentum,5000,2000,0.3845,0.3845,0.6084497041140036,0.6130060544751526,0.5975068041885473,1.0455890216578967,9.764335118234158e-09,-0.00044727325439453125,0.0,-0.0005207061767578125,0.010261134401286509,0.7449508870357194,0.8939371564892118,0.8301877651987573,3.32872899232341,0.15798132774210782,32.04228269410369,210.23809510507368,True,False,0.0005,0.9973992197659298
2,ns_muon_matrix_trajectory,1,ns_momentum,5000,2000,0.3845,0.3845,0.7226356059771025,0.7254589337936977,0.6947620595687671,1.2418115271647645,-3.7238351069390774e-08,-0.00024700164794921875,-0.0005000000000000004,-0.0002695322036743164,-0.03913299989998834,0.5179038171372609,0.8939371564892118,0.40550486786806245,1.8124554637482921,0.3233833146408793,32.04228269410369,105.41880545785973,True,False,0.0005,0.9986996098829649
2,ns_muon_matrix_trajectory,2,polar_grad,5000,2000,0.385,0.385,0.6353351501244721,0.6459951596952195,0.7121104276781388,1.0,5.953188519924879e-08,-0.0004127025604248047,0.0,-0.0005081892013549805,0.07137227015459746,1.0,0.7850652084992439,1.0,2.691849979855436,0.1210663368222032,33.99141726588807,210.23809510433162,True,False,0.0005,0.9961038961038962
2,ns_muon_matrix_trajectory,2,polar_momentum,5000,2000,0.385,0.385,0.7093920890320032,0.7180192760423177,0.7906141905244726,1.1165635789126767,-1.9208528101444244e-09,-0.00018310546875,0.0,-0.00014400482177734375,-0.002302894074897792,0.5855751603270324,0.7850652084992439,0.6982451356851848,3.855166535815373,0.17338856883046075,33.99141726588807,210.2380951060289,True,False,0.0,0.9974025974025974
2,ns_muon_matrix_trajectory,2,ns_momentum,5000,2000,0.385,0.385,0.9075756881458344,0.909641398380855,0.9496642363942311,1.428499096843652,1.9543222151696682e-08,-8.416175842285156e-05,0.0,-2.968311309814453e-05,0.023430202595361625,0.4228771171410207,0.7850652084992439,0.3302083862978808,2.0276463099400583,0.36657977323934504,33.99141726588807,100.29586409997442,True,False,0.0005,0.9961038961038962
3,adamw_matrix_trajectory,0,polar_grad,5000,2000,0.38,0.38,0.5542234269031755,0.5628050453400644,0.5498339063765082,1.0,-2.1391315385699272e-08,-0.0002522468566894531,0.0005000000000000004,-0.00029289722442626953,-0.015524287135899185,1.0000000000000002,1.0000000060414505,1.0,2.814281783174383,0.12948667051736193,32.2357203454354,210.23809510639833,True,False,0.0015,0.9960526315789473
3,adamw_matrix_trajectory,0,polar_momentum,5000,2000,0.38,0.38,0.5539672946675697,0.5625075605651045,0.5465598822295057,0.9995378538272244,-1.9543222151696682e-08,-0.0002446174621582031,0.0005000000000000004,-0.00028586387634277344,-0.017638042808711778,0.9999999969762342,1.0000000060414505,1.000000337329116,2.8142818380039953,0.12948650013261612,32.2357203454354,210.23809510693405,True,True,0.0015,0.9960526315789473
3,adamw_matrix_trajectory,0,ns_momentum,5000,2000,0.38,0.38,0.6533430909336285,0.6608794187155395,0.6510371225300569,1.1788442336050322,-1.3969838619232178e-08,-0.0002703666687011719,0.0,-0.00032591819763183594,-0.015977995637008566,0.6640296205410429,1.0000000060414505,0.4994363801888991,1.5787520237349744,0.2592305368085006,32.2357203454354,109.01366827137008,True,False,0.0015,0.9947368421052631
3,adamw_matrix_trajectory,1,polar_grad,5000,2000,0.005,0.005,0.37544453850252546,0.37902973187632627,0.4298621605812206,1.0,0.0009765625,0.032318115234375,0.0,0.032306671142578125,-0.008903905727811252,1.0,0.9999999929497122,1.0,5.7196338984285084,0.5186117341501066,7.435015130216134,210.11316799844514,True,False,0.003,0.9
3,adamw_matrix_trajectory,1,polar_momentum,5000,2000,0.005,0.005,0.37497237799873845,0.3785499185922246,0.4297073201156133,0.9987423961321417,0.0006694793701171875,0.032375335693359375,0.0,0.032367706298828125,-0.006104044746995605,0.9809276026779603,0.9999999929497122,1.0000006490275621,5.71380701883726,0.2287495664543472,7.435015130216134,210.23809510421788,True,True,0.003,0.9
3,adamw_matrix_trajectory,1,ns_momentum,5000,2000,0.005,0.005,0.7722341055689226,0.7798010352589829,0.8155469688040125,2.0568526809552408,0.00019073486328125,0.009967803955078125,0.0,0.00989532470703125,-0.0017390440874631343,0.4565082809661192,0.9999999929497122,0.5310554813615558,1.5231480197840663,0.4306740486705182,7.435015130216134,47.90555763337242,True,False,0.004,0.9
3,adamw_matrix_trajectory,2,polar_grad,5000,2000,0.0275,0.0275,0.42868340349490036,0.4347605656484642,0.44481744521355154,1.0,0.0003719329833984375,0.014528274536132812,0.0,0.014993667602539062,-0.00681593863558016,1.0,0.6846542928515784,1.0,5.663480319454043,0.20651094945744466,7.622318059819473,210.23809510460265,True,False,0.0025,0.9818181818181818
3,adamw_matrix_trajectory,2,polar_momentum,5000,2000,0.0275,0.0275,0.586715752856475,0.5713805677919296,0.6144971974851313,1.3686458306367688,0.001056671142578125,0.009222030639648438,0.0,0.009502410888671875,-0.011738269704070447,0.6491591729177338,0.6846542928515784,0.7579537512570101,7.472073450025752,0.27246105954252736,7.622318059819473,210.23809510479654,True,False,0.002,0.9818181818181818
3,adamw_matrix_trajectory,2,ns_momentum,5000,2000,0.0275,0.0275,1.1151969669413502,1.0757045755815255,1.125658154963471,2.6014465637100797,0.000522613525390625,-0.0032215118408203125,0.0,-0.0033721923828125,-0.009577267621276739,0.3156161293222355,0.6846542928515784,0.3970655030047736,2.2666779812057025,0.5200242406412525,7.622318059819473,49.75655987520632,False,False,0.003,0.9818181818181818
3,ns_muon_matrix_trajectory,0,polar_grad,5000,2000,0.38,0.38,0.5542234269031755,0.5628050453400644,0.5498339063765082,1.0,-2.1391315385699272e-08,-0.0002522468566894531,0.0005000000000000004,-0.00029289722442626953,-0.015524287135899185,1.0000000000000002,1.0000000060414505,1.0,2.814281783174383,0.12948667051736193,32.2357203454354,210.23809510639833,True,False,0.0015,0.9960526315789473
3,ns_muon_matrix_trajectory,0,polar_momentum,5000,2000,0.38,0.38,0.5539672946675697,0.5625075605651045,0.5465598822295057,0.9995378538272244,-1.9543222151696682e-08,-0.0002446174621582031,0.0005000000000000004,-0.00028586387634277344,-0.017638042808711778,0.9999999969762342,1.0000000060414505,1.000000337329116,2.8142818380039953,0.12948650013261612,32.2357203454354,210.23809510693405,True,True,0.0015,0.9960526315789473
3,ns_muon_matrix_trajectory,0,ns_momentum,5000,2000,0.38,0.38,0.6533430909336285,0.6608794187155395,0.6510371225300569,1.1788442336050322,-1.3969838619232178e-08,-0.0002703666687011719,0.0,-0.00032591819763183594,-0.015977995637008566,0.6640296205410429,1.0000000060414505,0.4994363801888991,1.5787520237349744,0.2592305368085006,32.2357203454354,109.01366827137008,True,False,0.0015,0.9947368421052631
3,ns_muon_matrix_trajectory,1,polar_grad,5000,2000,0.3795,0.3795,0.5971203123835828,0.6097141117136525,0.6076778590348489,1.0,5.164474714547396e-08,-0.000270843505859375,0.0,-0.0002688169479370117,-0.05311772971229811,0.9999999999999998,0.853563403294632,1.0,2.566126149076639,0.12656646162647137,37.593141874341825,210.23809510806828,True,False,0.0,0.9973649538866931
3,ns_muon_matrix_trajectory,1,polar_momentum,5000,2000,0.3795,0.3795,0.6423614010211814,0.6540887917990299,0.6439589473156377,1.0757654491052322,4.186586011201143e-08,-0.000232696533203125,0.0,-0.00012540817260742188,-0.050015450549765764,0.6889319054147259,0.853563403294632,0.7820285012757244,3.2813710663281053,0.1618416952101803,37.593141874341825,210.2380951084413,True,False,0.0005,0.9973649538866931
3,ns_muon_matrix_trajectory,1,ns_momentum,5000,2000,0.3795,0.3795,0.7807096644210109,0.7878103308430284,0.802769289249152,1.307457891198805,-3.026798367500305e-08,-6.937980651855469e-05,0.0,6.54458999633789e-05,0.03615993644195788,0.4897367951686991,0.853563403294632,0.3693056010568831,1.8087961752985944,0.34266583070685264,37.593141874341825,105.48919104369585,True,False,0.001,0.9960474308300395
3,ns_muon_matrix_trajectory,2,polar_grad,5000,2000,0.38,0.38,0.5601779871385515,0.5711338060915284,0.5794367774242596,1.0,-3.262539394199848e-08,-0.0006639957427978516,0.0,-0.0006293058395385742,-0.03898130818453596,1.0,0.811076111836734,1.0,2.635331555348909,0.13023476893343047,35.62886691553601,210.2380951067825,True,False,0.002,0.9960526315789473
3,ns_muon_matrix_trajectory,2,polar_momentum,5000,2000,0.38,0.38,0.6251540683704302,0.6339602052705492,0.6372362093801718,1.115991850311333,-1.354783307760954e-07,-0.0005829334259033203,0.0,-0.0005135536193847656,-0.16187153398663245,0.5888580384605482,0.811076111836734,0.6993444255331688,3.7682915117393647,0.18622359730508667,35.62886691553601,210.23809510666,True,False,0.002,0.9947368421052631
3,ns_muon_matrix_trajectory,2,ns_momentum,5000,2000,0.38,0.38,0.8109773178252875,0.8134760781505204,0.8479265883989494,1.4477136489561928,-9.496579878032207e-08,-0.00021529197692871094,-0.0005000000000000004,-2.8848648071289062e-05,-0.11346655540244505,0.41971423591770596,0.811076111836734,0.32607041949616217,2.0226929491477605,0.39934721776410054,35.62886691553601,100.86459687020223,True,False,0.001,0.9947368421052631
4,adamw_matrix_trajectory,0,polar_grad,5000,2000,0.382,0.382,0.570615415181051,0.579088095321861,0.5467423112398216,1.0,1.0244548320770264e-08,-0.0005459785461425781,-0.0005000000000000004,-0.0008252859115600586,0.012140687807903968,1.0,1.00000000634247,1.0,2.626459599819662,0.13456077165437264,35.13972713458315,210.23809510610135,True,False,0.002,0.9986910994764399
4,adamw_matrix_trajectory,0,polar_momentum,5000,2000,0.382,0.382,0.5706082562070967,0.5790805287309693,0.5459512489228433,0.9999874539422459,1.1641532182693481e-08,-0.0005478858947753906,-0.0005000000000000004,-0.0008289813995361328,0.013796236145345418,0.9999999758094503,1.00000000634247,1.0000000848270998,2.6264587638299495,0.13455934836672998,35.13972713458315,210.23809510632375,True,True,0.002,0.9986910994764399
4,adamw_matrix_trajectory,0,ns_momentum,5000,2000,0.382,0.382,0.6456987375638055,0.6531152120338946,0.5922995519792359,1.1315830599475327,3.245077095925808e-09,-0.0003745555877685547,0.0,-0.0005701780319213867,0.0038457008255150353,0.6763929805887074,1.00000000634247,0.5083273255251503,1.5084776639939677,0.2646735025590712,35.13972713458315,110.6025038271224,True,False,0.0015,0.9986910994764399
4,adamw_matrix_trajectory,1,polar_grad,5000,2000,0.0075,0.0075,0.5022699189453356,0.4997693183133444,0.5135436571030716,1.0,0.000209808349609375,0.02181243896484375,0.0,0.0221710205078125,0.0023172783860282435,1.0,1.0000000153443938,1.0,6.662976085003838,0.2726807658927264,5.269038697986654,210.23809504961196,True,False,0.0075,1.0
4,adamw_matrix_trajectory,1,polar_momentum,5000,2000,0.0075,0.0075,0.5017833040977496,0.49920445562358395,0.5140573488915271,0.9990311686421363,7.2479248046875e-05,0.021785736083984375,0.0,0.02214813232421875,0.0008005143515370296,0.9835771733871496,1.0000000153443938,1.000000195859236,6.66297830252712,0.2726830274982967,5.269038697986654,210.23809510424078,True,True,0.0075,0.9333333333333333
4,adamw_matrix_trajectory,1,ns_momentum,5000,2000,0.0075,0.0075,0.8625485733631075,0.8640418427759621,0.8539439736465722,1.7173008791254785,-0.0002994537353515625,0.0057373046875,0.0,0.005825042724609375,0.0031169500908795797,0.4045529807064512,1.0000000153443938,0.5559227083520397,1.479579510568923,0.4904257755186851,5.269038697986654,37.80561094865694,True,False,0.0085,0.9333333333333333
4,adamw_matrix_trajectory,2,polar_grad,5000,2000,0.0005,0.0005,0.5453502307982824,0.5514130214113828,0.5602498434042511,1.0,0.0020999908447265625,0.02768707275390625,0.0,0.0279541015625,-0.012439443752039932,0.9999999999999998,0.6432116497783988,1.0,6.679186972899211,0.24130151805876845,5.685781645448734,210.23809495930394,True,False,0.006,1.0
4,adamw_matrix_trajectory,2,polar_momentum,5000,2000,0.0005,0.0005,0.6899988971627586,0.7093286352678014,0.672659115672107,1.2652399470937052,0.0016632080078125,0.021770477294921875,0.0,0.021961212158203125,-0.01551350088210798,0.5915183148991553,0.6432116497783988,0.7334231811207783,9.10688327833288,0.32873131612952894,5.685781645448734,210.23809510028838,True,False,0.006500000000000001,1.0
4,adamw_matrix_trajectory,2,ns_momentum,5000,2000,0.0005,0.0005,1.1847648525382823,1.2129264301251483,1.1095242151025417,2.1724843699140393,0.001079559326171875,-0.00319671630859375,0.0,-0.00328826904296875,-0.010069543003753574,0.25842276929979036,0.6432116497783988,0.41056146617243544,2.215013878049519,0.5871492959155318,5.685781645448734,39.711515157445724,False,False,0.008,1.0
4,ns_muon_matrix_trajectory,0,polar_grad,5000,2000,0.382,0.382,0.570615415181051,0.579088095321861,0.5467423112398216,1.0,1.0244548320770264e-08,-0.0005459785461425781,-0.0005000000000000004,-0.0008252859115600586,0.012140687807903968,1.0,1.00000000634247,1.0,2.626459599819662,0.13456077165437264,35.13972713458315,210.23809510610135,True,False,0.002,0.9986910994764399
4,ns_muon_matrix_trajectory,0,polar_momentum,5000,2000,0.382,0.382,0.5706082562070967,0.5790805287309693,0.5459512489228433,0.9999874539422459,1.1641532182693481e-08,-0.0005478858947753906,-0.0005000000000000004,-0.0008289813995361328,0.013796236145345418,0.9999999758094503,1.00000000634247,1.0000000848270998,2.6264587638299495,0.13455934836672998,35.13972713458315,210.23809510632375,True,True,0.002,0.9986910994764399
4,ns_muon_matrix_trajectory,0,ns_momentum,5000,2000,0.382,0.382,0.6456987375638055,0.6531152120338946,0.5922995519792359,1.1315830599475327,3.245077095925808e-09,-0.0003745555877685547,0.0,-0.0005701780319213867,0.0038457008255150353,0.6763929805887074,1.00000000634247,0.5083273255251503,1.5084776639939677,0.2646735025590712,35.13972713458315,110.6025038271224,True,False,0.0015,0.9986910994764399
4,ns_muon_matrix_trajectory,1,polar_grad,5000,2000,0.3835,0.3835,0.6284003049872299,0.6338219892711827,0.6058791536991749,1.0,-7.073685992509127e-08,-0.0003662109375,-0.0010000000000000009,-0.0006020069122314453,0.08408060598921673,1.0,0.8719538943941944,1.0,2.590883414696928,0.12058446021511979,35.29239309934825,210.23809510149817,True,False,0.0005,0.9921773142112125
4,ns_muon_matrix_trajectory,1,polar_momentum,5000,2000,0.3835,0.3835,0.6700987835816538,0.6750043541077638,0.6790178749895689,1.0663565537182087,-2.325396053493023e-08,-0.00023031234741210938,-0.0010000000000000009,-0.00039136409759521484,0.027640569506432486,0.715698796075286,0.8719538943941944,0.8183135203740407,3.1661258639925403,0.14735618013876783,35.29239309934825,210.23809510368145,True,False,0.0,0.9934810951760104
4,ns_muon_matrix_trajectory,1,ns_momentum,5000,2000,0.3835,0.3835,0.7765932026092968,0.7787032000942349,0.7689253616552413,1.2358256296916952,1.1219526641070843e-08,-6.413459777832031e-05,-0.0010000000000000009,-0.00012302398681640625,0.007988781872491192,0.5150477544500416,0.8719538943941944,0.40099937531548174,1.7442240034923835,0.3006650390342376,35.29239309934825,104.92256889665545,True,False,0.0,0.9908735332464146
4,ns_muon_matrix_trajectory,2,polar_grad,5000,2000,0.3825,0.3825,0.5259322489124911,0.5369087788303815,0.5695841274232948,1.0,-3.537570592015982e-08,-0.0004208087921142578,0.0,-0.0005658864974975586,0.04537549340716106,1.0,0.7670180200537432,1.0,2.6412919034632587,0.12497593026721576,36.62872338252989,210.2380951064794,True,False,0.0005,0.9973856209150326
4,ns_muon_matrix_trajectory,2,polar_momentum,5000,2000,0.3825,0.3825,0.5718572999598839,0.5824884133114018,0.6001344501868278,1.0873212303340503,-4.141475073993206e-08,-0.0002503395080566406,0.0,-0.00019466876983642578,0.05312161836148925,0.5622491221068011,0.7670180200537432,0.6681514669726512,3.9531351927033924,0.1870468207987802,36.62872338252989,210.2380951034287,True,False,0.0,0.9960784313725489
4,ns_muon_matrix_trajectory,2,ns_momentum,5000,2000,0.3825,0.3825,0.7317332083257664,0.7383823997386069,0.79061185820835,1.391306978871946,-1.9543222151696682e-08,-6.246566772460938e-05,-0.0005000000000000004,1.1563301086425781e-05,0.02506758027388617,0.4027651618384945,0.7670180200537432,0.32148289773324823,2.1324977678842245,0.3886871001287792,36.62872338252989,101.8844958358615,True,False,0.0015,0.9947712418300653
5,adamw_matrix_trajectory,0,polar_grad,5000,2000,0.3675,0.3675,0.5854297748515006,0.5950375005275454,0.6221218619710117,1.0,-7.916241884231567e-08,-0.0003695487976074219,0.0005000000000000004,-0.00045812129974365234,-0.10441969808503102,1.0000000000000002,0.9999999929374744,1.0,2.6775202221518555,0.13549784918197516,34.37196503424276,210.23809510226198,True,False,0.0,0.9986394557823128
5,adamw_matrix_trajectory,0,polar_momentum,5000,2000,0.3675,0.3675,0.5854641894147081,0.5950761925845115,0.6225151940535659,1.00005878512622,-7.916241884231567e-08,-0.00036597251892089844,0.0005000000000000004,-0.000453948974609375,-0.10441969808503102,0.9999999995680281,0.9999999929374744,0.9999999936614012,2.6775204204846266,0.13549725219684558,34.37196503424276,210.23809510295905,True,False,0.0,0.9986394557823128
5,adamw_matrix_trajectory,0,ns_momentum,5000,2000,0.3675,0.3675,0.6739807975995984,0.6824224313165292,0.7003623648935661,1.1512581466676504,-3.5390257835388184e-08,-0.0002582073211669922,0.0005000000000000004,-0.00032138824462890625,-0.04668174737919034,0.6777652608230681,0.9999999929374744,0.5076152546715745,1.5063169900624838,0.26689190318620515,34.37196503424276,109.59763567043298,True,False,0.0,0.9986394557823128
5,adamw_matrix_trajectory,1,polar_grad,5000,2000,0.0125,0.0125,0.6513510380508714,0.6696434800879009,0.5244157624699057,1.0,0.0005664825439453125,0.02970123291015625,0.0,0.03032684326171875,-0.0009413222129385675,1.0,1.0000000103911713,1.0,6.845843571219979,0.2155564089431165,6.0875362734344165,210.23809103563335,True,False,0.0025,1.0
5,adamw_matrix_trajectory,1,polar_momentum,5000,2000,0.0125,0.0125,0.6532096980996482,0.6714864774609326,0.5257290952875205,1.0028535458457837,0.0002880096435546875,0.029628753662109375,0.0,0.030242919921875,-0.002974877650768671,0.9862781580752598,1.0000000103911713,0.9999992960723328,6.84586495030716,0.2153945896343513,6.0875362734344165,210.2380951032914,True,False,0.0025,1.0
5,adamw_matrix_trajectory,1,ns_momentum,5000,2000,0.0125,0.0125,1.1280112762330106,1.159277007304942,0.8457519502112574,1.7318023774223439,0.00128936767578125,0.00954437255859375,0.0,0.009883880615234375,0.006525423678725845,0.40263693642080484,1.0000000103911713,0.567378130827104,1.6462352638643045,0.3795768114937318,6.0875362734344165,37.28104846486675,False,False,0.0025,1.0
5,adamw_matrix_trajectory,2,polar_grad,5000,2000,0.002,0.002,0.5731381679577916,0.5774194541769209,0.5799577877074711,1.0,0.0007953643798828125,0.02947998046875,0.0,0.02973175048828125,-0.006107583993560234,1.0,0.6679929884810699,1.0,7.183457852331037,0.26734360516488137,4.681970725471772,210.2380950999494,True,False,0.004,0.75
5,adamw_matrix_trajectory,2,polar_momentum,5000,2000,0.002,0.002,0.633362410309209,0.6312391459125326,0.6618333934513991,1.105078052236529,6.29425048828125e-05,0.024501800537109375,0.0,0.024669647216796875,-0.00048333398510188967,0.5653952104567904,0.6679929884810699,0.7470311593249555,9.616026831235681,0.3578758482218522,4.681970725471772,210.23809510464284,True,False,0.0045000000000000005,0.75
5,adamw_matrix_trajectory,2,ns_momentum,5000,2000,0.002,0.002,1.01646318341683,1.0157454442782528,1.0184599030953658,1.7735046106573151,5.53131103515625e-05,0.000972747802734375,0.0,0.00086212158203125,-0.00042474804751378194,0.2520681154463204,0.6679929884810699,0.46733205541697026,2.2458901767581434,0.5719837743692536,4.681970725471772,38.071735100843384,False,False,0.007,0.5
5,ns_muon_matrix_trajectory,0,polar_grad,5000,2000,0.3675,0.3675,0.5854297748515006,0.5950375005275454,0.6221218619710117,1.0,-7.916241884231567e-08,-0.0003695487976074219,0.0005000000000000004,-0.00045812129974365234,-0.10441969808503102,1.0000000000000002,0.9999999929374744,1.0,2.6775202221518555,0.13549784918197516,34.37196503424276,210.23809510226198,True,False,0.0,0.9986394557823128
5,ns_muon_matrix_trajectory,0,polar_momentum,5000,2000,0.3675,0.3675,0.5854641894147081,0.5950761925845115,0.6225151940535659,1.00005878512622,-7.916241884231567e-08,-0.00036597251892089844,0.0005000000000000004,-0.000453948974609375,-0.10441969808503102,0.9999999995680281,0.9999999929374744,0.9999999936614012,2.6775204204846266,0.13549725219684558,34.37196503424276,210.23809510295905,True,False,0.0,0.9986394557823128
5,ns_muon_matrix_trajectory,0,ns_momentum,5000,2000,0.3675,0.3675,0.6739807975995984,0.6824224313165292,0.7003623648935661,1.1512581466676504,-3.5390257835388184e-08,-0.0002582073211669922,0.0005000000000000004,-0.00032138824462890625,-0.04668174737919034,0.6777652608230681,0.9999999929374744,0.5076152546715745,1.5063169900624838,0.26689190318620515,34.37196503424276,109.59763567043298,True,False,0.0,0.9986394557823128
5,ns_muon_matrix_trajectory,1,polar_grad,5000,2000,0.368,0.368,0.5433331435462527,0.5478126770512048,0.5691125657111341,1.0,-1.1175870895385742e-08,-0.0005726814270019531,0.0005000000000000004,-0.0006513595581054688,-0.002238628224525842,1.0,0.8255923517693396,1.0,2.6082668797471222,0.13738585075959006,34.73010240325101,210.23809510603687,True,False,0.0005,0.9972826086956521
5,ns_muon_matrix_trajectory,1,polar_momentum,5000,2000,0.368,0.368,0.5857971146762939,0.5886188187348725,0.6236608267490594,1.078154575391601,-3.863533493131399e-08,-0.00039005279541015625,0.0,-0.0004945993423461914,0.037962089891958664,0.6660220616814395,0.8255923517693396,0.7570929662683148,3.4451079950174686,0.1814653093913966,34.73010240325101,210.238095104813,True,False,0.002,0.9945652173913043
5,ns_muon_matrix_trajectory,1,ns_momentum,5000,2000,0.368,0.368,0.7294494076528412,0.7278035708018025,0.7484784756300692,1.3425453910133955,-4.655157681554556e-08,-0.0001399517059326172,0.0,-0.00017023086547851562,0.049551486105719966,0.47853188758822945,0.8255923517693396,0.3595870071933555,1.8992923887055968,0.38200945728014307,34.73010240325101,106.1369251308311,True,False,0.001,0.9972826086956521
5,ns_muon_matrix_trajectory,2,polar_grad,5000,2000,0.368,0.368,0.6039075702427098,0.6128878145970614,0.6182125051364761,1.0,8.396455086767673e-09,-0.0005216598510742188,0.0,-0.000613093376159668,-0.0032761634065856665,1.0,0.7755337038041107,1.0,2.5489733385507574,0.12049648885358913,38.90025070103318,210.23809510689875,True,False,0.0,0.998641304347826
5,ns_muon_matrix_trajectory,2,polar_momentum,5000,2000,0.368,0.368,0.6690712085087052,0.6763807069555319,0.678018438552957,1.1079033307030846,-3.624882083386183e-08,-0.0004100799560546875,0.0,-0.0004355907440185547,0.052539258648070596,0.576948943033105,0.7755337038041107,0.690941490035736,3.6891320539833976,0.17439576067321494,38.90025070103318,210.23809509926545,True,False,0.0,0.9972826086956521
5,ns_muon_matrix_trajectory,2,ns_momentum,5000,2000,0.368,0.368,0.8582039053658923,0.860605123811167,0.8709680629529089,1.421084860752749,-1.442094799131155e-08,9.5367431640625e-07,0.0005000000000000004,6.079673767089844e-06,0.02090180863919629,0.41915636624886343,0.7755337038041107,0.32421725443494487,2.0147129082896598,0.3716080410335076,38.90025070103318,103.18421371107408,True,False,0.0005,0.9959239130434783
6,adamw_matrix_trajectory,0,polar_grad,5000,2000,0.368,0.368,0.6199669228272465,0.6326031776149713,0.6400876173143176,1.0,2.421438694000244e-08,-0.0002760887145996094,0.0,-0.00019812583923339844,-0.03669164815179053,1.0,1.0000000135817304,1.0,2.7754263660883054,0.13163243058716712,30.80263142748956,210.23809510182565,True,False,0.0005,0.998641304347826
6,adamw_matrix_trajectory,0,polar_momentum,5000,2000,0.368,0.368,0.619461567056538,0.6320677626123119,0.6374699752391922,0.999184866559648,2.745946403592825e-08,-0.00027298927307128906,0.0,-0.0002008676528930664,-0.04160885821059419,0.9999999790492288,1.0000000135817304,1.0000004059078702,2.775424684244266,0.13163261598221493,30.80263142748956,210.23809510267742,True,True,0.0005,0.998641304347826
6,adamw_matrix_trajectory,0,ns_momentum,5000,2000,0.368,0.368,0.7083335796352109,0.7195576013655808,0.7274547910180724,1.142534470072991,4.2826286517083645e-08,-0.0002734661102294922,0.0005000000000000004,-0.00032520294189453125,-0.06489394261461509,0.6590171338533988,1.0000000135817304,0.4903205207079093,1.5530559274005846,0.2684258576158617,30.80263142748956,108.46105291924844,True,False,0.001,0.998641304347826
6,adamw_matrix_trajectory,1,polar_grad,5000,2000,0.0,0.0,0.49864246127475803,0.5050958354133911,0.5046655566405764,1.0,0.000919342041015625,0.040462493896484375,0.0,0.040496826171875,-0.0017279063361863903,0.9999999999999998,1.000000021852184,1.0,6.835234989639734,0.22198458858369532,6.064034999584312,210.23809504590992,True,False,0.004,
6,adamw_matrix_trajectory,1,polar_momentum,5000,2000,0.0,0.0,0.4984453771507977,0.5047464213977363,0.5053926484906478,0.9996047586411785,0.001140594482421875,0.040355682373046875,0.0,0.040363311767578125,-0.00022255796970024628,0.9756492685906274,1.000000021852184,1.0000002318778505,6.835244009405489,0.22192029202742117,6.064034999584312,210.2380950999258,True,True,0.003,
6,adamw_matrix_trajectory,1,ns_momentum,5000,2000,0.0,0.0,0.9046126156655474,0.9061535980790018,0.8740314302487395,1.8141507912361576,0.00177001953125,0.0079803466796875,0.0,0.00792694091796875,0.004059898590131025,0.41002908921424175,1.000000021852184,0.563758707726894,1.6202702345327373,0.39358925646799947,6.064034999584312,38.55295556566737,True,False,0.005,
6,adamw_matrix_trajectory,2,polar_grad,5000,2000,0.03,0.03,0.433665368569105,0.43375322204665195,0.4341751087933887,1.0,-0.0006780624389648438,0.024173736572265625,0.0,0.024797439575195312,0.009786289999567805,1.0000000000000002,0.5824064805961504,1.0,6.221229103257523,0.22347628504050654,6.753763310292923,210.23809509295748,True,False,0.0015,0.95
6,adamw_matrix_trajectory,2,polar_momentum,5000,2000,0.03,0.03,0.5940946606342353,0.5980167344763111,0.5513966491611753,1.36993798373726,-0.000156402587890625,0.019063949584960938,0.0,0.019474029541015625,0.0022573158367498176,0.6090334016741573,0.5824064805961504,0.7175438615779884,8.670181267154861,0.3114470643301537,6.753763310292923,210.238095102302,True,False,0.0025,0.95
6,adamw_matrix_trajectory,2,ns_momentum,5000,2000,0.03,0.03,1.1603521039152769,1.1691802489088514,1.063263984433711,2.6756854201752422,-0.00020885467529296875,-0.0007877349853515625,0.0,-0.0011119842529296875,0.003014342489318354,0.26021454763338714,0.5824064805961504,0.380693472696477,2.350068649729851,0.5869279838077519,6.753763310292923,41.34815395007102,False,False,0.003,0.9333333333333333
6,ns_muon_matrix_trajectory,0,polar_grad,5000,2000,0.368,0.368,0.6199669228272465,0.6326031776149713,0.6400876173143176,1.0,2.421438694000244e-08,-0.0002760887145996094,0.0,-0.00019812583923339844,-0.03669164815179053,1.0,1.0000000135817304,1.0,2.7754263660883054,0.13163243058716712,30.80263142748956,210.23809510182565,True,False,0.0005,0.998641304347826
6,ns_muon_matrix_trajectory,0,polar_momentum,5000,2000,0.368,0.368,0.619461567056538,0.6320677626123119,0.6374699752391922,0.999184866559648,2.745946403592825e-08,-0.00027298927307128906,0.0,-0.0002008676528930664,-0.04160885821059419,0.9999999790492288,1.0000000135817304,1.0000004059078702,2.775424684244266,0.13163261598221493,30.80263142748956,210.23809510267742,True,True,0.0005,0.998641304347826
6,ns_muon_matrix_trajectory,0,ns_momentum,5000,2000,0.368,0.368,0.7083335796352109,0.7195576013655808,0.7274547910180724,1.142534470072991,4.2826286517083645e-08,-0.0002734661102294922,0.0005000000000000004,-0.00032520294189453125,-0.06489394261461509,0.6590171338533988,1.0000000135817304,0.4903205207079093,1.5530559274005846,0.2684258576158617,30.80263142748956,108.46105291924844,True,False,0.001,0.998641304347826
6,ns_muon_matrix_trajectory,1,polar_grad,5000,2000,0.368,0.368,0.5288828180828303,0.5356674366553503,0.59524154904141,1.0,3.7107383832335472e-09,-0.0002903938293457031,0.0,-0.0004609823226928711,0.005475869133169914,1.0000000000000002,0.8815975539588773,1.0,2.7792161375544437,0.1366089414529479,31.565025607795093,210.23809510671634,True,False,0.001,0.9972826086956521
6,ns_muon_matrix_trajectory,1,polar_momentum,5000,2000,0.368,0.368,0.5597147141574284,0.5660057503646776,0.6622116917161535,1.0582962709704995,-9.167706593871117e-10,-0.0003323554992675781,0.0,-0.0003643035888671875,-0.0013528617858419786,0.7050191026271442,0.8815975539588773,0.8022474797647805,3.464288852824857,0.17028332389953674,31.565025607795093,210.23809510296093,True,False,0.0015,0.9972826086956521
6,ns_muon_matrix_trajectory,1,ns_momentum,5000,2000,0.368,0.368,0.7554205177845454,0.7586283233062331,0.8179836762837202,1.4283325000477445,2.561137080192566e-08,-0.0001220703125,0.0,-0.0002321004867553711,0.037794234017172745,0.4963511800235734,0.8815975539588773,0.36842429856275005,1.8289438509823253,0.37073969594483086,31.565025607795093,104.69209066594752,True,False,0.001,0.9959239130434783
6,ns_muon_matrix_trajectory,2,polar_grad,5000,2000,0.368,0.368,0.609202809506051,0.6237837820293426,0.6091879636810744,1.0,-8.65693436935544e-08,-0.0004703998565673828,0.0,-0.000530242919921875,0.019521132193983375,1.0000000000000002,0.7974203381370997,1.0,2.6889053719187523,0.1275608243815479,34.6018449856684,210.23809510605776,True,False,0.0005,0.998641304347826
6,ns_muon_matrix_trajectory,2,polar_momentum,5000,2000,0.368,0.368,0.6662845413932196,0.6789112570411671,0.6642262162446084,1.093699062112749,-3.7689460441470146e-08,-0.0002589225769042969,0.0,-0.0003412961959838867,-0.05238846252405459,0.5948992445380286,0.7974203381370997,0.7045042168137308,3.816737113054908,0.18106685983933649,34.6018449856684,210.23809510312938,True,False,0.001,0.998641304347826
6,ns_muon_matrix_trajectory,2,ns_momentum,5000,2000,0.368,0.368,0.8795414377055503,0.8856429728973717,0.8586937894039015,1.4437580128999947,-1.8131686374545097e-08,-9.799003601074219e-05,0.0005000000000000004,2.0384788513183594e-05,-0.02667441352148714,0.4223083970674583,0.7974203381370997,0.31788056304772805,2.017199006433627,0.40122772435286885,34.6018449856684,100.9999985679445,True,False,0.0,0.998641304347826
7,adamw_matrix_trajectory,0,polar_grad,5000,2000,0.3845,0.3845,0.5320510198290433,0.5380702314766068,0.5454955805812919,1.0,-9.265204425901175e-08,-0.0003752708435058594,0.0,-0.0006326436996459961,-0.12035605127050585,0.9999999999999998,0.999999972576115,1.0,2.5479174306934214,0.13251143296248952,36.50448818414835,210.2380951016575,True,False,0.0005,0.9960988296488947
7,adamw_matrix_trajectory,0,polar_momentum,5000,2000,0.3845,0.3845,0.5319402454310784,0.537953421475509,0.5423678962861856,0.9997917974144649,-9.2186382971704e-08,-0.00037217140197753906,0.0,-0.0006312131881713867,-0.11975115200230163,0.9999999719216672,0.999999972576115,0.9999997860224173,2.547917180340665,0.13251020624977605,36.50448818414835,210.23809510525106,True,True,0.0,0.9960988296488947
7,adamw_matrix_trajectory,0,ns_momentum,5000,2000,0.3845,0.3845,0.6317344342051591,0.6364143601316012,0.642385258851274,1.1873568711665012,-1.2136297300457954e-08,-0.00021147727966308594,0.0,-0.0004241466522216797,-0.01576518717757215,0.6883703558449736,0.999999972576115,0.5057116244098477,1.4716559300288545,0.2619924861278762,36.50448818414835,113.44089256360063,True,False,0.0,0.9960988296488947
7,adamw_matrix_trajectory,1,polar_grad,5000,2000,0.0035,0.0035,0.5528520494503251,0.5523172811925471,0.5564032296853935,1.0,0.0010528564453125,0.0188140869140625,0.0,0.019245147705078125,0.009605167627902042,0.9999999999999998,1.0000000014594281,1.0,7.002547635608464,0.31716991191101235,4.555980378040546,210.23808330320728,True,False,0.0035,0.7142857142857142
7,adamw_matrix_trajectory,1,polar_momentum,5000,2000,0.0035,0.0035,0.5519855595474059,0.5514653886505172,0.5557472204054482,0.9984326911625259,0.001178741455078125,0.01889801025390625,0.0,0.019315719604492188,0.010986483406525678,0.9851573121143362,1.0000000014594281,0.9999995367535648,7.002583622002016,0.31716763636311096,4.555980378040546,210.2380951052261,True,True,0.0035,0.7142857142857142
7,adamw_matrix_trajectory,1,ns_momentum,5000,2000,0.0035,0.0035,0.8855482149374345,0.8848525718841553,0.9187084608094759,1.6017815540665783,0.0001068115234375,0.0024547576904296875,0.0,0.0025386810302734375,-0.0007756297387240718,0.391489668936163,1.0000000014594281,0.570554367630744,1.3956813331030153,0.5558211404901603,4.555980378040546,35.59722963348344,True,False,0.004,0.7142857142857142
7,adamw_matrix_trajectory,2,polar_grad,5000,2000,0.0,0.0,0.6828458141764651,0.6760514894383786,0.620770000650083,1.0,0.002796173095703125,0.034130096435546875,0.0,0.034503936767578125,-0.001597707717108529,1.0,0.7887444870952546,1.0,7.320466606206336,0.220571982722114,6.391613244513329,210.2380950986993,True,False,0.002,
7,adamw_matrix_trajectory,2,polar_momentum,5000,2000,0.0,0.0,0.9624494122407399,0.9634352720765996,0.6821102178215919,1.409468129202031,0.0025787353515625,0.028964996337890625,0.0,0.029483795166015625,-0.002948283720003027,0.6638293062561124,0.7887444870952546,0.8270266792897053,8.851562431946183,0.26670507326162446,6.391613244513329,210.23809510304793,True,False,0.0025,
7,adamw_matrix_trajectory,2,ns_momentum,5000,2000,0.0,0.0,1.5032786529173385,1.5043272872038713,1.0194381880336874,2.2014906172198523,0.0025634765625,-0.000202178955078125,0.0,0.000179290771484375,-0.003043060983364045,0.27956607995677824,0.7887444870952546,0.4736116784855291,2.1420419180860963,0.4656443465740662,6.391613244513329,35.37624268742184,False,False,0.0025,
7,ns_muon_matrix_trajectory,0,polar_grad,5000,2000,0.3845,0.3845,0.5320510198290433,0.5380702314766068,0.5454955805812919,1.0,-9.265204425901175e-08,-0.0003752708435058594,0.0,-0.0006326436996459961,-0.12035605127050585,0.9999999999999998,0.999999972576115,1.0,2.5479174306934214,0.13251143296248952,36.50448818414835,210.2380951016575,True,False,0.0005,0.9960988296488947
7,ns_muon_matrix_trajectory,0,polar_momentum,5000,2000,0.3845,0.3845,0.5319402454310784,0.537953421475509,0.5423678962861856,0.9997917974144649,-9.2186382971704e-08,-0.00037217140197753906,0.0,-0.0006312131881713867,-0.11975115200230163,0.9999999719216672,0.999999972576115,0.9999997860224173,2.547917180340665,0.13251020624977605,36.50448818414835,210.23809510525106,True,True,0.0,0.9960988296488947
7,ns_muon_matrix_trajectory,0,ns_momentum,5000,2000,0.3845,0.3845,0.6317344342051591,0.6364143601316012,0.642385258851274,1.1873568711665012,-1.2136297300457954e-08,-0.00021147727966308594,0.0,-0.0004241466522216797,-0.01576518717757215,0.6883703558449736,0.999999972576115,0.5057116244098477,1.4716559300288545,0.2619924861278762,36.50448818414835,113.44089256360063,True,False,0.0,0.9960988296488947
7,ns_muon_matrix_trajectory,1,polar_grad,5000,2000,0.384,0.384,0.5841564174464514,0.5894258589868105,0.6166792210895982,1.0,-9.821087587624788e-08,-0.0002377033233642578,0.0,-0.0003587007522583008,0.01592484479643401,1.0,0.8918143638379025,1.0,2.6897535848290444,0.13362438496520807,33.5024354749055,210.23809510091905,True,False,0.0,0.9973958333333333
7,ns_muon_matrix_trajectory,1,polar_momentum,5000,2000,0.384,0.384,0.6125014680311776,0.6176729609425355,0.6335709913623943,1.0485230492008153,-2.7488567866384983e-08,-0.00017213821411132812,0.0,-0.00020229816436767578,-0.034290505568939665,0.7127823114157947,0.8918143638379025,0.8135583333432261,3.3061592356293628,0.16424753084101737,33.5024354749055,210.2380951033556,True,False,0.0005,0.9973958333333333
7,ns_muon_matrix_trajectory,1,ns_momentum,5000,2000,0.384,0.384,0.7869829601633505,0.7902241535577671,0.8414170155937538,1.3472127270355494,-4.6711647883057594e-09,-8.7738037109375e-05,0.0,-5.5670738220214844e-05,-0.005827026091916168,0.5170942532788375,0.8918143638379025,0.3873984091049869,1.745877059678113,0.34487832821965053,33.5024354749055,106.54649192996376,True,False,0.0005,0.9973958333333333
7,ns_muon_matrix_trajectory,2,polar_grad,5000,2000,0.3835,0.3835,0.5744657836014153,0.5823425918365394,0.5784399447654316,1.0,3.259629011154175e-09,-0.0003962516784667969,-0.0005000000000000004,-0.00047528743743896484,-0.004621490156174388,1.0,0.7902185588539263,1.0,2.6412194824423962,0.12803420639338284,34.14028433420853,210.2380951024328,True,False,0.001,0.998696219035202
7,ns_muon_matrix_trajectory,2,polar_momentum,5000,2000,0.3835,0.3835,0.64501551593957,0.651804827380631,0.6624630549780305,1.1228092853431015,1.909211277961731e-08,-0.0002346038818359375,0.0,-0.00018286705017089844,-0.027068728057592844,0.5584368457647887,0.7902185588539263,0.6716067572304997,3.932691175804166,0.1906384181046114,34.14028433420853,210.23809510158324,True,False,0.0005,0.998696219035202
7,ns_muon_matrix_trajectory,2,ns_momentum,5000,2000,0.3835,0.3835,0.8907162521362956,0.8945996870979103,0.8759220013248064,1.550512280387279,4.377216100692749e-08,-9.608268737792969e-05,0.0,0.0001271963119506836,-0.00553815447599074,0.4112320919397304,0.7902185588539263,0.3081438765011503,2.0173212119623174,0.41543767225134554,34.14028433420853,102.2389479683861,True,False,0.0,0.998696219035202
8,adamw_matrix_trajectory,0,polar_grad,5000,2000,0.37,0.37,0.620183831656597,0.6316331377384002,0.638935404714113,1.0,9.74978320300579e-09,-0.0005338191986083984,0.0,-0.0007294416427612305,-0.01083042898391516,1.0000000000000002,1.000000006296705,1.0,2.575038607704707,0.12354591594877101,36.289990008098144,210.23809510275382,True,False,0.0005,0.9972972972972973
8,adamw_matrix_trajectory,0,polar_momentum,5000,2000,0.37,0.37,0.6202725163812904,0.631726874985804,0.6386238409853815,1.0001429974794034,9.74978320300579e-09,-0.0005331039428710938,0.0,-0.000728607177734375,-0.01083042898391516,1.0000000043198256,1.000000006296705,1.000000504067422,2.5750381215194063,0.12354581416085167,36.289990008098144,210.23809510624986,True,False,0.0005,0.9972972972972973
8,adamw_matrix_trajectory,0,ns_momentum,5000,2000,0.37,0.37,0.6817287500417161,0.6922527012315962,0.6781241591228324,1.0992365734861618,-5.1513779908418655e-09,-0.00045990943908691406,0.0,-0.0005189180374145508,0.008952021715480473,0.6645187173648908,1.000000006296705,0.520390838968012,1.5172843806419447,0.2373760877493295,36.289990008098144,110.76294496371165,True,False,0.001,0.9972972972972973
8,adamw_matrix_trajectory,1,polar_grad,5000,2000,0.014,0.014,0.44162255819958296,0.43910289252800205,0.4284864231996246,1.0,-0.00103759765625,0.030984878540039062,0.0,0.03170013427734375,0.011667970733983993,1.0,1.0000000021680333,1.0,6.493189399665447,0.23219096395061886,6.153811324464361,210.23809510282612,True,False,0.003,0.9642857142857142
8,adamw_matrix_trajectory,1,polar_momentum,5000,2000,0.014,0.014,0.4412334408963511,0.4386618717961277,0.42909430862402625,0.9991188916960713,-0.000720977783203125,0.030954360961914062,0.0,0.03167724609375,0.00810752378206976,0.9820947105890404,1.0000000021680333,1.0000002834089408,6.493190108789608,0.2321902033434145,6.153811324464361,210.23809510282794,True,True,0.003,0.9642857142857142
8,adamw_matrix_trajectory,1,ns_momentum,5000,2000,0.014,0.014,0.8298403564026796,0.8271517456159884,0.804873388095542,1.8790714853557116,-0.00074005126953125,0.00843048095703125,0.0,0.008699417114257812,0.008322008538209172,0.42227193954983777,1.0000000021680333,0.5463959424299856,1.573782525842999,0.42488466957701826,6.153811324464361,40.88255709860099,True,False,0.005,0.9642857142857142
8,adamw_matrix_trajectory,2,polar_grad,5000,2000,0.0,0.0,0.5283112663227244,0.5326933703060682,0.4864035672950286,1.0,0.001708984375,0.043621063232421875,0.0,0.043651580810546875,-0.011904162457805656,1.0,0.8016117519023565,1.0,6.796889108489116,0.194574887883029,7.154407277142964,210.2380951041518,True,False,0.0015,
8,adamw_matrix_trajectory,2,polar_momentum,5000,2000,0.0,0.0,0.6210564497513151,0.6133937695515655,0.5689003011524392,1.1755502661795147,0.0028553009033203125,0.03481292724609375,0.0,0.03479766845703125,-0.007394663773175967,0.6865421672073838,0.8016117519023565,0.8292991183505211,8.19595656804147,0.23462897739670205,7.154407277142964,210.23809510348423,True,False,0.001,
8,adamw_matrix_trajectory,2,ns_momentum,5000,2000,0.0,0.0,1.07696821057193,1.065354788174122,0.9540377078882412,2.0385107780647878,0.0010967254638671875,0.002361297607421875,0.0,0.002323150634765625,-0.007639389970131978,0.3139226546262298,0.8016117519023565,0.4688345714811188,2.19695065775954,0.4149547770904125,7.154407277142964,41.102567039245116,False,False,0.003,
8,ns_muon_matrix_trajectory,0,polar_grad,5000,2000,0.37,0.37,0.620183831656597,0.6316331377384002,0.638935404714113,1.0,9.74978320300579e-09,-0.0005338191986083984,0.0,-0.0007294416427612305,-0.01083042898391516,1.0000000000000002,1.000000006296705,1.0,2.575038607704707,0.12354591594877101,36.289990008098144,210.23809510275382,True,False,0.0005,0.9972972972972973
8,ns_muon_matrix_trajectory,0,polar_momentum,5000,2000,0.37,0.37,0.6202725163812904,0.631726874985804,0.6386238409853815,1.0001429974794034,9.74978320300579e-09,-0.0005331039428710938,0.0,-0.000728607177734375,-0.01083042898391516,1.0000000043198256,1.000000006296705,1.000000504067422,2.5750381215194063,0.12354581416085167,36.289990008098144,210.23809510624986,True,False,0.0005,0.9972972972972973
8,ns_muon_matrix_trajectory,0,ns_momentum,5000,2000,0.37,0.37,0.6817287500417161,0.6922527012315962,0.6781241591228324,1.0992365734861618,-5.1513779908418655e-09,-0.00045990943908691406,0.0,-0.0005189180374145508,0.008952021715480473,0.6645187173648908,1.000000006296705,0.520390838968012,1.5172843806419447,0.2373760877493295,36.289990008098144,110.76294496371165,True,False,0.001,0.9972972972972973
8,ns_muon_matrix_trajectory,1,polar_grad,5000,2000,0.3705,0.3705,0.5735824271416972,0.5871981284414672,0.5837447359495801,1.0,2.88418959826231e-08,-0.00038051605224609375,-0.0005000000000000004,-0.0004037618637084961,-0.04630264502107565,1.0,0.85396475134728,1.0,2.7456086291502264,0.12520483969240695,32.69039868668875,210.23809510227758,True,False,0.0015,0.9959514170040485
8,ns_muon_matrix_trajectory,1,polar_momentum,5000,2000,0.3705,0.3705,0.6135229600632994,0.6272544632223916,0.6293522608709881,1.0696334668421343,5.305628292262554e-08,-0.00032138824462890625,0.0,-0.00028252601623535156,-0.08517630865128245,0.702201309377967,0.85396475134728,0.7863849703270236,3.491432045487053,0.15921743770683083,32.69039868668875,210.23809510239266,True,False,0.0025,0.9973009446693657
8,ns_muon_matrix_trajectory,1,ns_momentum,5000,2000,0.3705,0.3705,0.7228852558050533,0.7311576114178729,0.7560282491491186,1.2602988194867981,2.6047928258776665e-08,-0.00020885467529296875,0.0,-0.0002875328063964844,-0.041817222294513325,0.48835726716934796,0.85396475134728,0.3875697188165632,1.935418881344146,0.3230046506657746,32.69039868668875,107.16963403353029,True,False,0.001,0.9959514170040485
8,ns_muon_matrix_trajectory,2,polar_grad,5000,2000,0.37,0.37,0.6157351139127811,0.6333282067968811,0.5855811266617191,1.0,-4.0512531995773315e-08,-0.0004718303680419922,0.0,-0.0005232095718383789,0.06604056228414948,1.0000000000000002,0.7934042405956789,1.0,2.621054144602679,0.1201730613671512,34.882394632186276,210.23809510879016,True,False,0.0015,0.9972972972972973
8,ns_muon_matrix_trajectory,2,polar_momentum,5000,2000,0.37,0.37,0.6857926420728355,0.7003420625503965,0.6887826098162658,1.1137786794630948,4.562025424093008e-08,-0.0002760887145996094,0.0,-0.00034236907958984375,-0.040535716107184185,0.5851495636590823,0.7934042405956789,0.6888694849521603,3.804865790149029,0.17445114073240361,34.882394632186276,210.23809510116877,True,False,0.0015,0.9972972972972973
8,ns_muon_matrix_trajectory,2,ns_momentum,5000,2000,0.37,0.37,0.8737512604877564,0.8797940063573838,0.8533696879943276,1.4190375710999703,8.053757483139634e-08,-5.7697296142578125e-05,0.0,-0.00011014938354492188,0.016383942370120655,0.4144080743547216,0.7934042405956789,0.3209686720467265,2.082249508138736,0.3743577535669117,34.882394632186276,101.82851702280402,True,False,0.0005,0.995945945945946
9,adamw_matrix_trajectory,0,polar_grad,5000,2000,0.3645,0.3645,0.6106919120009874,0.6182243941742477,0.6484134293012913,1.0,-2.7474015951156616e-08,-0.0005412101745605469,0.0005000000000000004,-0.00034749507904052734,-0.075056428977705,1.0,0.9999999881543333,1.0,2.846949983647377,0.13425122872102616,29.91003089083866,210.238095106347,True,False,0.001,0.9999999999999999
9,adamw_matrix_trajectory,0,polar_momentum,5000,2000,0.3645,0.3645,0.6098934668169477,0.6174208767216092,0.6463792569729638,0.9986925564783993,-2.8870999813079834e-08,-0.0005476474761962891,0.0005000000000000004,-0.0003412961959838867,-0.07887285756979169,0.9999999809932201,0.9999999881543333,0.999999470913382,2.846952692252951,0.13425095126506484,29.91003089083866,210.2380951093097,True,True,0.001,0.9999999999999999
9,adamw_matrix_trajectory,0,ns_momentum,5000,2000,0.3645,0.3645,0.7062669445725673,0.7120562905359077,0.72010244541007,1.1565028628894394,-6.526533979922533e-09,-0.00034618377685546875,0.0005000000000000004,-0.0003057718276977539,-0.017829877328655028,0.6481450484729457,0.9999999881543333,0.4909388974774477,1.5920852918646196,0.2734168158406209,29.91003089083866,106.45022384119503,True,False,0.002,0.9999999999999999
9,adamw_matrix_trajectory,1,polar_grad,5000,2000,0.0,0.0,0.699159658043079,0.6993379783875198,0.6749676328835281,1.0,0.00278472900390625,0.03717803955078125,0.0,0.0371856689453125,0.0087040015354481,1.0,0.9999999987664305,1.0,8.33995667542763,0.266176146183957,4.428200884609698,210.23809510398942,True,False,0.002,
9,adamw_matrix_trajectory,1,polar_momentum,5000,2000,0.0,0.0,0.6986143126004236,0.6987399240116061,0.6740588527834365,0.9992199986993218,0.0027313232421875,0.037303924560546875,0.0,0.037303924560546875,0.008460610768268232,0.9733453202170652,0.9999999987664305,0.9999977582867168,8.339983799655654,0.2661704972691806,4.428200884609698,210.23809510166544,True,True,0.002,
9,adamw_matrix_trajectory,1,ns_momentum,5000,2000,0.0,0.0,0.9728057048815604,0.9743229593630329,0.9258160898890798,1.3913927865981373,0.000743865966796875,0.0076751708984375,0.0,0.007671356201171875,-0.0005970027817825577,0.3482167002488329,0.9999999987664305,0.6206184870072323,1.6168695165682205,0.4288059611178494,4.428200884609698,28.084125082704265,True,False,0.002,
9,adamw_matrix_trajectory,2,polar_grad,5000,2000,0.0,0.0,0.7358951270015163,0.7297990590109465,0.6548082247289484,1.0,-0.00101470947265625,0.04834747314453125,0.0,0.04880523681640625,0.0037685754643069155,1.0,0.5563326700924135,1.0,8.475546981740894,0.2891439034295103,4.289563781779052,210.23809510773026,True,False,0.003,
9,adamw_matrix_trajectory,2,polar_momentum,5000,2000,0.0,0.0,0.7402353605618922,0.743052204516689,0.8098429306965165,1.0058978968620986,-0.000827789306640625,0.02548980712890625,0.0,0.0254974365234375,0.0030743641945661683,0.4935707689201454,0.5563326700924135,0.689798130643562,12.287154981857585,0.41917602536558257,4.289563781779052,210.23809510615752,True,False,0.005,
9,adamw_matrix_trajectory,2,ns_momentum,5000,2000,0.0,0.0,0.9987256199870322,1.002188051144499,1.094629754503097,1.3571575396299294,-0.000102996826171875,-0.01248931884765625,0.0,-0.01274871826171875,0.0003825245772040853,0.18575161856044092,0.5563326700924135,0.4476383538102173,2.6270758874819293,0.6458364222051888,4.289563781779052,28.88119290467573,True,False,0.009000000000000001,
9,ns_muon_matrix_trajectory,0,polar_grad,5000,2000,0.3645,0.3645,0.6106919120009874,0.6182243941742477,0.6484134293012913,1.0,-2.7474015951156616e-08,-0.0005412101745605469,0.0005000000000000004,-0.00034749507904052734,-0.075056428977705,1.0,0.9999999881543333,1.0,2.846949983647377,0.13425122872102616,29.91003089083866,210.238095106347,True,False,0.001,0.9999999999999999
9,ns_muon_matrix_trajectory,0,polar_momentum,5000,2000,0.3645,0.3645,0.6098934668169477,0.6174208767216092,0.6463792569729638,0.9986925564783993,-2.8870999813079834e-08,-0.0005476474761962891,0.0005000000000000004,-0.0003412961959838867,-0.07887285756979169,0.9999999809932201,0.9999999881543333,0.999999470913382,2.846952692252951,0.13425095126506484,29.91003089083866,210.2380951093097,True,True,0.001,0.9999999999999999
9,ns_muon_matrix_trajectory,0,ns_momentum,5000,2000,0.3645,0.3645,0.7062669445725673,0.7120562905359077,0.72010244541007,1.1565028628894394,-6.526533979922533e-09,-0.00034618377685546875,0.0005000000000000004,-0.0003057718276977539,-0.017829877328655028,0.6481450484729457,0.9999999881543333,0.4909388974774477,1.5920852918646196,0.2734168158406209,29.91003089083866,106.45022384119503,True,False,0.002,0.9999999999999999
9,ns_muon_matrix_trajectory,1,polar_grad,5000,2000,0.366,0.366,0.5988948960554127,0.601616058726509,0.6315091258733428,1.0,1.631269697099924e-08,-0.0003139972686767578,-0.0005000000000000004,-0.00034439563751220703,-0.04145096112798381,1.0000000000000002,0.923549387746131,1.0,3.2079514939538947,0.11311423158649292,26.494579410030195,210.23809510851765,True,False,0.0015,0.994535519125683
9,ns_muon_matrix_trajectory,1,polar_momentum,5000,2000,0.366,0.366,0.6174916563728686,0.6200264860862158,0.6158203116094453,1.031051792960572,1.5839759726077318e-08,-0.0003108978271484375,-0.0005000000000000004,-0.0004063844680786133,-0.040249216046218006,0.7269531096119396,0.923549387746131,0.8278110185243631,3.87522297085625,0.13664173984280997,26.494579410030195,210.23809511035847,True,False,0.001,0.994535519125683
9,ns_muon_matrix_trajectory,1,ns_momentum,5000,2000,0.366,0.366,0.7315628352031645,0.7318150650228762,0.7386840109243092,1.2215212385705099,1.0251824278384447e-08,-1.33514404296875e-05,-0.0005000000000000004,-1.4066696166992188e-05,-0.02605013569550811,0.49059245355608466,0.923549387746131,0.39965233815652224,1.8779805979869095,0.2829912700647705,26.494579410030195,94.67232053767185,True,False,0.001,0.994535519125683
9,ns_muon_matrix_trajectory,2,polar_grad,5000,2000,0.367,0.367,0.6287606752305793,0.6358557525018904,0.6430245155285703,1.0,-2.7474015951156616e-08,-0.0006358623504638672,-0.0005000000000000004,-0.0006318092346191406,0.06608821166059914,1.0,0.8534833321202803,1.0,2.9349949460980196,0.1393862461481409,27.353704655805238,210.23809510957494,True,False,0.0025,0.9918256130790191
9,ns_muon_matrix_trajectory,2,polar_momentum,5000,2000,0.367,0.367,0.6850811601962368,0.6912809903226375,0.7429696346588761,1.089573803172413,-8.847564458847046e-09,-0.0003991127014160156,0.0005000000000000004,-0.0003427267074584961,0.016207963225786774,0.6005649604976053,0.8534833321202803,0.7121446448396974,4.121348836617299,0.19572909563233087,27.353704655805238,210.23809510532763,True,False,0.0045000000000000005,0.9918256130790191
9,ns_muon_matrix_trajectory,2,ns_momentum,5000,2000,0.367,0.367,0.9331953302680139,0.9363809553438368,1.0055189794022552,1.4841820855380186,-2.839806256815791e-08,-9.679794311523438e-05,0.0,0.00013589859008789062,0.06856273961029491,0.4078335352838894,0.8534833321202803,0.32330548427302763,1.9596764082181393,0.4310614734896302,27.353704655805238,87.59448070696055,True,False,0.0025,0.9918256130790191
