seed,recipe,class_id,train_count,frequency_group,test_examples,loss,accuracy,mean_margin
0,adamw_aug_ce,0,500,many,100,0.3002069294452667,0.96,9.006354331970215
0,adamw_aug_ce,1,477,many,100,0.5268661975860596,0.88,7.205721378326416
0,adamw_aug_ce,2,456,many,100,1.1902844905853271,0.71,3.5296764373779297
0,adamw_aug_ce,3,435,many,100,1.7121484279632568,0.61,1.704073429107666
0,adamw_aug_ce,4,415,many,100,1.7276215553283691,0.65,2.311645984649658
0,adamw_aug_ce,5,396,many,100,1.2654340267181396,0.71,3.2349953651428223
0,adamw_aug_ce,6,378,many,100,0.9007386565208435,0.81,5.0298943519592285
0,adamw_aug_ce,7,361,many,100,1.4450329542160034,0.72,3.7405834197998047
0,adamw_aug_ce,8,345,many,100,1.0651408433914185,0.79,5.37978982925415
0,adamw_aug_ce,9,329,many,100,1.310232400894165,0.72,3.815755605697632
0,adamw_aug_ce,10,314,many,100,2.4737908840179443,0.44,-0.3698357343673706
0,adamw_aug_ce,11,300,many,100,2.6610138416290283,0.46,0.22723068296909332
0,adamw_aug_ce,12,286,many,100,0.7472283244132996,0.79,4.598875522613525
0,adamw_aug_ce,13,273,many,100,0.9284190535545349,0.74,4.3866472244262695
0,adamw_aug_ce,14,261,many,100,1.8891946077346802,0.58,0.9628502726554871
0,adamw_aug_ce,15,249,many,100,1.7460250854492188,0.64,2.3423542976379395
0,adamw_aug_ce,16,238,many,100,1.6233047246932983,0.61,2.821753740310669
0,adamw_aug_ce,17,227,many,100,0.8906587362289429,0.81,6.131636619567871
0,adamw_aug_ce,18,216,many,100,3.341083288192749,0.49,-0.5649701952934265
0,adamw_aug_ce,19,207,many,100,2.9498562812805176,0.49,-0.21662688255310059
0,adamw_aug_ce,20,197,many,100,0.9628583788871765,0.84,5.904563903808594
0,adamw_aug_ce,21,188,many,100,1.0985912084579468,0.74,5.660967826843262
0,adamw_aug_ce,22,180,many,100,3.0549871921539307,0.46,0.3628278374671936
0,adamw_aug_ce,23,172,many,100,0.6565325856208801,0.8300000000000001,5.329362869262695
0,adamw_aug_ce,24,164,many,100,1.4187170267105103,0.6900000000000001,3.204077959060669
0,adamw_aug_ce,25,156,many,100,3.4547438621520996,0.3,-1.6877034902572632
0,adamw_aug_ce,26,149,many,100,3.1244537830352783,0.43,-0.7599785923957825
0,adamw_aug_ce,27,142,many,100,2.9761016368865967,0.46,-0.8529936671257019
0,adamw_aug_ce,28,136,many,100,3.079774856567383,0.52,-0.05421430617570877
0,adamw_aug_ce,29,130,many,100,2.5686111450195312,0.48,0.5251266956329346
0,adamw_aug_ce,30,124,many,100,1.3266525268554688,0.6900000000000001,2.325659990310669
0,adamw_aug_ce,31,118,many,100,2.6414084434509277,0.48,-0.31909507513046265
0,adamw_aug_ce,32,113,many,100,3.034910202026367,0.44,-0.7146359086036682
0,adamw_aug_ce,33,108,many,100,2.209845781326294,0.5700000000000001,0.8321346640586853
0,adamw_aug_ce,34,103,many,100,3.1310675144195557,0.43,-1.0961092710494995
0,adamw_aug_ce,35,98,medium,100,4.063246250152588,0.25,-3.0426995754241943
0,adamw_aug_ce,36,94,medium,100,3.3632755279541016,0.41000000000000003,-0.994924008846283
0,adamw_aug_ce,37,89,medium,100,2.7079813480377197,0.46,-0.7510963082313538
0,adamw_aug_ce,38,85,medium,100,4.3306050300598145,0.31,-3.0976529121398926
0,adamw_aug_ce,39,81,medium,100,3.22927188873291,0.5,-0.7032991647720337
0,adamw_aug_ce,40,78,medium,100,4.7986555099487305,0.21,-3.634005069732666
0,adamw_aug_ce,41,74,medium,100,1.4180285930633545,0.71,3.615328788757324
0,adamw_aug_ce,42,71,medium,100,2.7566077709198,0.5,-0.2800077497959137
0,adamw_aug_ce,43,68,medium,100,2.9381890296936035,0.47000000000000003,-0.953266978263855
0,adamw_aug_ce,44,65,medium,100,5.274092197418213,0.16,-4.513005256652832
0,adamw_aug_ce,45,62,medium,100,4.2932024002075195,0.26,-3.1452648639678955
0,adamw_aug_ce,46,59,medium,100,5.443113803863525,0.16,-4.701114177703857
0,adamw_aug_ce,47,56,medium,100,2.516082525253296,0.46,0.23860688507556915
0,adamw_aug_ce,48,54,medium,100,1.4021536111831665,0.6,1.4337093830108643
0,adamw_aug_ce,49,51,medium,100,3.2469141483306885,0.47000000000000003,-1.2787896394729614
0,adamw_aug_ce,50,49,medium,100,5.219456672668457,0.15,-4.371939182281494
0,adamw_aug_ce,51,47,medium,100,4.086526870727539,0.18,-3.056622266769409
0,adamw_aug_ce,52,45,medium,100,1.735102891921997,0.59,1.1176393032073975
0,adamw_aug_ce,53,42,medium,100,1.3016843795776367,0.6900000000000001,1.9711920022964478
0,adamw_aug_ce,54,41,medium,100,3.4911909103393555,0.33,-2.214845657348633
0,adamw_aug_ce,55,39,medium,100,5.992393970489502,0.09,-5.314416408538818
0,adamw_aug_ce,56,37,medium,100,2.647995948791504,0.39,-0.4559754729270935
0,adamw_aug_ce,57,35,medium,100,4.885061264038086,0.22,-3.833505153656006
0,adamw_aug_ce,58,34,medium,100,4.8554887771606445,0.19,-4.162386894226074
0,adamw_aug_ce,59,32,medium,100,3.407214879989624,0.38,-1.7203377485275269
0,adamw_aug_ce,60,31,medium,100,2.1733102798461914,0.56,0.31012505292892456
0,adamw_aug_ce,61,29,medium,100,5.73967170715332,0.1,-5.14510440826416
0,adamw_aug_ce,62,28,medium,100,2.951326370239258,0.39,-1.5757018327713013
0,adamw_aug_ce,63,27,medium,100,5.327894687652588,0.12,-4.721498489379883
0,adamw_aug_ce,64,25,medium,100,6.480013370513916,0.05,-5.890603065490723
0,adamw_aug_ce,65,24,medium,100,6.188409328460693,0.1,-5.520447254180908
0,adamw_aug_ce,66,23,medium,100,5.254969596862793,0.13,-4.37021541595459
0,adamw_aug_ce,67,22,medium,100,5.692419528961182,0.12,-5.028758525848389
0,adamw_aug_ce,68,21,medium,100,3.3905856609344482,0.33,-1.8542022705078125
0,adamw_aug_ce,69,20,medium,100,4.060018539428711,0.29,-2.6531004905700684
0,adamw_aug_ce,70,19,few,100,4.411371231079102,0.24,-3.30078125
0,adamw_aug_ce,71,18,few,100,4.756933689117432,0.15,-4.121450901031494
0,adamw_aug_ce,72,18,few,100,7.461984157562256,0.03,-7.018803596496582
0,adamw_aug_ce,73,17,few,100,5.475799560546875,0.08,-4.893083095550537
0,adamw_aug_ce,74,16,few,100,6.322780132293701,0.07,-5.677486419677734
0,adamw_aug_ce,75,15,few,100,4.5365471839904785,0.17,-3.748978853225708
0,adamw_aug_ce,76,15,few,100,3.939527988433838,0.3,-2.781872510910034
0,adamw_aug_ce,77,14,few,100,6.435336112976074,0.05,-5.866255760192871
0,adamw_aug_ce,78,13,few,100,7.065548896789551,0.02,-6.534762859344482
0,adamw_aug_ce,79,13,few,100,7.613512992858887,0.04,-7.041611194610596
0,adamw_aug_ce,80,12,few,100,7.361181735992432,0.01,-6.675346374511719
0,adamw_aug_ce,81,12,few,100,7.013123989105225,0.0,-6.706824779510498
0,adamw_aug_ce,82,11,few,100,4.054405689239502,0.32,-2.9764552116394043
0,adamw_aug_ce,83,11,few,100,6.618764877319336,0.06,-6.186678409576416
0,adamw_aug_ce,84,10,few,100,6.960826873779297,0.03,-6.440435409545898
0,adamw_aug_ce,85,10,few,100,4.888998031616211,0.11,-4.159745216369629
0,adamw_aug_ce,86,9,few,100,6.069370269775391,0.06,-5.499566555023193
0,adamw_aug_ce,87,9,few,100,5.90464973449707,0.08,-5.330897331237793
0,adamw_aug_ce,88,8,few,100,5.932856559753418,0.06,-5.265987873077393
0,adamw_aug_ce,89,8,few,100,6.125225067138672,0.16,-5.447469234466553
0,adamw_aug_ce,90,8,few,100,6.4968414306640625,0.04,-5.891965866088867
0,adamw_aug_ce,91,7,few,100,6.675356388092041,0.11,-5.811511516571045
0,adamw_aug_ce,92,7,few,100,6.436172962188721,0.03,-6.003468036651611
0,adamw_aug_ce,93,7,few,100,7.6873779296875,0.01,-7.189444541931152
0,adamw_aug_ce,94,6,few,100,4.300829887390137,0.3,-3.058140277862549
0,adamw_aug_ce,95,6,few,100,7.453813552856445,0.05,-6.858469009399414
0,adamw_aug_ce,96,6,few,100,7.696336269378662,0.02,-7.323642253875732
0,adamw_aug_ce,97,5,few,100,7.599982261657715,0.02,-6.993759632110596
0,adamw_aug_ce,98,5,few,100,8.841625213623047,0.01,-8.452361106872559
0,adamw_aug_ce,99,5,few,100,7.810357570648193,0.09,-7.135473251342773
0,ns_muon_aug_lr3e-5,0,500,many,100,1.134667992591858,0.81,1.865806221961975
0,ns_muon_aug_lr3e-5,1,477,many,100,1.854360818862915,0.7000000000000001,0.6789760589599609
0,ns_muon_aug_lr3e-5,2,456,many,100,2.4106671810150146,0.56,-0.039936140179634094
0,ns_muon_aug_lr3e-5,3,435,many,100,2.695620059967041,0.4,-0.21557185053825378
0,ns_muon_aug_lr3e-5,4,415,many,100,2.703247308731079,0.43,-0.2864735424518585
0,ns_muon_aug_lr3e-5,5,396,many,100,2.872037887573242,0.37,-0.4383324980735779
0,ns_muon_aug_lr3e-5,6,378,many,100,2.624372959136963,0.38,-0.2181534767150879
0,ns_muon_aug_lr3e-5,7,361,many,100,3.045863628387451,0.14,-0.7346448302268982
0,ns_muon_aug_lr3e-5,8,345,many,100,3.0476348400115967,0.21,-0.6371668577194214
0,ns_muon_aug_lr3e-5,9,329,many,100,3.137953996658325,0.14,-0.8857447504997253
0,ns_muon_aug_lr3e-5,10,314,many,100,3.463149070739746,0.0,-1.1929872035980225
0,ns_muon_aug_lr3e-5,11,300,many,100,3.2713751792907715,0.01,-1.0320900678634644
0,ns_muon_aug_lr3e-5,12,286,many,100,2.4797117710113525,0.51,-0.3544926345348358
0,ns_muon_aug_lr3e-5,13,273,many,100,3.0545947551727295,0.15,-0.6506128311157227
0,ns_muon_aug_lr3e-5,14,261,many,100,3.3085362911224365,0.1,-1.037339687347412
0,ns_muon_aug_lr3e-5,15,249,many,100,3.3929357528686523,0.06,-0.9866926074028015
0,ns_muon_aug_lr3e-5,16,238,many,100,3.5193426609039307,0.11,-1.132835865020752
0,ns_muon_aug_lr3e-5,17,227,many,100,2.3571255207061768,0.51,-0.15170225501060486
0,ns_muon_aug_lr3e-5,18,216,many,100,3.0734424591064453,0.13,-0.8481263518333435
0,ns_muon_aug_lr3e-5,19,207,many,100,3.8487486839294434,0.0,-1.4170992374420166
0,ns_muon_aug_lr3e-5,20,197,many,100,2.963035821914673,0.51,-0.5470403432846069
0,ns_muon_aug_lr3e-5,21,188,many,100,3.200582981109619,0.0,-1.0302417278289795
0,ns_muon_aug_lr3e-5,22,180,many,100,4.207941055297852,0.0,-1.859566330909729
0,ns_muon_aug_lr3e-5,23,172,many,100,2.4572088718414307,0.55,-0.17317713797092438
0,ns_muon_aug_lr3e-5,24,164,many,100,3.153230667114258,0.21,-0.899280846118927
0,ns_muon_aug_lr3e-5,25,156,many,100,4.15156888961792,0.0,-1.9625004529953003
0,ns_muon_aug_lr3e-5,26,149,many,100,4.164173603057861,0.0,-2.0896260738372803
0,ns_muon_aug_lr3e-5,27,142,many,100,4.0047993659973145,0.0,-1.6988186836242676
0,ns_muon_aug_lr3e-5,28,136,many,100,4.2670392990112305,0.0,-2.0076918601989746
0,ns_muon_aug_lr3e-5,29,130,many,100,4.286208152770996,0.0,-1.967068076133728
0,ns_muon_aug_lr3e-5,30,124,many,100,2.266185760498047,0.48,-0.1684749573469162
0,ns_muon_aug_lr3e-5,31,118,many,100,4.162093639373779,0.0,-1.8307279348373413
0,ns_muon_aug_lr3e-5,32,113,many,100,4.514534950256348,0.0,-2.139918804168701
0,ns_muon_aug_lr3e-5,33,108,many,100,4.202355861663818,0.0,-2.065647840499878
0,ns_muon_aug_lr3e-5,34,103,many,100,4.482850551605225,0.0,-2.07550311088562
0,ns_muon_aug_lr3e-5,35,98,medium,100,4.63042688369751,0.0,-2.3225884437561035
0,ns_muon_aug_lr3e-5,36,94,medium,100,4.444124221801758,0.0,-2.111121654510498
0,ns_muon_aug_lr3e-5,37,89,medium,100,4.544967174530029,0.0,-2.2006032466888428
0,ns_muon_aug_lr3e-5,38,85,medium,100,4.4245829582214355,0.0,-1.9937936067581177
0,ns_muon_aug_lr3e-5,39,81,medium,100,4.896340370178223,0.0,-2.7061455249786377
0,ns_muon_aug_lr3e-5,40,78,medium,100,5.248291015625,0.0,-3.052671432495117
0,ns_muon_aug_lr3e-5,41,74,medium,100,4.437057018280029,0.0,-2.1488654613494873
0,ns_muon_aug_lr3e-5,42,71,medium,100,4.725564002990723,0.0,-2.3871960639953613
0,ns_muon_aug_lr3e-5,43,68,medium,100,5.011457443237305,0.0,-2.683757781982422
0,ns_muon_aug_lr3e-5,44,65,medium,100,5.0024189949035645,0.0,-2.640981912612915
0,ns_muon_aug_lr3e-5,45,62,medium,100,4.945650100708008,0.0,-2.8248326778411865
0,ns_muon_aug_lr3e-5,46,59,medium,100,5.206977367401123,0.0,-2.866811513900757
0,ns_muon_aug_lr3e-5,47,56,medium,100,5.101244926452637,0.0,-2.9199113845825195
0,ns_muon_aug_lr3e-5,48,54,medium,100,5.197747707366943,0.0,-2.744415283203125
0,ns_muon_aug_lr3e-5,49,51,medium,100,3.8917713165283203,0.0,-2.098989486694336
0,ns_muon_aug_lr3e-5,50,49,medium,100,5.509354114532471,0.0,-3.1949081420898438
0,ns_muon_aug_lr3e-5,51,47,medium,100,5.3580827713012695,0.0,-2.940735340118408
0,ns_muon_aug_lr3e-5,52,45,medium,100,5.315120220184326,0.0,-3.1037487983703613
0,ns_muon_aug_lr3e-5,53,42,medium,100,2.960880994796753,0.17,-1.5534576177597046
0,ns_muon_aug_lr3e-5,54,41,medium,100,5.296868801116943,0.0,-3.2204089164733887
0,ns_muon_aug_lr3e-5,55,39,medium,100,5.6136345863342285,0.0,-3.3340086936950684
0,ns_muon_aug_lr3e-5,56,37,medium,100,5.348394870758057,0.0,-2.9538612365722656
0,ns_muon_aug_lr3e-5,57,35,medium,100,5.691340923309326,0.0,-3.729196786880493
0,ns_muon_aug_lr3e-5,58,34,medium,100,5.675980091094971,0.0,-3.3866710662841797
0,ns_muon_aug_lr3e-5,59,32,medium,100,5.408356189727783,0.0,-3.165370464324951
0,ns_muon_aug_lr3e-5,60,31,medium,100,5.122640609741211,0.0,-3.2675981521606445
0,ns_muon_aug_lr3e-5,61,29,medium,100,5.757357120513916,0.0,-3.400686264038086
0,ns_muon_aug_lr3e-5,62,28,medium,100,4.416932582855225,0.0,-3.191699266433716
0,ns_muon_aug_lr3e-5,63,27,medium,100,5.819565296173096,0.0,-3.478513717651367
0,ns_muon_aug_lr3e-5,64,25,medium,100,5.595592021942139,0.0,-3.2625513076782227
0,ns_muon_aug_lr3e-5,65,24,medium,100,6.315422534942627,0.0,-4.02345085144043
0,ns_muon_aug_lr3e-5,66,23,medium,100,6.215212345123291,0.0,-3.7908973693847656
0,ns_muon_aug_lr3e-5,67,22,medium,100,5.458509922027588,0.0,-3.6925151348114014
0,ns_muon_aug_lr3e-5,68,21,medium,100,6.251615047454834,0.0,-4.140081882476807
0,ns_muon_aug_lr3e-5,69,20,medium,100,5.909626007080078,0.0,-3.9558489322662354
0,ns_muon_aug_lr3e-5,70,19,few,100,5.894690036773682,0.0,-4.460799694061279
0,ns_muon_aug_lr3e-5,71,18,few,100,6.558200836181641,0.0,-4.799304485321045
0,ns_muon_aug_lr3e-5,72,18,few,100,6.2611823081970215,0.0,-4.045392036437988
0,ns_muon_aug_lr3e-5,73,17,few,100,5.486486911773682,0.0,-4.024431228637695
0,ns_muon_aug_lr3e-5,74,16,few,100,6.056159496307373,0.0,-3.8345305919647217
0,ns_muon_aug_lr3e-5,75,15,few,100,6.170467376708984,0.0,-3.787999153137207
0,ns_muon_aug_lr3e-5,76,15,few,100,5.420092582702637,0.0,-3.3841612339019775
0,ns_muon_aug_lr3e-5,77,14,few,100,5.702492713928223,0.0,-3.360988140106201
0,ns_muon_aug_lr3e-5,78,13,few,100,5.746904373168945,0.0,-3.409400224685669
0,ns_muon_aug_lr3e-5,79,13,few,100,6.70793342590332,0.0,-4.490658283233643
0,ns_muon_aug_lr3e-5,80,12,few,100,6.272630214691162,0.0,-3.828892707824707
0,ns_muon_aug_lr3e-5,81,12,few,100,5.797408580780029,0.0,-3.4821226596832275
0,ns_muon_aug_lr3e-5,82,11,few,100,5.188323974609375,0.0,-3.710839033126831
0,ns_muon_aug_lr3e-5,83,11,few,100,6.929323673248291,0.0,-5.388697624206543
0,ns_muon_aug_lr3e-5,84,10,few,100,6.163565635681152,0.0,-3.8443541526794434
0,ns_muon_aug_lr3e-5,85,10,few,100,5.7284650802612305,0.0,-3.4470434188842773
0,ns_muon_aug_lr3e-5,86,9,few,100,6.305881977081299,0.0,-3.791245698928833
0,ns_muon_aug_lr3e-5,87,9,few,100,6.307746410369873,0.0,-3.904064178466797
0,ns_muon_aug_lr3e-5,88,8,few,100,6.501039028167725,0.0,-4.099628448486328
0,ns_muon_aug_lr3e-5,89,8,few,100,6.799837589263916,0.0,-4.452439308166504
0,ns_muon_aug_lr3e-5,90,8,few,100,6.641746997833252,0.0,-4.483523368835449
0,ns_muon_aug_lr3e-5,91,7,few,100,6.023387908935547,0.0,-3.7249560356140137
0,ns_muon_aug_lr3e-5,92,7,few,100,6.313668727874756,0.0,-4.639369487762451
0,ns_muon_aug_lr3e-5,93,7,few,100,6.118882656097412,0.0,-3.9588165283203125
0,ns_muon_aug_lr3e-5,94,6,few,100,5.983080863952637,0.0,-3.9093267917633057
0,ns_muon_aug_lr3e-5,95,6,few,100,6.89182186126709,0.0,-5.095168113708496
0,ns_muon_aug_lr3e-5,96,6,few,100,6.266778469085693,0.0,-4.014421463012695
0,ns_muon_aug_lr3e-5,97,5,few,100,6.707009315490723,0.0,-4.274571895599365
0,ns_muon_aug_lr3e-5,98,5,few,100,6.496312141418457,0.0,-4.25444221496582
0,ns_muon_aug_lr3e-5,99,5,few,100,7.009161949157715,0.0,-5.034485816955566
0,ns_muon_aug_lr1e-4,0,500,many,100,0.6469732522964478,0.86,3.3119356632232666
0,ns_muon_aug_lr1e-4,1,477,many,100,1.0249850749969482,0.8300000000000001,1.8065439462661743
0,ns_muon_aug_lr1e-4,2,456,many,100,1.8822516202926636,0.59,0.08251815289258957
0,ns_muon_aug_lr1e-4,3,435,many,100,2.0538489818573,0.53,-0.0901690199971199
0,ns_muon_aug_lr1e-4,4,415,many,100,2.3316268920898438,0.42,-0.2528061866760254
0,ns_muon_aug_lr1e-4,5,396,many,100,2.150290012359619,0.54,-0.031960051506757736
0,ns_muon_aug_lr1e-4,6,378,many,100,2.0015201568603516,0.53,0.22263891994953156
0,ns_muon_aug_lr1e-4,7,361,many,100,2.4317030906677246,0.28,-0.6185526251792908
0,ns_muon_aug_lr1e-4,8,345,many,100,2.3204708099365234,0.44,-0.3330518901348114
0,ns_muon_aug_lr1e-4,9,329,many,100,2.3491766452789307,0.39,-0.35629886388778687
0,ns_muon_aug_lr1e-4,10,314,many,100,3.1663999557495117,0.05,-1.4601671695709229
0,ns_muon_aug_lr1e-4,11,300,many,100,2.7088823318481445,0.18,-1.0481269359588623
0,ns_muon_aug_lr1e-4,12,286,many,100,1.9657801389694214,0.51,-0.09421367198228836
0,ns_muon_aug_lr1e-4,13,273,many,100,1.965245246887207,0.6,0.006781827192753553
0,ns_muon_aug_lr1e-4,14,261,many,100,2.8835883140563965,0.23,-1.1705596446990967
0,ns_muon_aug_lr1e-4,15,249,many,100,2.803068161010742,0.26,-0.8094485402107239
0,ns_muon_aug_lr1e-4,16,238,many,100,2.958348274230957,0.16,-1.2712219953536987
0,ns_muon_aug_lr1e-4,17,227,many,100,1.6883224248886108,0.56,0.31634780764579773
0,ns_muon_aug_lr1e-4,18,216,many,100,2.72456431388855,0.38,-0.844550609588623
0,ns_muon_aug_lr1e-4,19,207,many,100,3.224947214126587,0.06,-1.3392760753631592
0,ns_muon_aug_lr1e-4,20,197,many,100,2.3479111194610596,0.53,-0.37966188788414
0,ns_muon_aug_lr1e-4,21,188,many,100,2.051741361618042,0.27,-0.5857429504394531
0,ns_muon_aug_lr1e-4,22,180,many,100,3.815688371658325,0.03,-2.2324883937835693
0,ns_muon_aug_lr1e-4,23,172,many,100,1.5873178243637085,0.74,0.7947841286659241
0,ns_muon_aug_lr1e-4,24,164,many,100,2.4582457542419434,0.42,-0.6839050054550171
0,ns_muon_aug_lr1e-4,25,156,many,100,3.6845483779907227,0.0,-1.9447283744812012
0,ns_muon_aug_lr1e-4,26,149,many,100,3.8036131858825684,0.04,-2.1117591857910156
0,ns_muon_aug_lr1e-4,27,142,many,100,3.4825127124786377,0.08,-1.57057785987854
0,ns_muon_aug_lr1e-4,28,136,many,100,3.5254430770874023,0.17,-1.7390471696853638
0,ns_muon_aug_lr1e-4,29,130,many,100,3.773646831512451,0.02,-1.906589150428772
0,ns_muon_aug_lr1e-4,30,124,many,100,1.9410147666931152,0.53,0.11210654675960541
0,ns_muon_aug_lr1e-4,31,118,many,100,3.733565092086792,0.0,-1.950744390487671
0,ns_muon_aug_lr1e-4,32,113,many,100,4.224121570587158,0.0,-2.3641858100891113
0,ns_muon_aug_lr1e-4,33,108,many,100,3.3210947513580322,0.12,-1.447013020515442
0,ns_muon_aug_lr1e-4,34,103,many,100,4.150429725646973,0.0,-2.238044023513794
0,ns_muon_aug_lr1e-4,35,98,medium,100,3.7906839847564697,0.0,-2.1160356998443604
0,ns_muon_aug_lr1e-4,36,94,medium,100,3.8296966552734375,0.09,-2.0514001846313477
0,ns_muon_aug_lr1e-4,37,89,medium,100,3.7302682399749756,0.0,-2.096327066421509
0,ns_muon_aug_lr1e-4,38,85,medium,100,4.158139228820801,0.02,-2.2744357585906982
0,ns_muon_aug_lr1e-4,39,81,medium,100,4.5478997230529785,0.0,-3.076794147491455
0,ns_muon_aug_lr1e-4,40,78,medium,100,4.755895614624023,0.0,-2.9497129917144775
0,ns_muon_aug_lr1e-4,41,74,medium,100,3.730454444885254,0.22,-1.865956425666809
0,ns_muon_aug_lr1e-4,42,71,medium,100,4.288780689239502,0.0,-2.4098401069641113
0,ns_muon_aug_lr1e-4,43,68,medium,100,4.074518203735352,0.0,-2.173916816711426
0,ns_muon_aug_lr1e-4,44,65,medium,100,4.859498977661133,0.0,-2.9916462898254395
0,ns_muon_aug_lr1e-4,45,62,medium,100,4.800662994384766,0.0,-2.9983131885528564
0,ns_muon_aug_lr1e-4,46,59,medium,100,4.780659198760986,0.0,-3.1745729446411133
0,ns_muon_aug_lr1e-4,47,56,medium,100,3.7285025119781494,0.05,-2.0623135566711426
0,ns_muon_aug_lr1e-4,48,54,medium,100,4.493335247039795,0.0,-2.801865577697754
0,ns_muon_aug_lr1e-4,49,51,medium,100,3.320749521255493,0.1,-2.115443229675293
0,ns_muon_aug_lr1e-4,50,49,medium,100,5.376194953918457,0.0,-3.542330503463745
0,ns_muon_aug_lr1e-4,51,47,medium,100,5.111569404602051,0.0,-3.3243892192840576
0,ns_muon_aug_lr1e-4,52,45,medium,100,2.891073703765869,0.13,-1.1049576997756958
0,ns_muon_aug_lr1e-4,53,42,medium,100,2.632997989654541,0.26,-1.2664705514907837
0,ns_muon_aug_lr1e-4,54,41,medium,100,4.409860134124756,0.06,-2.953223705291748
0,ns_muon_aug_lr1e-4,55,39,medium,100,5.628504753112793,0.0,-3.814199686050415
0,ns_muon_aug_lr1e-4,56,37,medium,100,4.8671345710754395,0.0,-2.94992733001709
0,ns_muon_aug_lr1e-4,57,35,medium,100,5.345005989074707,0.0,-3.990684747695923
0,ns_muon_aug_lr1e-4,58,34,medium,100,5.509204864501953,0.0,-3.983205556869507
0,ns_muon_aug_lr1e-4,59,32,medium,100,4.584822177886963,0.0,-2.92868709564209
0,ns_muon_aug_lr1e-4,60,31,medium,100,3.7869744300842285,0.0,-2.62748646736145
0,ns_muon_aug_lr1e-4,61,29,medium,100,5.786532402038574,0.0,-4.009217739105225
0,ns_muon_aug_lr1e-4,62,28,medium,100,3.7489213943481445,0.06,-2.695547342300415
0,ns_muon_aug_lr1e-4,63,27,medium,100,5.942594051361084,0.0,-4.131163120269775
0,ns_muon_aug_lr1e-4,64,25,medium,100,5.711691856384277,0.0,-3.8200783729553223
0,ns_muon_aug_lr1e-4,65,24,medium,100,6.477984428405762,0.0,-4.720143795013428
0,ns_muon_aug_lr1e-4,66,23,medium,100,6.214849472045898,0.0,-4.360258102416992
0,ns_muon_aug_lr1e-4,67,22,medium,100,4.755703926086426,0.08,-3.423089027404785
0,ns_muon_aug_lr1e-4,68,21,medium,100,5.5695295333862305,0.0,-3.887747049331665
0,ns_muon_aug_lr1e-4,69,20,medium,100,5.531335353851318,0.0,-4.0614542961120605
0,ns_muon_aug_lr1e-4,70,19,few,100,4.806424140930176,0.0,-3.7302052974700928
0,ns_muon_aug_lr1e-4,71,18,few,100,5.5923285484313965,0.0,-4.288778781890869
0,ns_muon_aug_lr1e-4,72,18,few,100,6.26169490814209,0.0,-4.453025817871094
0,ns_muon_aug_lr1e-4,73,17,few,100,4.680139064788818,0.01,-3.530458927154541
0,ns_muon_aug_lr1e-4,74,16,few,100,6.254451274871826,0.0,-4.450468063354492
0,ns_muon_aug_lr1e-4,75,15,few,100,6.411111354827881,0.0,-4.587444305419922
0,ns_muon_aug_lr1e-4,76,15,few,100,5.486981391906738,0.0,-3.7237935066223145
0,ns_muon_aug_lr1e-4,77,14,few,100,6.17645263671875,0.0,-4.300234317779541
0,ns_muon_aug_lr1e-4,78,13,few,100,6.469586372375488,0.0,-4.749439716339111
0,ns_muon_aug_lr1e-4,79,13,few,100,6.846155166625977,0.0,-5.058844089508057
0,ns_muon_aug_lr1e-4,80,12,few,100,6.474836349487305,0.0,-4.535455703735352
0,ns_muon_aug_lr1e-4,81,12,few,100,6.3013787269592285,0.0,-4.575165748596191
0,ns_muon_aug_lr1e-4,82,11,few,100,4.9277729988098145,0.0,-3.7407708168029785
0,ns_muon_aug_lr1e-4,83,11,few,100,6.767172813415527,0.0,-5.639734268188477
0,ns_muon_aug_lr1e-4,84,10,few,100,6.695818901062012,0.0,-4.940125465393066
0,ns_muon_aug_lr1e-4,85,10,few,100,6.2682085037231445,0.0,-4.653894424438477
0,ns_muon_aug_lr1e-4,86,9,few,100,6.58848762512207,0.0,-4.625776290893555
0,ns_muon_aug_lr1e-4,87,9,few,100,6.496194839477539,0.0,-4.676429271697998
0,ns_muon_aug_lr1e-4,88,8,few,100,6.850851058959961,0.0,-4.962663650512695
0,ns_muon_aug_lr1e-4,89,8,few,100,7.184363842010498,0.0,-5.496532917022705
0,ns_muon_aug_lr1e-4,90,8,few,100,6.772048473358154,0.0,-5.181398868560791
0,ns_muon_aug_lr1e-4,91,7,few,100,6.542168140411377,0.0,-4.729435443878174
0,ns_muon_aug_lr1e-4,92,7,few,100,6.478175640106201,0.0,-5.33244514465332
0,ns_muon_aug_lr1e-4,93,7,few,100,6.821685314178467,0.0,-5.115884304046631
0,ns_muon_aug_lr1e-4,94,6,few,100,6.552367687225342,0.0,-4.910934925079346
0,ns_muon_aug_lr1e-4,95,6,few,100,6.900429725646973,0.0,-5.430726051330566
0,ns_muon_aug_lr1e-4,96,6,few,100,6.945796966552734,0.0,-5.243092060089111
0,ns_muon_aug_lr1e-4,97,5,few,100,7.073233604431152,0.0,-5.164729118347168
0,ns_muon_aug_lr1e-4,98,5,few,100,7.0012688636779785,0.0,-5.319118499755859
0,ns_muon_aug_lr1e-4,99,5,few,100,7.440019607543945,0.0,-5.757768630981445
1,adamw_aug_ce,0,500,many,100,0.34392425417900085,0.9400000000000001,8.223587036132812
1,adamw_aug_ce,1,477,many,100,0.5581841468811035,0.84,6.498818397521973
1,adamw_aug_ce,2,456,many,100,1.483370304107666,0.71,3.26383376121521
1,adamw_aug_ce,3,435,many,100,2.049126386642456,0.5700000000000001,1.3776659965515137
1,adamw_aug_ce,4,415,many,100,1.595738172531128,0.67,2.844133138656616
1,adamw_aug_ce,5,396,many,100,1.5085068941116333,0.65,2.4169204235076904
1,adamw_aug_ce,6,378,many,100,0.9650810956954956,0.78,5.09807014465332
1,adamw_aug_ce,7,361,many,100,1.4341198205947876,0.73,3.7116453647613525
1,adamw_aug_ce,8,345,many,100,1.0613195896148682,0.8,5.334401607513428
1,adamw_aug_ce,9,329,many,100,1.272534966468811,0.74,4.101197242736816
1,adamw_aug_ce,10,314,many,100,2.4158573150634766,0.5,-0.012038287706673145
1,adamw_aug_ce,11,300,many,100,2.175630807876587,0.53,0.8738164901733398
1,adamw_aug_ce,12,286,many,100,0.9980259537696838,0.8200000000000001,4.828953266143799
1,adamw_aug_ce,13,273,many,100,0.9126232862472534,0.77,4.303256511688232
1,adamw_aug_ce,14,261,many,100,2.4355814456939697,0.53,0.7605767846107483
1,adamw_aug_ce,15,249,many,100,2.0460474491119385,0.5700000000000001,1.5476033687591553
1,adamw_aug_ce,16,238,many,100,1.7117745876312256,0.6900000000000001,3.2668309211730957
1,adamw_aug_ce,17,227,many,100,0.7295712232589722,0.81,6.336403846740723
1,adamw_aug_ce,18,216,many,100,2.7379040718078613,0.53,0.46210169792175293
1,adamw_aug_ce,19,207,many,100,2.6928043365478516,0.48,0.35522323846817017
1,adamw_aug_ce,20,197,many,100,0.9180601239204407,0.8200000000000001,6.263765811920166
1,adamw_aug_ce,21,188,many,100,0.9903358221054077,0.79,4.890067100524902
1,adamw_aug_ce,22,180,many,100,3.209855079650879,0.46,-0.5545892715454102
1,adamw_aug_ce,23,172,many,100,0.9297812581062317,0.79,4.848170280456543
1,adamw_aug_ce,24,164,many,100,1.499250054359436,0.63,3.395677328109741
1,adamw_aug_ce,25,156,many,100,3.4285342693328857,0.45,-1.442453145980835
1,adamw_aug_ce,26,149,many,100,3.0074338912963867,0.46,-0.7544720768928528
1,adamw_aug_ce,27,142,many,100,2.893526077270508,0.46,-0.3707416355609894
1,adamw_aug_ce,28,136,many,100,2.94635009765625,0.52,0.20119628310203552
1,adamw_aug_ce,29,130,many,100,2.9910202026367188,0.45,-0.3484514057636261
1,adamw_aug_ce,30,124,many,100,1.7690280675888062,0.62,2.39168381690979
1,adamw_aug_ce,31,118,many,100,2.9090492725372314,0.41000000000000003,-0.6432700157165527
1,adamw_aug_ce,32,113,many,100,3.2363433837890625,0.39,-1.0497702360153198
1,adamw_aug_ce,33,108,many,100,2.924964666366577,0.47000000000000003,-0.03404884412884712
1,adamw_aug_ce,34,103,many,100,2.8089325428009033,0.49,-0.6133109331130981
1,adamw_aug_ce,35,98,medium,100,5.075509548187256,0.14,-4.456881999969482
1,adamw_aug_ce,36,94,medium,100,2.771388053894043,0.44,-0.21559157967567444
1,adamw_aug_ce,37,89,medium,100,2.916626214981079,0.46,-1.1072137355804443
1,adamw_aug_ce,38,85,medium,100,4.646364688873291,0.26,-3.2892065048217773
1,adamw_aug_ce,39,81,medium,100,2.860384464263916,0.52,0.35842573642730713
1,adamw_aug_ce,40,78,medium,100,4.2505693435668945,0.34,-2.4468066692352295
1,adamw_aug_ce,41,74,medium,100,2.0002923011779785,0.59,2.4458436965942383
1,adamw_aug_ce,42,71,medium,100,3.1174254417419434,0.45,-0.6319108605384827
1,adamw_aug_ce,43,68,medium,100,2.9929447174072266,0.44,-0.9358660578727722
1,adamw_aug_ce,44,65,medium,100,5.5771379470825195,0.13,-4.813955307006836
1,adamw_aug_ce,45,62,medium,100,4.9053239822387695,0.21,-3.827448844909668
1,adamw_aug_ce,46,59,medium,100,5.6418986320495605,0.19,-4.775323867797852
1,adamw_aug_ce,47,56,medium,100,1.9380601644515991,0.58,1.0773876905441284
1,adamw_aug_ce,48,54,medium,100,1.6688199043273926,0.61,1.5462814569473267
1,adamw_aug_ce,49,51,medium,100,2.8478195667266846,0.44,-0.8121228814125061
1,adamw_aug_ce,50,49,medium,100,5.529891490936279,0.11,-4.698525428771973
1,adamw_aug_ce,51,47,medium,100,4.551303386688232,0.23,-3.3500683307647705
1,adamw_aug_ce,52,45,medium,100,1.3322463035583496,0.63,1.648199439048767
1,adamw_aug_ce,53,42,medium,100,1.3585968017578125,0.68,2.2139720916748047
1,adamw_aug_ce,54,41,medium,100,2.868487596511841,0.46,-0.551566481590271
1,adamw_aug_ce,55,39,medium,100,6.273474216461182,0.05,-5.781178951263428
1,adamw_aug_ce,56,37,medium,100,2.733137845993042,0.44,-0.7171099781990051
1,adamw_aug_ce,57,35,medium,100,4.869622707366943,0.22,-3.7292239665985107
1,adamw_aug_ce,58,34,medium,100,3.8048043251037598,0.26,-2.876770496368408
1,adamw_aug_ce,59,32,medium,100,2.8744421005249023,0.39,-1.4032889604568481
1,adamw_aug_ce,60,31,medium,100,2.210296392440796,0.58,0.8911176323890686
1,adamw_aug_ce,61,29,medium,100,5.192062854766846,0.17,-4.490581035614014
1,adamw_aug_ce,62,28,medium,100,3.2531814575195312,0.4,-1.6376928091049194
1,adamw_aug_ce,63,27,medium,100,6.041446685791016,0.19,-4.703193664550781
1,adamw_aug_ce,64,25,medium,100,6.193102836608887,0.08,-5.534417152404785
1,adamw_aug_ce,65,24,medium,100,6.366958141326904,0.03,-5.766802787780762
1,adamw_aug_ce,66,23,medium,100,5.3312087059021,0.16,-4.532008647918701
1,adamw_aug_ce,67,22,medium,100,5.97357177734375,0.08,-5.469583511352539
1,adamw_aug_ce,68,21,medium,100,3.599252223968506,0.3,-2.413935899734497
1,adamw_aug_ce,69,20,medium,100,4.342463493347168,0.25,-3.3565309047698975
1,adamw_aug_ce,70,19,few,100,4.708004951477051,0.18,-3.7933290004730225
1,adamw_aug_ce,71,18,few,100,4.479908466339111,0.21,-3.500760316848755
1,adamw_aug_ce,72,18,few,100,7.443171501159668,0.01,-6.934544086456299
1,adamw_aug_ce,73,17,few,100,6.422683238983154,0.13,-5.745909690856934
1,adamw_aug_ce,74,16,few,100,5.413123607635498,0.11,-4.685408115386963
1,adamw_aug_ce,75,15,few,100,4.583841800689697,0.28,-3.348098039627075
1,adamw_aug_ce,76,15,few,100,3.4034411907196045,0.34,-2.1707265377044678
1,adamw_aug_ce,77,14,few,100,6.970639705657959,0.03,-6.398842811584473
1,adamw_aug_ce,78,13,few,100,7.782080173492432,0.06,-7.227339744567871
1,adamw_aug_ce,79,13,few,100,6.5790791511535645,0.08,-5.918190956115723
1,adamw_aug_ce,80,12,few,100,7.76699686050415,0.03,-7.230911731719971
1,adamw_aug_ce,81,12,few,100,6.613519668579102,0.03,-6.236837863922119
1,adamw_aug_ce,82,11,few,100,3.4250965118408203,0.28,-2.4538075923919678
1,adamw_aug_ce,83,11,few,100,7.016880035400391,0.05,-6.62226676940918
1,adamw_aug_ce,84,10,few,100,7.343423843383789,0.01,-6.922558307647705
1,adamw_aug_ce,85,10,few,100,5.066900253295898,0.12,-4.3633036613464355
1,adamw_aug_ce,86,9,few,100,5.31857442855835,0.14,-4.676063060760498
1,adamw_aug_ce,87,9,few,100,5.461224555969238,0.06,-4.901012420654297
1,adamw_aug_ce,88,8,few,100,6.264657974243164,0.04,-5.722377777099609
1,adamw_aug_ce,89,8,few,100,5.105602264404297,0.12,-4.446516036987305
1,adamw_aug_ce,90,8,few,100,6.336688041687012,0.08,-5.679069519042969
1,adamw_aug_ce,91,7,few,100,6.966289043426514,0.1,-6.264698505401611
1,adamw_aug_ce,92,7,few,100,7.488203048706055,0.02,-7.083705902099609
1,adamw_aug_ce,93,7,few,100,7.1548075675964355,0.02,-6.645204544067383
1,adamw_aug_ce,94,6,few,100,4.990279197692871,0.17,-4.32141637802124
1,adamw_aug_ce,95,6,few,100,7.023180961608887,0.06,-6.553659439086914
1,adamw_aug_ce,96,6,few,100,7.340263843536377,0.01,-6.92819881439209
1,adamw_aug_ce,97,5,few,100,6.430425643920898,0.08,-5.688677787780762
1,adamw_aug_ce,98,5,few,100,8.482683181762695,0.0,-8.050213813781738
1,adamw_aug_ce,99,5,few,100,8.465113639831543,0.01,-7.952714443206787
1,ns_muon_aug_lr3e-5,0,500,many,100,1.0605534315109253,0.79,2.117330312728882
1,ns_muon_aug_lr3e-5,1,477,many,100,1.852841854095459,0.67,0.6411581039428711
1,ns_muon_aug_lr3e-5,2,456,many,100,2.302730083465576,0.56,0.04827212542295456
1,ns_muon_aug_lr3e-5,3,435,many,100,2.7219536304473877,0.35000000000000003,-0.32170042395591736
1,ns_muon_aug_lr3e-5,4,415,many,100,2.6867377758026123,0.43,-0.2555384933948517
1,ns_muon_aug_lr3e-5,5,396,many,100,2.743734836578369,0.34,-0.44003257155418396
1,ns_muon_aug_lr3e-5,6,378,many,100,2.6419479846954346,0.33,-0.2802320122718811
1,ns_muon_aug_lr3e-5,7,361,many,100,3.0383594036102295,0.08,-0.8044536113739014
1,ns_muon_aug_lr3e-5,8,345,many,100,3.0546624660491943,0.21,-0.6727981567382812
1,ns_muon_aug_lr3e-5,9,329,many,100,3.038599967956543,0.27,-0.7987031936645508
1,ns_muon_aug_lr3e-5,10,314,many,100,3.489871025085449,0.0,-1.250649094581604
1,ns_muon_aug_lr3e-5,11,300,many,100,3.295597553253174,0.01,-1.0710108280181885
1,ns_muon_aug_lr3e-5,12,286,many,100,2.499376058578491,0.52,-0.288760244846344
1,ns_muon_aug_lr3e-5,13,273,many,100,3.066410541534424,0.17,-0.6312043070793152
1,ns_muon_aug_lr3e-5,14,261,many,100,3.2472686767578125,0.1,-0.9675797820091248
1,ns_muon_aug_lr3e-5,15,249,many,100,3.560997247695923,0.0,-1.1509819030761719
1,ns_muon_aug_lr3e-5,16,238,many,100,3.6144800186157227,0.0,-1.2495155334472656
1,ns_muon_aug_lr3e-5,17,227,many,100,2.4405605792999268,0.47000000000000003,-0.14646127820014954
1,ns_muon_aug_lr3e-5,18,216,many,100,3.026230573654175,0.26,-0.811626672744751
1,ns_muon_aug_lr3e-5,19,207,many,100,3.7943758964538574,0.0,-1.3378137350082397
1,ns_muon_aug_lr3e-5,20,197,many,100,2.9067296981811523,0.46,-0.585819661617279
1,ns_muon_aug_lr3e-5,21,188,many,100,3.3509016036987305,0.0,-1.0878657102584839
1,ns_muon_aug_lr3e-5,22,180,many,100,4.149301052093506,0.0,-1.9046450853347778
1,ns_muon_aug_lr3e-5,23,172,many,100,2.404550075531006,0.58,-0.13044984638690948
1,ns_muon_aug_lr3e-5,24,164,many,100,3.0973966121673584,0.25,-0.9111661314964294
1,ns_muon_aug_lr3e-5,25,156,many,100,4.263481616973877,0.0,-2.057424783706665
1,ns_muon_aug_lr3e-5,26,149,many,100,4.197460174560547,0.0,-2.135066509246826
1,ns_muon_aug_lr3e-5,27,142,many,100,4.025782585144043,0.0,-1.7068064212799072
1,ns_muon_aug_lr3e-5,28,136,many,100,4.188898086547852,0.0,-2.0033395290374756
1,ns_muon_aug_lr3e-5,29,130,many,100,4.300922393798828,0.0,-1.9861727952957153
1,ns_muon_aug_lr3e-5,30,124,many,100,2.3158907890319824,0.5,-0.08512767404317856
1,ns_muon_aug_lr3e-5,31,118,many,100,4.257352828979492,0.0,-1.8981214761734009
1,ns_muon_aug_lr3e-5,32,113,many,100,4.664709568023682,0.0,-2.2916574478149414
1,ns_muon_aug_lr3e-5,33,108,many,100,3.9201550483703613,0.0,-1.6750073432922363
1,ns_muon_aug_lr3e-5,34,103,many,100,4.618257522583008,0.0,-2.2898571491241455
1,ns_muon_aug_lr3e-5,35,98,medium,100,4.296291828155518,0.0,-2.1124632358551025
1,ns_muon_aug_lr3e-5,36,94,medium,100,4.392731666564941,0.0,-2.19857120513916
1,ns_muon_aug_lr3e-5,37,89,medium,100,4.757509231567383,0.0,-2.352616310119629
1,ns_muon_aug_lr3e-5,38,85,medium,100,4.45553731918335,0.0,-2.037673234939575
1,ns_muon_aug_lr3e-5,39,81,medium,100,4.729049205780029,0.0,-2.5873098373413086
1,ns_muon_aug_lr3e-5,40,78,medium,100,4.977785110473633,0.0,-2.8122284412384033
1,ns_muon_aug_lr3e-5,41,74,medium,100,4.393733978271484,0.0,-2.1269283294677734
1,ns_muon_aug_lr3e-5,42,71,medium,100,4.619039058685303,0.0,-2.23696231842041
1,ns_muon_aug_lr3e-5,43,68,medium,100,4.752636432647705,0.0,-2.4458348751068115
1,ns_muon_aug_lr3e-5,44,65,medium,100,5.06974458694458,0.0,-2.777226448059082
1,ns_muon_aug_lr3e-5,45,62,medium,100,5.634002685546875,0.0,-3.4895339012145996
1,ns_muon_aug_lr3e-5,46,59,medium,100,5.214537143707275,0.0,-2.901226758956909
1,ns_muon_aug_lr3e-5,47,56,medium,100,5.224003791809082,0.0,-2.98095440864563
1,ns_muon_aug_lr3e-5,48,54,medium,100,5.21873664855957,0.0,-2.718414783477783
1,ns_muon_aug_lr3e-5,49,51,medium,100,4.382540702819824,0.0,-2.559536933898926
1,ns_muon_aug_lr3e-5,50,49,medium,100,5.451265811920166,0.0,-3.1852288246154785
1,ns_muon_aug_lr3e-5,51,47,medium,100,5.295647144317627,0.0,-2.884929656982422
1,ns_muon_aug_lr3e-5,52,45,medium,100,5.106337070465088,0.0,-2.7686119079589844
1,ns_muon_aug_lr3e-5,53,42,medium,100,3.0564706325531006,0.18,-1.6592844724655151
1,ns_muon_aug_lr3e-5,54,41,medium,100,5.415549278259277,0.0,-3.5289485454559326
1,ns_muon_aug_lr3e-5,55,39,medium,100,5.677064418792725,0.0,-3.43697452545166
1,ns_muon_aug_lr3e-5,56,37,medium,100,5.2099528312683105,0.0,-2.7752435207366943
1,ns_muon_aug_lr3e-5,57,35,medium,100,5.423564434051514,0.0,-3.499222755432129
1,ns_muon_aug_lr3e-5,58,34,medium,100,5.620245933532715,0.0,-3.342088460922241
1,ns_muon_aug_lr3e-5,59,32,medium,100,5.493038177490234,0.0,-3.184149742126465
1,ns_muon_aug_lr3e-5,60,31,medium,100,5.595055103302002,0.0,-3.775865316390991
1,ns_muon_aug_lr3e-5,61,29,medium,100,5.995238780975342,0.0,-3.7008659839630127
1,ns_muon_aug_lr3e-5,62,28,medium,100,4.381680488586426,0.0,-3.0470094680786133
1,ns_muon_aug_lr3e-5,63,27,medium,100,5.835684776306152,0.0,-3.4715209007263184
1,ns_muon_aug_lr3e-5,64,25,medium,100,5.759260654449463,0.0,-3.40411376953125
1,ns_muon_aug_lr3e-5,65,24,medium,100,6.106850624084473,0.0,-3.8612284660339355
1,ns_muon_aug_lr3e-5,66,23,medium,100,5.367556571960449,0.0,-2.954153299331665
1,ns_muon_aug_lr3e-5,67,22,medium,100,5.200616359710693,0.0,-3.519315481185913
1,ns_muon_aug_lr3e-5,68,21,medium,100,6.177637100219727,0.0,-4.008872032165527
1,ns_muon_aug_lr3e-5,69,20,medium,100,6.7557878494262695,0.0,-4.839290142059326
1,ns_muon_aug_lr3e-5,70,19,few,100,5.5990681648254395,0.0,-4.229132175445557
1,ns_muon_aug_lr3e-5,71,18,few,100,6.213502407073975,0.0,-4.476707935333252
1,ns_muon_aug_lr3e-5,72,18,few,100,6.323558330535889,0.0,-4.053018569946289
1,ns_muon_aug_lr3e-5,73,17,few,100,5.219508171081543,0.0,-3.761979341506958
1,ns_muon_aug_lr3e-5,74,16,few,100,6.244519233703613,0.0,-4.001591682434082
1,ns_muon_aug_lr3e-5,75,15,few,100,6.521434307098389,0.0,-4.122456073760986
1,ns_muon_aug_lr3e-5,76,15,few,100,5.987074375152588,0.0,-4.010105609893799
1,ns_muon_aug_lr3e-5,77,14,few,100,6.322098255157471,0.0,-3.994936227798462
1,ns_muon_aug_lr3e-5,78,13,few,100,6.393184185028076,0.0,-4.088923931121826
1,ns_muon_aug_lr3e-5,79,13,few,100,6.246028900146484,0.0,-4.0258026123046875
1,ns_muon_aug_lr3e-5,80,12,few,100,5.629906177520752,0.0,-3.212344169616699
1,ns_muon_aug_lr3e-5,81,12,few,100,5.696740627288818,0.0,-3.294431686401367
1,ns_muon_aug_lr3e-5,82,11,few,100,6.435384750366211,0.0,-4.944151401519775
1,ns_muon_aug_lr3e-5,83,11,few,100,6.684447765350342,0.0,-5.192026138305664
1,ns_muon_aug_lr3e-5,84,10,few,100,6.244585037231445,0.0,-3.9520909786224365
1,ns_muon_aug_lr3e-5,85,10,few,100,6.955767631530762,0.0,-4.580506324768066
1,ns_muon_aug_lr3e-5,86,9,few,100,6.165961742401123,0.0,-3.7005321979522705
1,ns_muon_aug_lr3e-5,87,9,few,100,6.060190200805664,0.0,-3.6533150672912598
1,ns_muon_aug_lr3e-5,88,8,few,100,6.374704360961914,0.0,-3.9263546466827393
1,ns_muon_aug_lr3e-5,89,8,few,100,6.3247270584106445,0.0,-3.8788042068481445
1,ns_muon_aug_lr3e-5,90,8,few,100,6.243791580200195,0.0,-3.9698739051818848
1,ns_muon_aug_lr3e-5,91,7,few,100,6.5639567375183105,0.0,-4.302464008331299
1,ns_muon_aug_lr3e-5,92,7,few,100,6.849843978881836,0.0,-5.207653522491455
1,ns_muon_aug_lr3e-5,93,7,few,100,5.551729679107666,0.0,-3.443925142288208
1,ns_muon_aug_lr3e-5,94,6,few,100,6.528050422668457,0.0,-4.484473705291748
1,ns_muon_aug_lr3e-5,95,6,few,100,6.658461093902588,0.0,-4.925288200378418
1,ns_muon_aug_lr3e-5,96,6,few,100,6.761631011962891,0.0,-4.536791801452637
1,ns_muon_aug_lr3e-5,97,5,few,100,6.20822286605835,0.0,-3.7906384468078613
1,ns_muon_aug_lr3e-5,98,5,few,100,6.581811428070068,0.0,-4.4433393478393555
1,ns_muon_aug_lr3e-5,99,5,few,100,7.418968677520752,0.0,-5.506561279296875
1,ns_muon_aug_lr1e-4,0,500,many,100,0.6633628010749817,0.85,3.2672228813171387
1,ns_muon_aug_lr1e-4,1,477,many,100,1.1458462476730347,0.78,1.71858549118042
1,ns_muon_aug_lr1e-4,2,456,many,100,1.933397650718689,0.5700000000000001,0.10433614253997803
1,ns_muon_aug_lr1e-4,3,435,many,100,2.1981287002563477,0.47000000000000003,-0.2906055450439453
1,ns_muon_aug_lr1e-4,4,415,many,100,2.3488636016845703,0.51,-0.3165282607078552
1,ns_muon_aug_lr1e-4,5,396,many,100,2.1110410690307617,0.54,-0.07480693608522415
1,ns_muon_aug_lr1e-4,6,378,many,100,1.9669171571731567,0.53,0.24571707844734192
1,ns_muon_aug_lr1e-4,7,361,many,100,2.3096015453338623,0.33,-0.5415881276130676
1,ns_muon_aug_lr1e-4,8,345,many,100,2.2808947563171387,0.5,-0.1336805671453476
1,ns_muon_aug_lr1e-4,9,329,many,100,2.3781497478485107,0.43,-0.22749808430671692
1,ns_muon_aug_lr1e-4,10,314,many,100,3.0943825244903564,0.06,-1.40397310256958
1,ns_muon_aug_lr1e-4,11,300,many,100,2.808490037918091,0.19,-1.0995304584503174
1,ns_muon_aug_lr1e-4,12,286,many,100,1.9671837091445923,0.54,-0.06579989939928055
1,ns_muon_aug_lr1e-4,13,273,many,100,1.8343478441238403,0.59,0.2047930657863617
1,ns_muon_aug_lr1e-4,14,261,many,100,2.8564891815185547,0.21,-1.1085816621780396
1,ns_muon_aug_lr1e-4,15,249,many,100,2.8521616458892822,0.24,-0.9060765504837036
1,ns_muon_aug_lr1e-4,16,238,many,100,2.892709732055664,0.16,-1.2358424663543701
1,ns_muon_aug_lr1e-4,17,227,many,100,1.585579514503479,0.68,0.5082442164421082
1,ns_muon_aug_lr1e-4,18,216,many,100,2.7163727283477783,0.35000000000000003,-0.881334662437439
1,ns_muon_aug_lr1e-4,19,207,many,100,3.272812843322754,0.03,-1.3261034488677979
1,ns_muon_aug_lr1e-4,20,197,many,100,2.222151279449463,0.54,-0.20403727889060974
1,ns_muon_aug_lr1e-4,21,188,many,100,2.244921922683716,0.27,-0.6944166421890259
1,ns_muon_aug_lr1e-4,22,180,many,100,3.7232630252838135,0.03,-2.127997398376465
1,ns_muon_aug_lr1e-4,23,172,many,100,1.700691819190979,0.7000000000000001,0.7825637459754944
1,ns_muon_aug_lr1e-4,24,164,many,100,2.351832389831543,0.44,-0.5882130265235901
1,ns_muon_aug_lr1e-4,25,156,many,100,3.7068865299224854,0.01,-2.00586199760437
1,ns_muon_aug_lr1e-4,26,149,many,100,3.9908111095428467,0.0,-2.286506414413452
1,ns_muon_aug_lr1e-4,27,142,many,100,3.5493662357330322,0.01,-1.6018508672714233
1,ns_muon_aug_lr1e-4,28,136,many,100,3.6431751251220703,0.11,-1.8633041381835938
1,ns_muon_aug_lr1e-4,29,130,many,100,3.6719467639923096,0.13,-1.6667537689208984
1,ns_muon_aug_lr1e-4,30,124,many,100,2.0402159690856934,0.55,0.007803239859640598
1,ns_muon_aug_lr1e-4,31,118,many,100,3.7613892555236816,0.0,-1.9001339673995972
1,ns_muon_aug_lr1e-4,32,113,many,100,4.2906928062438965,0.0,-2.4512715339660645
1,ns_muon_aug_lr1e-4,33,108,many,100,3.3748908042907715,0.16,-1.5156362056732178
1,ns_muon_aug_lr1e-4,34,103,many,100,4.164891719818115,0.0,-2.3024275302886963
1,ns_muon_aug_lr1e-4,35,98,medium,100,3.8576278686523438,0.0,-2.1808722019195557
1,ns_muon_aug_lr1e-4,36,94,medium,100,3.6562719345092773,0.07,-1.8824065923690796
1,ns_muon_aug_lr1e-4,37,89,medium,100,3.550075054168701,0.0,-1.9167836904525757
1,ns_muon_aug_lr1e-4,38,85,medium,100,4.089285850524902,0.01,-2.1287918090820312
1,ns_muon_aug_lr1e-4,39,81,medium,100,4.434729099273682,0.02,-2.9977433681488037
1,ns_muon_aug_lr1e-4,40,78,medium,100,4.628147602081299,0.0,-2.8234050273895264
1,ns_muon_aug_lr1e-4,41,74,medium,100,3.542865037918091,0.22,-1.738840937614441
1,ns_muon_aug_lr1e-4,42,71,medium,100,4.128572463989258,0.0,-2.2631871700286865
1,ns_muon_aug_lr1e-4,43,68,medium,100,3.9878716468811035,0.0,-2.034848690032959
1,ns_muon_aug_lr1e-4,44,65,medium,100,4.9155659675598145,0.0,-3.088212728500366
1,ns_muon_aug_lr1e-4,45,62,medium,100,5.207131385803223,0.0,-3.358778715133667
1,ns_muon_aug_lr1e-4,46,59,medium,100,4.764124870300293,0.0,-3.03002667427063
1,ns_muon_aug_lr1e-4,47,56,medium,100,4.025167465209961,0.0,-2.398728847503662
1,ns_muon_aug_lr1e-4,48,54,medium,100,4.283612251281738,0.0,-2.5298008918762207
1,ns_muon_aug_lr1e-4,49,51,medium,100,3.3538753986358643,0.02,-2.1622095108032227
1,ns_muon_aug_lr1e-4,50,49,medium,100,5.380153656005859,0.0,-3.5168874263763428
1,ns_muon_aug_lr1e-4,51,47,medium,100,5.2400712966918945,0.0,-3.4340031147003174
1,ns_muon_aug_lr1e-4,52,45,medium,100,2.783364772796631,0.12,-1.1865992546081543
1,ns_muon_aug_lr1e-4,53,42,medium,100,2.608124017715454,0.34,-1.0326817035675049
1,ns_muon_aug_lr1e-4,54,41,medium,100,4.206971645355225,0.04,-2.673332452774048
1,ns_muon_aug_lr1e-4,55,39,medium,100,5.554174900054932,0.0,-3.7402422428131104
1,ns_muon_aug_lr1e-4,56,37,medium,100,4.931187629699707,0.0,-3.095540761947632
1,ns_muon_aug_lr1e-4,57,35,medium,100,5.075995922088623,0.0,-3.6626195907592773
1,ns_muon_aug_lr1e-4,58,34,medium,100,5.222800254821777,0.0,-3.7163784503936768
1,ns_muon_aug_lr1e-4,59,32,medium,100,5.078833103179932,0.0,-3.570723295211792
1,ns_muon_aug_lr1e-4,60,31,medium,100,4.270772933959961,0.0,-3.0675745010375977
1,ns_muon_aug_lr1e-4,61,29,medium,100,5.768263339996338,0.0,-4.035887718200684
1,ns_muon_aug_lr1e-4,62,28,medium,100,3.6621439456939697,0.13,-2.4382641315460205
1,ns_muon_aug_lr1e-4,63,27,medium,100,5.740442276000977,0.0,-3.8072350025177
1,ns_muon_aug_lr1e-4,64,25,medium,100,5.804277420043945,0.0,-3.895634412765503
1,ns_muon_aug_lr1e-4,65,24,medium,100,6.342370510101318,0.0,-4.633091449737549
1,ns_muon_aug_lr1e-4,66,23,medium,100,5.612433910369873,0.0,-3.7448229789733887
1,ns_muon_aug_lr1e-4,67,22,medium,100,4.730359077453613,0.0,-3.289518356323242
1,ns_muon_aug_lr1e-4,68,21,medium,100,5.284595966339111,0.0,-3.612542152404785
1,ns_muon_aug_lr1e-4,69,20,medium,100,6.202243804931641,0.0,-4.664966106414795
1,ns_muon_aug_lr1e-4,70,19,few,100,4.764761447906494,0.06,-3.647146463394165
1,ns_muon_aug_lr1e-4,71,18,few,100,5.034461975097656,0.0,-3.7520740032196045
1,ns_muon_aug_lr1e-4,72,18,few,100,6.416882514953613,0.0,-4.608834266662598
1,ns_muon_aug_lr1e-4,73,17,few,100,4.491343975067139,0.0,-3.2580339908599854
1,ns_muon_aug_lr1e-4,74,16,few,100,6.3963093757629395,0.0,-4.525216102600098
1,ns_muon_aug_lr1e-4,75,15,few,100,6.695384502410889,0.0,-4.884297847747803
1,ns_muon_aug_lr1e-4,76,15,few,100,5.676202774047852,0.0,-3.9896295070648193
1,ns_muon_aug_lr1e-4,77,14,few,100,6.596307277679443,0.0,-4.702028274536133
1,ns_muon_aug_lr1e-4,78,13,few,100,6.74547004699707,0.0,-5.040095329284668
1,ns_muon_aug_lr1e-4,79,13,few,100,6.480469226837158,0.0,-4.692675590515137
1,ns_muon_aug_lr1e-4,80,12,few,100,6.046238899230957,0.0,-4.002546787261963
1,ns_muon_aug_lr1e-4,81,12,few,100,6.085890293121338,0.0,-4.477320671081543
1,ns_muon_aug_lr1e-4,82,11,few,100,5.999178886413574,0.0,-4.7709879875183105
1,ns_muon_aug_lr1e-4,83,11,few,100,6.557397365570068,0.0,-5.388560771942139
1,ns_muon_aug_lr1e-4,84,10,few,100,6.628415107727051,0.0,-4.909556865692139
1,ns_muon_aug_lr1e-4,85,10,few,100,7.262185096740723,0.0,-5.709500789642334
1,ns_muon_aug_lr1e-4,86,9,few,100,6.419004440307617,0.0,-4.573087215423584
1,ns_muon_aug_lr1e-4,87,9,few,100,6.510981559753418,0.0,-4.800637722015381
1,ns_muon_aug_lr1e-4,88,8,few,100,6.75948429107666,0.0,-4.813579559326172
1,ns_muon_aug_lr1e-4,89,8,few,100,6.994897842407227,0.0,-5.297739028930664
1,ns_muon_aug_lr1e-4,90,8,few,100,6.751760959625244,0.0,-5.107034206390381
1,ns_muon_aug_lr1e-4,91,7,few,100,6.961970806121826,0.0,-5.199700832366943
1,ns_muon_aug_lr1e-4,92,7,few,100,7.216619968414307,0.0,-6.062560081481934
1,ns_muon_aug_lr1e-4,93,7,few,100,6.110513687133789,0.0,-4.4165496826171875
1,ns_muon_aug_lr1e-4,94,6,few,100,6.9150590896606445,0.0,-5.27833366394043
1,ns_muon_aug_lr1e-4,95,6,few,100,6.767572402954102,0.0,-5.353649139404297
1,ns_muon_aug_lr1e-4,96,6,few,100,7.277317047119141,0.0,-5.744962215423584
1,ns_muon_aug_lr1e-4,97,5,few,100,6.570805549621582,0.0,-4.624092102050781
1,ns_muon_aug_lr1e-4,98,5,few,100,7.127986907958984,0.0,-5.386279106140137
1,ns_muon_aug_lr1e-4,99,5,few,100,7.707446098327637,0.0,-6.063589572906494
2,adamw_aug_ce,0,500,many,100,0.2756396532058716,0.92,8.576787948608398
2,adamw_aug_ce,1,477,many,100,0.4422481954097748,0.89,7.200624942779541
2,adamw_aug_ce,2,456,many,100,1.4449491500854492,0.68,3.3688671588897705
2,adamw_aug_ce,3,435,many,100,1.9332275390625,0.61,1.4839227199554443
2,adamw_aug_ce,4,415,many,100,1.4761539697647095,0.72,2.863271713256836
2,adamw_aug_ce,5,396,many,100,1.540980577468872,0.7000000000000001,2.5058140754699707
2,adamw_aug_ce,6,378,many,100,0.8631698489189148,0.8200000000000001,5.0911383628845215
2,adamw_aug_ce,7,361,many,100,1.2049609422683716,0.7000000000000001,3.540428638458252
2,adamw_aug_ce,8,345,many,100,0.921517014503479,0.8200000000000001,5.6220879554748535
2,adamw_aug_ce,9,329,many,100,0.9924328327178955,0.78,5.144930362701416
2,adamw_aug_ce,10,314,many,100,2.485184669494629,0.58,-0.013322562910616398
2,adamw_aug_ce,11,300,many,100,1.97002375125885,0.52,1.0141658782958984
2,adamw_aug_ce,12,286,many,100,0.9888544678688049,0.78,4.219422340393066
2,adamw_aug_ce,13,273,many,100,1.1820322275161743,0.74,4.270698547363281
2,adamw_aug_ce,14,261,many,100,2.141710042953491,0.59,0.667292594909668
2,adamw_aug_ce,15,249,many,100,1.81111478805542,0.6,2.0433592796325684
2,adamw_aug_ce,16,238,many,100,1.5694259405136108,0.7000000000000001,4.253553867340088
2,adamw_aug_ce,17,227,many,100,0.98671555519104,0.8,5.014973163604736
2,adamw_aug_ce,18,216,many,100,2.8836886882781982,0.51,-0.09428119659423828
2,adamw_aug_ce,19,207,many,100,2.905527114868164,0.49,0.45603546500205994
2,adamw_aug_ce,20,197,many,100,1.0131254196166992,0.78,6.098658084869385
2,adamw_aug_ce,21,188,many,100,1.0019952058792114,0.8,4.851967811584473
2,adamw_aug_ce,22,180,many,100,3.564328670501709,0.45,-0.5141682028770447
2,adamw_aug_ce,23,172,many,100,0.8867986798286438,0.8200000000000001,5.166842460632324
2,adamw_aug_ce,24,164,many,100,1.3928335905075073,0.74,3.9249050617218018
2,adamw_aug_ce,25,156,many,100,3.740098237991333,0.3,-2.4425876140594482
2,adamw_aug_ce,26,149,many,100,3.075324058532715,0.47000000000000003,-0.24551323056221008
2,adamw_aug_ce,27,142,many,100,3.244058609008789,0.43,-1.2412240505218506
2,adamw_aug_ce,28,136,many,100,2.507091760635376,0.52,0.643295407295227
2,adamw_aug_ce,29,130,many,100,3.1757514476776123,0.48,-0.32337450981140137
2,adamw_aug_ce,30,124,many,100,1.4402241706848145,0.68,2.7389397621154785
2,adamw_aug_ce,31,118,many,100,2.569819450378418,0.48,-0.39706480503082275
2,adamw_aug_ce,32,113,many,100,3.5085692405700684,0.41000000000000003,-1.1116243600845337
2,adamw_aug_ce,33,108,many,100,2.496333122253418,0.5,-0.03506282716989517
2,adamw_aug_ce,34,103,many,100,3.321463108062744,0.39,-1.6307989358901978
2,adamw_aug_ce,35,98,medium,100,3.854360342025757,0.17,-3.128142833709717
2,adamw_aug_ce,36,94,medium,100,2.7247467041015625,0.46,-0.40339896082878113
2,adamw_aug_ce,37,89,medium,100,2.8461852073669434,0.4,-0.8971501588821411
2,adamw_aug_ce,38,85,medium,100,4.097599983215332,0.27,-2.787389039993286
2,adamw_aug_ce,39,81,medium,100,3.2170355319976807,0.52,-0.2841305434703827
2,adamw_aug_ce,40,78,medium,100,4.554293155670166,0.31,-3.0931625366210938
2,adamw_aug_ce,41,74,medium,100,2.337432622909546,0.61,2.508761167526245
2,adamw_aug_ce,42,71,medium,100,2.4224746227264404,0.54,1.08316969871521
2,adamw_aug_ce,43,68,medium,100,2.8158445358276367,0.48,-0.23105458915233612
2,adamw_aug_ce,44,65,medium,100,5.977945327758789,0.14,-5.197627067565918
2,adamw_aug_ce,45,62,medium,100,5.2797369956970215,0.2,-4.408682823181152
2,adamw_aug_ce,46,59,medium,100,5.452355861663818,0.14,-4.718420505523682
2,adamw_aug_ce,47,56,medium,100,2.3206522464752197,0.51,0.22517484426498413
2,adamw_aug_ce,48,54,medium,100,1.4045437574386597,0.68,2.011521816253662
2,adamw_aug_ce,49,51,medium,100,2.6923515796661377,0.44,-0.42285585403442383
2,adamw_aug_ce,50,49,medium,100,5.4090895652771,0.09,-4.655672550201416
2,adamw_aug_ce,51,47,medium,100,4.820296764373779,0.26,-3.6690385341644287
2,adamw_aug_ce,52,45,medium,100,1.4379355907440186,0.66,1.693929672241211
2,adamw_aug_ce,53,42,medium,100,1.8766279220581055,0.63,1.172236442565918
2,adamw_aug_ce,54,41,medium,100,2.870185613632202,0.4,-1.0498157739639282
2,adamw_aug_ce,55,39,medium,100,7.206463813781738,0.05,-6.657046794891357
2,adamw_aug_ce,56,37,medium,100,3.0010056495666504,0.41000000000000003,-0.8080998659133911
2,adamw_aug_ce,57,35,medium,100,4.579862117767334,0.25,-3.5528032779693604
2,adamw_aug_ce,58,34,medium,100,4.743528842926025,0.2,-3.7957327365875244
2,adamw_aug_ce,59,32,medium,100,3.743826389312744,0.28,-2.8431217670440674
2,adamw_aug_ce,60,31,medium,100,2.403404474258423,0.51,0.28791263699531555
2,adamw_aug_ce,61,29,medium,100,5.128597259521484,0.17,-4.28049898147583
2,adamw_aug_ce,62,28,medium,100,2.9973809719085693,0.46,-0.7391545176506042
2,adamw_aug_ce,63,27,medium,100,4.929232120513916,0.24,-3.6490395069122314
2,adamw_aug_ce,64,25,medium,100,5.668036460876465,0.12,-4.994116306304932
2,adamw_aug_ce,65,24,medium,100,6.598544120788574,0.05,-5.942616939544678
2,adamw_aug_ce,66,23,medium,100,6.501380443572998,0.04,-5.871538162231445
2,adamw_aug_ce,67,22,medium,100,5.673714637756348,0.1,-5.078152179718018
2,adamw_aug_ce,68,21,medium,100,2.1173086166381836,0.49,-0.1494143158197403
2,adamw_aug_ce,69,20,medium,100,4.490482330322266,0.25,-3.3652219772338867
2,adamw_aug_ce,70,19,few,100,3.945134162902832,0.24,-3.056929588317871
2,adamw_aug_ce,71,18,few,100,4.656352996826172,0.18,-3.9625794887542725
2,adamw_aug_ce,72,18,few,100,7.035226821899414,0.02,-6.551012992858887
2,adamw_aug_ce,73,17,few,100,5.801853656768799,0.06,-5.32096004486084
2,adamw_aug_ce,74,16,few,100,6.903846263885498,0.05,-6.414372444152832
2,adamw_aug_ce,75,15,few,100,4.587063789367676,0.17,-3.7810592651367188
2,adamw_aug_ce,76,15,few,100,4.024347305297852,0.19,-3.1523406505584717
2,adamw_aug_ce,77,14,few,100,6.848761081695557,0.03,-6.204068660736084
2,adamw_aug_ce,78,13,few,100,6.170684814453125,0.03,-5.590247631072998
2,adamw_aug_ce,79,13,few,100,6.822159290313721,0.1,-6.108518600463867
2,adamw_aug_ce,80,12,few,100,6.952749252319336,0.01,-6.407922267913818
2,adamw_aug_ce,81,12,few,100,6.106768608093262,0.05,-5.754915714263916
2,adamw_aug_ce,82,11,few,100,2.8051633834838867,0.41000000000000003,-1.1345072984695435
2,adamw_aug_ce,83,11,few,100,7.783865928649902,0.04,-7.45729398727417
2,adamw_aug_ce,84,10,few,100,8.077025413513184,0.03,-7.620203495025635
2,adamw_aug_ce,85,10,few,100,5.091621398925781,0.13,-4.323566913604736
2,adamw_aug_ce,86,9,few,100,5.904477119445801,0.11,-5.190014362335205
2,adamw_aug_ce,87,9,few,100,5.488832950592041,0.1,-4.911741733551025
2,adamw_aug_ce,88,8,few,100,7.15533447265625,0.02,-6.673675537109375
2,adamw_aug_ce,89,8,few,100,5.6592936515808105,0.11,-5.0325822830200195
2,adamw_aug_ce,90,8,few,100,7.805047512054443,0.0,-7.346004962921143
2,adamw_aug_ce,91,7,few,100,5.816890716552734,0.11,-5.132872104644775
2,adamw_aug_ce,92,7,few,100,7.007306098937988,0.03,-6.555723667144775
2,adamw_aug_ce,93,7,few,100,8.946976661682129,0.01,-8.504520416259766
2,adamw_aug_ce,94,6,few,100,6.7822699546813965,0.02,-6.426399230957031
2,adamw_aug_ce,95,6,few,100,6.187515735626221,0.06,-5.733479976654053
2,adamw_aug_ce,96,6,few,100,6.875799655914307,0.03,-6.499289512634277
2,adamw_aug_ce,97,5,few,100,7.915298938751221,0.04,-7.288461208343506
2,adamw_aug_ce,98,5,few,100,9.189920425415039,0.0,-8.79727840423584
2,adamw_aug_ce,99,5,few,100,10.28660774230957,0.01,-9.693870544433594
2,ns_muon_aug_lr3e-5,0,500,many,100,1.0925452709197998,0.8,2.1950039863586426
2,ns_muon_aug_lr3e-5,1,477,many,100,1.9497809410095215,0.65,0.5060127973556519
2,ns_muon_aug_lr3e-5,2,456,many,100,2.468958854675293,0.53,-0.09534565359354019
2,ns_muon_aug_lr3e-5,3,435,many,100,2.775918483734131,0.33,-0.37246641516685486
2,ns_muon_aug_lr3e-5,4,415,many,100,2.7130584716796875,0.51,-0.22357459366321564
2,ns_muon_aug_lr3e-5,5,396,many,100,2.810140371322632,0.29,-0.4832267761230469
2,ns_muon_aug_lr3e-5,6,378,many,100,2.664719820022583,0.31,-0.31670188903808594
2,ns_muon_aug_lr3e-5,7,361,many,100,3.0281982421875,0.09,-0.8006722927093506
2,ns_muon_aug_lr3e-5,8,345,many,100,3.0747716426849365,0.16,-0.7261800765991211
2,ns_muon_aug_lr3e-5,9,329,many,100,3.049046516418457,0.29,-0.8281727433204651
2,ns_muon_aug_lr3e-5,10,314,many,100,3.4599411487579346,0.01,-1.2710233926773071
2,ns_muon_aug_lr3e-5,11,300,many,100,3.256718397140503,0.02,-1.0496844053268433
2,ns_muon_aug_lr3e-5,12,286,many,100,2.581618070602417,0.46,-0.391000896692276
2,ns_muon_aug_lr3e-5,13,273,many,100,2.9092721939086914,0.32,-0.4464099109172821
2,ns_muon_aug_lr3e-5,14,261,many,100,3.236717939376831,0.09,-0.9249398112297058
2,ns_muon_aug_lr3e-5,15,249,many,100,3.4489781856536865,0.04,-1.0554869174957275
2,ns_muon_aug_lr3e-5,16,238,many,100,3.627523183822632,0.0,-1.3830583095550537
2,ns_muon_aug_lr3e-5,17,227,many,100,2.3819589614868164,0.61,0.047146063297986984
2,ns_muon_aug_lr3e-5,18,216,many,100,2.9991204738616943,0.32,-0.6703025102615356
2,ns_muon_aug_lr3e-5,19,207,many,100,3.6374194622039795,0.0,-1.158715009689331
2,ns_muon_aug_lr3e-5,20,197,many,100,2.81589937210083,0.54,-0.44873297214508057
2,ns_muon_aug_lr3e-5,21,188,many,100,3.2675745487213135,0.0,-0.9624255299568176
2,ns_muon_aug_lr3e-5,22,180,many,100,3.9792428016662598,0.0,-1.7744632959365845
2,ns_muon_aug_lr3e-5,23,172,many,100,2.1198840141296387,0.66,0.3358802795410156
2,ns_muon_aug_lr3e-5,24,164,many,100,3.1258862018585205,0.22,-0.9493994116783142
2,ns_muon_aug_lr3e-5,25,156,many,100,4.282388210296631,0.0,-2.0972211360931396
2,ns_muon_aug_lr3e-5,26,149,many,100,4.209873676300049,0.0,-2.1646673679351807
2,ns_muon_aug_lr3e-5,27,142,many,100,3.914137363433838,0.0,-1.6492866277694702
2,ns_muon_aug_lr3e-5,28,136,many,100,4.004011154174805,0.0,-1.8939253091812134
2,ns_muon_aug_lr3e-5,29,130,many,100,4.212057590484619,0.0,-1.933382272720337
2,ns_muon_aug_lr3e-5,30,124,many,100,2.555838108062744,0.43,-0.48059988021850586
2,ns_muon_aug_lr3e-5,31,118,many,100,4.436371326446533,0.0,-2.099112033843994
2,ns_muon_aug_lr3e-5,32,113,many,100,4.499157905578613,0.0,-2.113873243331909
2,ns_muon_aug_lr3e-5,33,108,many,100,3.9795684814453125,0.0,-1.825846552848816
2,ns_muon_aug_lr3e-5,34,103,many,100,4.541059494018555,0.0,-2.171786069869995
2,ns_muon_aug_lr3e-5,35,98,medium,100,4.575957298278809,0.0,-2.3771238327026367
2,ns_muon_aug_lr3e-5,36,94,medium,100,4.321304798126221,0.0,-2.1055006980895996
2,ns_muon_aug_lr3e-5,37,89,medium,100,4.3859076499938965,0.0,-2.0489227771759033
2,ns_muon_aug_lr3e-5,38,85,medium,100,4.547422409057617,0.0,-2.162468194961548
2,ns_muon_aug_lr3e-5,39,81,medium,100,5.019566059112549,0.0,-2.834359645843506
2,ns_muon_aug_lr3e-5,40,78,medium,100,5.069608688354492,0.0,-2.976794481277466
2,ns_muon_aug_lr3e-5,41,74,medium,100,4.307134628295898,0.0,-2.0148138999938965
2,ns_muon_aug_lr3e-5,42,71,medium,100,4.6936116218566895,0.0,-2.384653091430664
2,ns_muon_aug_lr3e-5,43,68,medium,100,4.715850830078125,0.0,-2.4234392642974854
2,ns_muon_aug_lr3e-5,44,65,medium,100,5.23686408996582,0.0,-2.9905974864959717
2,ns_muon_aug_lr3e-5,45,62,medium,100,5.138412952423096,0.0,-3.0571069717407227
2,ns_muon_aug_lr3e-5,46,59,medium,100,5.204702377319336,0.0,-2.8999571800231934
2,ns_muon_aug_lr3e-5,47,56,medium,100,5.172393321990967,0.0,-3.080906391143799
2,ns_muon_aug_lr3e-5,48,54,medium,100,5.55535888671875,0.0,-3.093797445297241
2,ns_muon_aug_lr3e-5,49,51,medium,100,4.8834428787231445,0.0,-3.0973620414733887
2,ns_muon_aug_lr3e-5,50,49,medium,100,5.584030628204346,0.0,-3.342318534851074
2,ns_muon_aug_lr3e-5,51,47,medium,100,5.699010848999023,0.0,-3.285289764404297
2,ns_muon_aug_lr3e-5,52,45,medium,100,4.940375804901123,0.0,-2.759061574935913
2,ns_muon_aug_lr3e-5,53,42,medium,100,3.079237937927246,0.19,-1.601216435432434
2,ns_muon_aug_lr3e-5,54,41,medium,100,5.841581344604492,0.0,-3.8336732387542725
2,ns_muon_aug_lr3e-5,55,39,medium,100,5.678321361541748,0.0,-3.429144859313965
2,ns_muon_aug_lr3e-5,56,37,medium,100,5.492362022399902,0.0,-3.1558480262756348
2,ns_muon_aug_lr3e-5,57,35,medium,100,5.761768817901611,0.0,-3.8170688152313232
2,ns_muon_aug_lr3e-5,58,34,medium,100,5.898204326629639,0.0,-3.58904767036438
2,ns_muon_aug_lr3e-5,59,32,medium,100,6.1451826095581055,0.0,-3.9393115043640137
2,ns_muon_aug_lr3e-5,60,31,medium,100,5.229818820953369,0.0,-3.4614806175231934
2,ns_muon_aug_lr3e-5,61,29,medium,100,5.638068675994873,0.0,-3.333561420440674
2,ns_muon_aug_lr3e-5,62,28,medium,100,5.020280838012695,0.0,-3.7439427375793457
2,ns_muon_aug_lr3e-5,63,27,medium,100,5.838228702545166,0.0,-3.5513598918914795
2,ns_muon_aug_lr3e-5,64,25,medium,100,5.836484909057617,0.0,-3.534233331680298
2,ns_muon_aug_lr3e-5,65,24,medium,100,6.373715877532959,0.0,-4.070722579956055
2,ns_muon_aug_lr3e-5,66,23,medium,100,5.898427963256836,0.0,-3.556650400161743
2,ns_muon_aug_lr3e-5,67,22,medium,100,5.935110092163086,0.0,-4.240230083465576
2,ns_muon_aug_lr3e-5,68,21,medium,100,5.710488319396973,0.0,-3.5563604831695557
2,ns_muon_aug_lr3e-5,69,20,medium,100,5.749815464019775,0.0,-3.8801639080047607
2,ns_muon_aug_lr3e-5,70,19,few,100,5.1075239181518555,0.0,-3.758920907974243
2,ns_muon_aug_lr3e-5,71,18,few,100,5.825191497802734,0.0,-4.116921901702881
2,ns_muon_aug_lr3e-5,72,18,few,100,6.287598133087158,0.0,-4.032549858093262
2,ns_muon_aug_lr3e-5,73,17,few,100,5.828225612640381,0.0,-4.3407135009765625
2,ns_muon_aug_lr3e-5,74,16,few,100,5.9465413093566895,0.0,-3.7275493144989014
2,ns_muon_aug_lr3e-5,75,15,few,100,5.717328071594238,0.0,-3.310899019241333
2,ns_muon_aug_lr3e-5,76,15,few,100,5.99993896484375,0.0,-4.038339614868164
2,ns_muon_aug_lr3e-5,77,14,few,100,6.388089656829834,0.0,-4.077086925506592
2,ns_muon_aug_lr3e-5,78,13,few,100,6.100529670715332,0.0,-3.8141703605651855
2,ns_muon_aug_lr3e-5,79,13,few,100,5.796984672546387,0.0,-3.635978937149048
2,ns_muon_aug_lr3e-5,80,12,few,100,6.422337532043457,0.0,-4.019083023071289
2,ns_muon_aug_lr3e-5,81,12,few,100,5.612354755401611,0.0,-3.2965028285980225
2,ns_muon_aug_lr3e-5,82,11,few,100,6.07879638671875,0.0,-4.492480278015137
2,ns_muon_aug_lr3e-5,83,11,few,100,7.243746280670166,0.0,-5.658901214599609
2,ns_muon_aug_lr3e-5,84,10,few,100,6.663989067077637,0.0,-4.432244300842285
2,ns_muon_aug_lr3e-5,85,10,few,100,6.200445652008057,0.0,-3.795294761657715
2,ns_muon_aug_lr3e-5,86,9,few,100,6.574321269989014,0.0,-4.1619720458984375
2,ns_muon_aug_lr3e-5,87,9,few,100,6.309065341949463,0.0,-3.948328733444214
2,ns_muon_aug_lr3e-5,88,8,few,100,6.507309436798096,0.0,-4.146195411682129
2,ns_muon_aug_lr3e-5,89,8,few,100,5.532449245452881,0.0,-3.1745550632476807
2,ns_muon_aug_lr3e-5,90,8,few,100,6.617764472961426,0.0,-4.4006218910217285
2,ns_muon_aug_lr3e-5,91,7,few,100,6.0586323738098145,0.0,-3.7718381881713867
2,ns_muon_aug_lr3e-5,92,7,few,100,6.426530838012695,0.0,-4.782822132110596
2,ns_muon_aug_lr3e-5,93,7,few,100,6.402891159057617,0.0,-4.262043476104736
2,ns_muon_aug_lr3e-5,94,6,few,100,7.471930503845215,0.0,-5.491200923919678
2,ns_muon_aug_lr3e-5,95,6,few,100,5.8274736404418945,0.0,-4.0877275466918945
2,ns_muon_aug_lr3e-5,96,6,few,100,6.73088264465332,0.0,-4.5778913497924805
2,ns_muon_aug_lr3e-5,97,5,few,100,6.439054489135742,0.0,-4.0484819412231445
2,ns_muon_aug_lr3e-5,98,5,few,100,6.960450649261475,0.0,-4.7932515144348145
2,ns_muon_aug_lr3e-5,99,5,few,100,6.938968658447266,0.0,-5.00525426864624
2,ns_muon_aug_lr1e-4,0,500,many,100,0.5790279507637024,0.89,3.643876314163208
2,ns_muon_aug_lr1e-4,1,477,many,100,1.193906307220459,0.76,1.4273895025253296
2,ns_muon_aug_lr1e-4,2,456,many,100,1.8879412412643433,0.6,0.14924944937229156
2,ns_muon_aug_lr1e-4,3,435,many,100,2.271934747695923,0.44,-0.3933860957622528
2,ns_muon_aug_lr1e-4,4,415,many,100,2.310580253601074,0.46,-0.24627740681171417
2,ns_muon_aug_lr1e-4,5,396,many,100,2.060263156890869,0.48,-0.026997946202754974
2,ns_muon_aug_lr1e-4,6,378,many,100,2.041738986968994,0.48,0.12255837768316269
2,ns_muon_aug_lr1e-4,7,361,many,100,2.1045427322387695,0.41000000000000003,-0.27495813369750977
2,ns_muon_aug_lr1e-4,8,345,many,100,2.3289787769317627,0.48,-0.3080865740776062
2,ns_muon_aug_lr1e-4,9,329,many,100,2.3479766845703125,0.43,-0.34926077723503113
2,ns_muon_aug_lr1e-4,10,314,many,100,3.155637741088867,0.03,-1.4721375703811646
2,ns_muon_aug_lr1e-4,11,300,many,100,2.7723255157470703,0.16,-1.0456256866455078
2,ns_muon_aug_lr1e-4,12,286,many,100,1.9977723360061646,0.53,-0.07205775380134583
2,ns_muon_aug_lr1e-4,13,273,many,100,1.820387840270996,0.62,0.24486999213695526
2,ns_muon_aug_lr1e-4,14,261,many,100,2.8113744258880615,0.26,-1.0717822313308716
2,ns_muon_aug_lr1e-4,15,249,many,100,2.8370659351348877,0.28,-0.8542359471321106
2,ns_muon_aug_lr1e-4,16,238,many,100,2.7928948402404785,0.21,-1.1764754056930542
2,ns_muon_aug_lr1e-4,17,227,many,100,1.7260501384735107,0.72,0.4045095443725586
2,ns_muon_aug_lr1e-4,18,216,many,100,2.736262798309326,0.36,-0.8914596438407898
2,ns_muon_aug_lr1e-4,19,207,many,100,3.1552228927612305,0.08,-1.2022515535354614
2,ns_muon_aug_lr1e-4,20,197,many,100,2.1645586490631104,0.59,-0.18640685081481934
2,ns_muon_aug_lr1e-4,21,188,many,100,2.1224782466888428,0.32,-0.5665125250816345
2,ns_muon_aug_lr1e-4,22,180,many,100,3.814491033554077,0.05,-2.2539241313934326
2,ns_muon_aug_lr1e-4,23,172,many,100,1.4325424432754517,0.73,1.1687239408493042
2,ns_muon_aug_lr1e-4,24,164,many,100,2.2292768955230713,0.5,-0.42779451608657837
2,ns_muon_aug_lr1e-4,25,156,many,100,3.62504506111145,0.01,-1.9769023656845093
2,ns_muon_aug_lr1e-4,26,149,many,100,3.926295757293701,0.01,-2.28263783454895
2,ns_muon_aug_lr1e-4,27,142,many,100,3.5809202194213867,0.04,-1.6809602975845337
2,ns_muon_aug_lr1e-4,28,136,many,100,3.4513657093048096,0.15,-1.6774495840072632
2,ns_muon_aug_lr1e-4,29,130,many,100,3.656015634536743,0.07,-1.7536263465881348
2,ns_muon_aug_lr1e-4,30,124,many,100,2.0596861839294434,0.55,0.3144511282444
2,ns_muon_aug_lr1e-4,31,118,many,100,3.828037977218628,0.0,-1.9802416563034058
2,ns_muon_aug_lr1e-4,32,113,many,100,4.275205135345459,0.0,-2.4219791889190674
2,ns_muon_aug_lr1e-4,33,108,many,100,3.273746967315674,0.18,-1.430428147315979
2,ns_muon_aug_lr1e-4,34,103,many,100,4.148587703704834,0.0,-2.2715744972229004
2,ns_muon_aug_lr1e-4,35,98,medium,100,3.9397521018981934,0.0,-2.306546926498413
2,ns_muon_aug_lr1e-4,36,94,medium,100,3.672438383102417,0.06,-1.8849694728851318
2,ns_muon_aug_lr1e-4,37,89,medium,100,3.5246431827545166,0.01,-1.9093118906021118
2,ns_muon_aug_lr1e-4,38,85,medium,100,4.141080856323242,0.02,-2.1761302947998047
2,ns_muon_aug_lr1e-4,39,81,medium,100,4.753169536590576,0.01,-3.2555224895477295
2,ns_muon_aug_lr1e-4,40,78,medium,100,4.71412467956543,0.0,-2.951847553253174
2,ns_muon_aug_lr1e-4,41,74,medium,100,3.556225061416626,0.27,-1.624590516090393
2,ns_muon_aug_lr1e-4,42,71,medium,100,4.212498664855957,0.0,-2.2719507217407227
2,ns_muon_aug_lr1e-4,43,68,medium,100,3.7702112197875977,0.02,-1.8537801504135132
2,ns_muon_aug_lr1e-4,44,65,medium,100,5.008375644683838,0.0,-3.20749568939209
2,ns_muon_aug_lr1e-4,45,62,medium,100,4.902587413787842,0.0,-3.140186071395874
2,ns_muon_aug_lr1e-4,46,59,medium,100,4.887951374053955,0.0,-3.163081645965576
2,ns_muon_aug_lr1e-4,47,56,medium,100,4.015728950500488,0.0,-2.4043679237365723
2,ns_muon_aug_lr1e-4,48,54,medium,100,4.362699031829834,0.0,-2.6546294689178467
2,ns_muon_aug_lr1e-4,49,51,medium,100,3.27558970451355,0.15,-1.9332631826400757
2,ns_muon_aug_lr1e-4,50,49,medium,100,5.237880706787109,0.0,-3.403263568878174
2,ns_muon_aug_lr1e-4,51,47,medium,100,5.153066635131836,0.0,-3.351316452026367
2,ns_muon_aug_lr1e-4,52,45,medium,100,2.9488391876220703,0.08,-1.1577208042144775
2,ns_muon_aug_lr1e-4,53,42,medium,100,2.5475873947143555,0.36,-1.031109094619751
2,ns_muon_aug_lr1e-4,54,41,medium,100,4.869546413421631,0.0,-3.3838348388671875
2,ns_muon_aug_lr1e-4,55,39,medium,100,5.492822647094727,0.0,-3.6859850883483887
2,ns_muon_aug_lr1e-4,56,37,medium,100,4.955952167510986,0.0,-3.0388920307159424
2,ns_muon_aug_lr1e-4,57,35,medium,100,5.5446977615356445,0.0,-4.114100933074951
2,ns_muon_aug_lr1e-4,58,34,medium,100,5.461726188659668,0.0,-4.015026569366455
2,ns_muon_aug_lr1e-4,59,32,medium,100,5.346733570098877,0.0,-3.7073676586151123
2,ns_muon_aug_lr1e-4,60,31,medium,100,3.937110185623169,0.0,-2.729189395904541
2,ns_muon_aug_lr1e-4,61,29,medium,100,5.349348545074463,0.0,-3.6154301166534424
2,ns_muon_aug_lr1e-4,62,28,medium,100,3.612246513366699,0.11,-2.545811414718628
2,ns_muon_aug_lr1e-4,63,27,medium,100,5.710516452789307,0.0,-3.8858299255371094
2,ns_muon_aug_lr1e-4,64,25,medium,100,5.714352607727051,0.0,-3.887192487716675
2,ns_muon_aug_lr1e-4,65,24,medium,100,6.382915019989014,0.0,-4.626986503601074
2,ns_muon_aug_lr1e-4,66,23,medium,100,6.009543418884277,0.0,-4.172799587249756
2,ns_muon_aug_lr1e-4,67,22,medium,100,5.112016677856445,0.0,-3.838953733444214
2,ns_muon_aug_lr1e-4,68,21,medium,100,5.188657760620117,0.0,-3.5520012378692627
2,ns_muon_aug_lr1e-4,69,20,medium,100,5.757491588592529,0.0,-4.185592174530029
2,ns_muon_aug_lr1e-4,70,19,few,100,4.72715950012207,0.01,-3.738053560256958
2,ns_muon_aug_lr1e-4,71,18,few,100,4.711593151092529,0.0,-3.4190855026245117
2,ns_muon_aug_lr1e-4,72,18,few,100,6.436240196228027,0.0,-4.627163410186768
2,ns_muon_aug_lr1e-4,73,17,few,100,5.16500997543335,0.0,-4.0384745597839355
2,ns_muon_aug_lr1e-4,74,16,few,100,6.179642200469971,0.0,-4.4461774826049805
2,ns_muon_aug_lr1e-4,75,15,few,100,5.990568161010742,0.0,-4.2690815925598145
2,ns_muon_aug_lr1e-4,76,15,few,100,5.728780746459961,0.0,-3.953547239303589
2,ns_muon_aug_lr1e-4,77,14,few,100,6.5996012687683105,0.0,-4.708982944488525
2,ns_muon_aug_lr1e-4,78,13,few,100,6.530277252197266,0.0,-4.834744930267334
2,ns_muon_aug_lr1e-4,79,13,few,100,5.992495059967041,0.0,-4.251126289367676
2,ns_muon_aug_lr1e-4,80,12,few,100,6.565631866455078,0.0,-4.576929092407227
2,ns_muon_aug_lr1e-4,81,12,few,100,6.144964694976807,0.0,-4.527170181274414
2,ns_muon_aug_lr1e-4,82,11,few,100,5.1802592277526855,0.0,-3.912067174911499
2,ns_muon_aug_lr1e-4,83,11,few,100,6.698812484741211,0.0,-5.500755310058594
2,ns_muon_aug_lr1e-4,84,10,few,100,7.214745998382568,0.0,-5.551178932189941
2,ns_muon_aug_lr1e-4,85,10,few,100,6.572314262390137,0.0,-4.934739112854004
2,ns_muon_aug_lr1e-4,86,9,few,100,6.714787006378174,0.0,-4.818283557891846
2,ns_muon_aug_lr1e-4,87,9,few,100,6.661059379577637,0.0,-4.868663311004639
2,ns_muon_aug_lr1e-4,88,8,few,100,6.952172756195068,0.0,-5.039177894592285
2,ns_muon_aug_lr1e-4,89,8,few,100,6.059951305389404,0.0,-4.341099262237549
2,ns_muon_aug_lr1e-4,90,8,few,100,7.12087869644165,0.0,-5.461429119110107
2,ns_muon_aug_lr1e-4,91,7,few,100,6.490572452545166,0.0,-4.667520523071289
2,ns_muon_aug_lr1e-4,92,7,few,100,6.966616153717041,0.0,-5.848071098327637
2,ns_muon_aug_lr1e-4,93,7,few,100,6.798119068145752,0.0,-5.2126288414001465
2,ns_muon_aug_lr1e-4,94,6,few,100,8.305926322937012,0.0,-6.677786827087402
2,ns_muon_aug_lr1e-4,95,6,few,100,5.667507171630859,0.0,-4.237139701843262
2,ns_muon_aug_lr1e-4,96,6,few,100,7.015341758728027,0.0,-5.374878406524658
2,ns_muon_aug_lr1e-4,97,5,few,100,7.040380477905273,0.0,-5.075817584991455
2,ns_muon_aug_lr1e-4,98,5,few,100,7.486093044281006,0.0,-5.787438869476318
2,ns_muon_aug_lr1e-4,99,5,few,100,7.400485992431641,0.0,-5.76879358291626
