problem_family,base_setting,seed,step,eval_algo,vector_source,source_algo,target_relative_op_norm,loss_before,loss_after,delta_loss,update_grad_inner,update_grad_cosine,update_fro_norm
MatrixFactorizationInput,MF input kappa=1e+02,0,0,Adam,own_vectors,Adam,0.001,0.0001532792239327137,0.00015326817299385283,1.1050938860860228e-08,1.103756032826167e-08,0.06792766450117677,0.006331555641509775
MatrixFactorizationInput,MF input kappa=1e+02,0,0,Adam,other_vectors,Muon,0.001,0.0001532792239327137,0.00015326817299385283,1.1050938860860228e-08,1.103756032826167e-08,0.06792766450117677,0.006331555641509775
MatrixFactorizationInput,MF input kappa=1e+02,0,0,Muon,own_vectors,Muon,0.001,0.0001532792239327137,0.00015326817299385283,1.1050938860860228e-08,1.103756032826167e-08,0.06792766450117677,0.006331555641509775
MatrixFactorizationInput,MF input kappa=1e+02,0,0,Muon,other_vectors,Adam,0.001,0.0001532792239327137,0.00015326817299385283,1.1050938860860228e-08,1.103756032826167e-08,0.06792766450117677,0.006331555641509775
MatrixFactorizationInput,MF input kappa=1e+02,0,1,Adam,own_vectors,Adam,0.001,0.00014960484497871958,0.00014953027575912947,7.456921959010957e-08,7.437231368357561e-08,0.1675007079378441,0.006481001288883693
MatrixFactorizationInput,MF input kappa=1e+02,0,1,Adam,other_vectors,Muon,0.001,0.00014960484497871958,0.00014956435088599222,4.0494092727350614e-08,4.031784149270187e-08,0.09080350816146171,0.006481001288883693
MatrixFactorizationInput,MF input kappa=1e+02,0,1,Muon,own_vectors,Muon,0.001,0.00015276069255121483,0.00015274760164595165,1.309090526317681e-08,1.3041949494512471e-08,0.07112993206045005,0.0063950239668645005
MatrixFactorizationInput,MF input kappa=1e+02,0,1,Muon,other_vectors,Adam,0.001,0.00015276069255121483,0.0001527537908509197,6.9017002951186814e-09,6.887210445852933e-09,0.03756239136684786,0.006395023966864501
MatrixFactorizationInput,MF input kappa=1e+02,0,3,Adam,own_vectors,Adam,0.001,0.00011891317213957395,0.00011858786592727823,3.253062122957214e-07,3.24238660320352e-07,0.28488360627672155,0.0067594972771831095
MatrixFactorizationInput,MF input kappa=1e+02,0,3,Adam,other_vectors,Muon,0.001,0.00011891317213957395,0.00011860245449031328,3.1071764926067123e-07,3.0980355963926723e-07,0.2722005920583308,0.0067594972771831095
MatrixFactorizationInput,MF input kappa=1e+02,0,3,Muon,own_vectors,Muon,0.001,0.0001513786363547434,0.00015135316640885784,2.5469945885551494e-08,2.5350787614274998e-08,0.09325612278558913,0.006521577135013967
MatrixFactorizationInput,MF input kappa=1e+02,0,3,Muon,other_vectors,Adam,0.001,0.0001513786363547434,0.00015135555946780955,2.307688693384117e-08,2.2961306037233525e-08,0.08446610841865858,0.006521577135013966
MatrixFactorizationInput,MF input kappa=1e+02,0,10,Adam,own_vectors,Adam,0.001,1.5386980753242767e-05,1.4971022914411287e-05,4.159578388314794e-07,4.259250194805751e-07,0.4201434396776415,0.00730330430611026
MatrixFactorizationInput,MF input kappa=1e+02,0,10,Adam,other_vectors,Muon,0.001,1.5386980753242767e-05,1.5219875798372412e-05,1.6710495487035476e-07,1.7836035706208022e-07,0.1759392627593982,0.00730330430611026
MatrixFactorizationInput,MF input kappa=1e+02,0,10,Muon,own_vectors,Muon,0.001,0.00013824134428778065,0.00013808898347442822,1.5236081335242972e-07,1.5173602543311393e-07,0.17195630849943577,0.006968287683056494
MatrixFactorizationInput,MF input kappa=1e+02,0,10,Muon,other_vectors,Adam,0.001,0.00013824134428778065,0.0001381519413543606,8.940293342004691e-08,8.893337156522488e-08,0.10078459767951313,0.006968287683056493
MatrixFactorizationInput,MF input kappa=1e+02,1,0,Adam,own_vectors,Adam,0.001,0.0001604720091443568,0.00016046248564688105,9.52349747576197e-09,9.514747076520008e-09,0.05299718067224329,0.006331631879611549
MatrixFactorizationInput,MF input kappa=1e+02,1,0,Adam,other_vectors,Muon,0.001,0.0001604720091443568,0.00016046248564688105,9.52349747576197e-09,9.514747076520008e-09,0.05299718067224329,0.006331631879611549
MatrixFactorizationInput,MF input kappa=1e+02,1,0,Muon,own_vectors,Muon,0.001,0.0001604720091443568,0.00016046248564688105,9.52349747576197e-09,9.514747076520008e-09,0.05299718067224329,0.006331631879611549
MatrixFactorizationInput,MF input kappa=1e+02,1,0,Muon,other_vectors,Adam,0.001,0.0001604720091443568,0.00016046248564688105,9.52349747576197e-09,9.514747076520008e-09,0.05299718067224329,0.006331631879611549
MatrixFactorizationInput,MF input kappa=1e+02,1,1,Adam,own_vectors,Adam,0.001,0.00015500910432133258,0.00015493507647947144,7.402784186114043e-08,7.376236440381954e-08,0.17005977103652944,0.006472481130173729
MatrixFactorizationInput,MF input kappa=1e+02,1,1,Adam,other_vectors,Muon,0.001,0.00015500910432133258,0.00015497088745816033,3.8216863172251545e-08,3.818791727504852e-08,0.08804257456557882,0.006472481130173729
MatrixFactorizationInput,MF input kappa=1e+02,1,1,Muon,own_vectors,Muon,0.001,0.00015994931251431103,0.00015993772463743515,1.1587876875879168e-08,1.1540591258543818e-08,0.059924882450971176,0.006368786147092367
MatrixFactorizationInput,MF input kappa=1e+02,1,1,Muon,other_vectors,Adam,0.001,0.00015994931251431103,0.0001599415971483206,7.715365990431907e-09,7.68798065325937e-09,0.03992008092226977,0.006368786147092367
MatrixFactorizationInput,MF input kappa=1e+02,1,3,Adam,own_vectors,Adam,0.001,0.00010820946606687405,0.00010775584932435363,4.536167425204206e-07,4.5255335704258475e-07,0.29952864625688375,0.0069676479139332516
MatrixFactorizationInput,MF input kappa=1e+02,1,3,Adam,other_vectors,Muon,0.001,0.00010820946606687405,0.00010778853232105035,4.2093374582370267e-07,4.2009554900950626e-07,0.27804600084210457,0.0069676479139332516
MatrixFactorizationInput,MF input kappa=1e+02,1,3,Muon,own_vectors,Muon,0.001,0.00015852310925605132,0.0001584985603593625,2.4548896688814667e-08,2.4430790392986506e-08,0.08785955887093194,0.006488633585797641
MatrixFactorizationInput,MF input kappa=1e+02,1,3,Muon,other_vectors,Adam,0.001,0.00015852310925605132,0.00015850095713936167,2.2152116689654142e-08,2.2052789591419276e-08,0.07930764147245113,0.00648863358579764
MatrixFactorizationInput,MF input kappa=1e+02,1,10,Adam,own_vectors,Adam,0.001,1.910486870719081e-05,1.8834140882958565e-05,2.707278242322445e-07,2.7730046375446825e-07,0.2738187682814613,0.007321194757860242
MatrixFactorizationInput,MF input kappa=1e+02,1,10,Adam,other_vectors,Muon,0.001,1.910486870719081e-05,1.900685637693236e-05,9.80123302584486e-08,1.1061585973606124e-07,0.1092270025633346,0.007321194757860242
MatrixFactorizationInput,MF input kappa=1e+02,1,10,Muon,own_vectors,Muon,0.001,0.00014488404970030894,0.00014473020973493223,1.5383996537670958e-07,1.5322454652611325e-07,0.17290132027474922,0.00693921198513805
MatrixFactorizationInput,MF input kappa=1e+02,1,10,Muon,other_vectors,Adam,0.001,0.00014488404970030894,0.00014486240005064552,2.1649649663415616e-08,2.1405548456566622e-08,0.0241544039336722,0.006939211985138051
MatrixFactorizationInput,MF input kappa=1e+02,2,0,Adam,own_vectors,Adam,0.001,0.0001493490238905777,0.00014934199534621899,7.028544358718761e-09,7.024096586266962e-09,0.04872962045482085,0.006331238136703492
MatrixFactorizationInput,MF input kappa=1e+02,2,0,Adam,other_vectors,Muon,0.001,0.0001493490238905777,0.00014934199534621899,7.028544358718761e-09,7.024096586266962e-09,0.04872962045482085,0.006331238136703492
MatrixFactorizationInput,MF input kappa=1e+02,2,0,Muon,own_vectors,Muon,0.001,0.0001493490238905777,0.00014934199534621899,7.028544358718761e-09,7.024096586266962e-09,0.04872962045482085,0.006331238136703492
MatrixFactorizationInput,MF input kappa=1e+02,2,0,Muon,other_vectors,Adam,0.001,0.0001493490238905777,0.00014934199534621899,7.028544358718761e-09,7.024096586266962e-09,0.04872962045482085,0.006331238136703492
MatrixFactorizationInput,MF input kappa=1e+02,2,1,Adam,own_vectors,Adam,0.001,0.00014631053186303964,0.00014624186480033909,6.866706270055472e-08,6.850424142944404e-08,0.159680675993767,0.006489574404460374
MatrixFactorizationInput,MF input kappa=1e+02,2,1,Adam,other_vectors,Muon,0.001,0.00014631053186303964,0.00014627903268778905,3.1499175250586766e-08,3.1482947877358564e-08,0.07338550569180351,0.006489574404460375
MatrixFactorizationInput,MF input kappa=1e+02,2,1,Muon,own_vectors,Muon,0.001,0.0001489476224121525,0.00014893891253783676,8.70987431573285e-09,8.670182317018643e-09,0.056354413881851,0.006394756332950885
MatrixFactorizationInput,MF input kappa=1e+02,2,1,Muon,other_vectors,Adam,0.001,0.0001489476224121525,0.00014894316505895458,4.457353197911268e-09,4.450046482465004e-09,0.028924393063114038,0.0063947563329508844
MatrixFactorizationInput,MF input kappa=1e+02,2,3,Adam,own_vectors,Adam,0.001,0.00011279340941398702,0.00011244949662035934,3.439127936276772e-07,3.428813632839822e-07,0.27818042290541584,0.0068477358568448865
MatrixFactorizationInput,MF input kappa=1e+02,2,3,Adam,other_vectors,Muon,0.001,0.00011279340941398702,0.00011246528676739596,3.281226465910584e-07,3.271696123187079e-07,0.2654334439321531,0.0068477358568448865
MatrixFactorizationInput,MF input kappa=1e+02,2,3,Muon,own_vectors,Muon,0.001,0.0001477952429329342,0.0001477755575134885,1.9685419445702535e-08,1.9589015508837532e-08,0.08436195088562491,0.006515493851942657
MatrixFactorizationInput,MF input kappa=1e+02,2,3,Muon,other_vectors,Adam,0.001,0.0001477952429329342,0.00014777673972906846,1.8503203865741138e-08,1.8422660309876277e-08,0.07933893173667528,0.006515493851942655
MatrixFactorizationInput,MF input kappa=1e+02,2,10,Adam,own_vectors,Adam,0.001,1.3687711090143477e-05,1.3372665097918272e-05,3.1504599222520523e-07,3.2222357671315117e-07,0.35815900684925606,0.0073601801679407325
MatrixFactorizationInput,MF input kappa=1e+02,2,10,Adam,other_vectors,Muon,0.001,1.3687711090143477e-05,1.3519273536418055e-05,1.68437553725422e-07,1.790526325604012e-07,0.1990211694182361,0.0073601801679407325
MatrixFactorizationInput,MF input kappa=1e+02,2,10,Muon,own_vectors,Muon,0.001,0.0001361576861610539,0.00013602692447644958,1.3076168460431905e-07,1.30241650493923e-07,0.16447751714156597,0.006964180368281862
MatrixFactorizationInput,MF input kappa=1e+02,2,10,Muon,other_vectors,Adam,0.001,0.0001361576861610539,0.00013609504046832398,6.264569272991559e-08,6.258443831818242e-08,0.0790356463330786,0.006964180368281861
MatrixFactorizationInput,MF input kappa=1e+02,3,0,Adam,own_vectors,Adam,0.001,0.00016144123210250178,0.00016143389715382592,7.334948675866279e-09,7.338771863242744e-09,0.04435912480760964,0.006330244973323977
MatrixFactorizationInput,MF input kappa=1e+02,3,0,Adam,other_vectors,Muon,0.001,0.00016144123210250178,0.00016143389715382592,7.334948675866279e-09,7.338771863242744e-09,0.04435912480760964,0.006330244973323977
MatrixFactorizationInput,MF input kappa=1e+02,3,0,Muon,own_vectors,Muon,0.001,0.00016144123210250178,0.00016143389715382592,7.334948675866279e-09,7.338771863242744e-09,0.04435912480760964,0.006330244973323977
MatrixFactorizationInput,MF input kappa=1e+02,3,0,Muon,other_vectors,Adam,0.001,0.00016144123210250178,0.00016143389715382592,7.334948675866279e-09,7.338771863242744e-09,0.04435912480760964,0.006330244973323977
MatrixFactorizationInput,MF input kappa=1e+02,3,1,Adam,own_vectors,Adam,0.001,0.00015702013446579352,0.00015695641911681691,6.371534897660369e-08,6.350437103223817e-08,0.15061878652715993,0.006445876878956747
MatrixFactorizationInput,MF input kappa=1e+02,3,1,Adam,other_vectors,Muon,0.001,0.00015702013446579352,0.00015698763952119322,3.249494460029435e-08,3.238924628263256e-08,0.0768203651547528,0.006445876878956747
MatrixFactorizationInput,MF input kappa=1e+02,3,1,Muon,own_vectors,Muon,0.001,0.00016099944803439297,0.0001609909601495066,8.487884886371373e-09,8.45969053811285e-09,0.04773639339345148,0.006393555573982302
MatrixFactorizationInput,MF input kappa=1e+02,3,1,Muon,other_vectors,Adam,0.001,0.00016099944803439297,0.0001609954271331063,4.020901286678081e-09,4.007980093820993e-09,0.02261625453198218,0.006393555573982302
MatrixFactorizationInput,MF input kappa=1e+02,3,3,Adam,own_vectors,Adam,0.001,0.00012099468907843818,0.00012061151319524738,3.8317588319079657e-07,3.81957134209731e-07,0.2888038513001982,0.0067671369669713806
MatrixFactorizationInput,MF input kappa=1e+02,3,3,Adam,other_vectors,Muon,0.001,0.00012099468907843818,0.00012066641377910282,3.282752993353583e-07,3.27399707551434e-07,0.24755211511115108,0.0067671369669713806
MatrixFactorizationInput,MF input kappa=1e+02,3,3,Muon,own_vectors,Muon,0.001,0.0001598111868880388,0.00015979250803908684,1.867884895197171e-08,1.8588015075061054e-08,0.07039156275624543,0.00651363674397797
MatrixFactorizationInput,MF input kappa=1e+02,3,3,Muon,other_vectors,Adam,0.001,0.0001598111868880388,0.0001597969909101841,1.4195977854716303e-08,1.4128041899117133e-08,0.053501944341483275,0.00651363674397797
MatrixFactorizationInput,MF input kappa=1e+02,3,10,Adam,own_vectors,Adam,0.001,1.9246026019251368e-05,1.8784523117251643e-05,4.61502901999725e-07,4.6932210552660894e-07,0.4221605732374587,0.007236021716009345
MatrixFactorizationInput,MF input kappa=1e+02,3,10,Adam,other_vectors,Muon,0.001,1.9246026019251368e-05,1.8939769294240262e-05,3.0625672501110584e-07,3.1051720210097725e-07,0.2793137559373029,0.007236021716009346
MatrixFactorizationInput,MF input kappa=1e+02,3,10,Muon,own_vectors,Muon,0.001,0.00014759264138371759,0.00014745559509456125,1.3704628915633455e-07,1.3647810526286426e-07,0.15355510680962342,0.006964672686322983
MatrixFactorizationInput,MF input kappa=1e+02,3,10,Muon,other_vectors,Adam,0.001,0.00014759264138371759,0.00014750322687954388,8.941450417370659e-08,8.905105252124316e-08,0.10019368202006868,0.006964672686322982
MatrixFactorizationInput,MF input kappa=1e+02,4,0,Adam,own_vectors,Adam,0.001,0.00014765915682122912,0.0001476489471602583,1.020966097081688e-08,1.0240663038627065e-08,0.05884926530565729,0.006332220959783635
MatrixFactorizationInput,MF input kappa=1e+02,4,0,Adam,other_vectors,Muon,0.001,0.00014765915682122912,0.0001476489471602583,1.020966097081688e-08,1.0240663038627065e-08,0.05884926530565729,0.006332220959783635
MatrixFactorizationInput,MF input kappa=1e+02,4,0,Muon,own_vectors,Muon,0.001,0.00014765915682122912,0.0001476489471602583,1.020966097081688e-08,1.0240663038627065e-08,0.05884926530565729,0.006332220959783635
MatrixFactorizationInput,MF input kappa=1e+02,4,0,Muon,other_vectors,Adam,0.001,0.00014765915682122912,0.0001476489471602583,1.020966097081688e-08,1.0240663038627065e-08,0.05884926530565729,0.006332220959783635
MatrixFactorizationInput,MF input kappa=1e+02,4,1,Adam,own_vectors,Adam,0.001,0.0001452023870056942,0.00014516079461141177,4.159239428244048e-08,4.147791603553471e-08,0.1423715322257628,0.006403656329338119
MatrixFactorizationInput,MF input kappa=1e+02,4,1,Adam,other_vectors,Muon,0.001,0.0001452023870056942,0.00014518636645329135,1.6020552402859402e-08,1.606466488029622e-08,0.055141414330983726,0.006403656329338118
MatrixFactorizationInput,MF input kappa=1e+02,4,1,Muon,own_vectors,Muon,0.001,0.00014719691467529776,0.00014718814523814188,8.769437155880123e-09,8.763345023225062e-09,0.055300364556349124,0.006361187913078532
MatrixFactorizationInput,MF input kappa=1e+02,4,1,Muon,other_vectors,Adam,0.001,0.00014719691467529776,0.00014719447750328893,2.4371720088302382e-09,2.447591021325853e-09,0.015445320868395344,0.006361187913078532
MatrixFactorizationInput,MF input kappa=1e+02,4,3,Adam,own_vectors,Adam,0.001,0.00011761284773264642,0.00011732264824193642,2.901994907100015e-07,2.892158692868226e-07,0.27928609143338184,0.006724514766963145
MatrixFactorizationInput,MF input kappa=1e+02,4,3,Adam,other_vectors,Muon,0.001,0.00011761284773264642,0.00011737481281261542,2.3803492003099857e-07,2.3744481202351604e-07,0.22929251304469606,0.006724514766963144
MatrixFactorizationInput,MF input kappa=1e+02,4,3,Muon,own_vectors,Muon,0.001,0.0001461819939042717,0.00014616674353169984,1.5250372571869696e-08,1.5176905721494866e-08,0.07641529849378007,0.006475747144673085
MatrixFactorizationInput,MF input kappa=1e+02,4,3,Muon,other_vectors,Adam,0.001,0.0001461819939042717,0.00014617001279928942,1.1981104982287287e-08,1.1917674561996601e-08,0.06000516018999163,0.006475747144673085
MatrixFactorizationInput,MF input kappa=1e+02,4,10,Adam,own_vectors,Adam,0.001,1.5735166391101975e-05,1.53859802067205e-05,3.49186184381473e-07,3.573317725650805e-07,0.38162612927810663,0.007277146855535191
MatrixFactorizationInput,MF input kappa=1e+02,4,10,Adam,other_vectors,Muon,0.001,1.5735166391101975e-05,1.5553130752645556e-05,1.8203563845641863e-07,1.9236525806591004e-07,0.20544383253774878,0.00727714685553519
MatrixFactorizationInput,MF input kappa=1e+02,4,10,Muon,own_vectors,Muon,0.001,0.00013600720928367763,0.00013589468089477203,1.1252838890560214e-07,1.1206928957626113e-07,0.16028361469413407,0.006923281151362083
MatrixFactorizationInput,MF input kappa=1e+02,4,10,Muon,other_vectors,Adam,0.001,0.00013600720928367763,0.00013596303311746795,4.417616620967335e-08,4.3879591947180516e-08,0.06275742119175082,0.006923281151362084
MatrixSensing,Matrix sensing kappa=1e+02,0,0,Adam,own_vectors,Adam,0.001,0.012595069754438687,0.012542769550361366,5.230020407732093e-05,5.2366074071486114e-05,0.8302154535473552,0.0011797226009421442
MatrixSensing,Matrix sensing kappa=1e+02,0,0,Adam,other_vectors,Muon,0.001,0.012595069754438687,0.012542769550361366,5.230020407732093e-05,5.2366074071486114e-05,0.8302154535473552,0.0011797226009421442
MatrixSensing,Matrix sensing kappa=1e+02,0,0,Muon,own_vectors,Muon,0.001,0.012595069754438687,0.012542769550361366,5.230020407732093e-05,5.2366074071486114e-05,0.8302154535473552,0.0011797226009421442
MatrixSensing,Matrix sensing kappa=1e+02,0,0,Muon,other_vectors,Adam,0.001,0.012595069754438687,0.012542769550361366,5.230020407732093e-05,5.2366074071486114e-05,0.8302154535473552,0.0011797226009421442
MatrixSensing,Matrix sensing kappa=1e+02,0,1,Adam,own_vectors,Adam,0.001,0.002669788132274374,0.0026336634973024,3.61246349719741e-05,3.6277928697510135e-05,0.8511058013267613,0.0017022373770223494
MatrixSensing,Matrix sensing kappa=1e+02,0,1,Adam,other_vectors,Muon,0.001,0.002669788132274374,0.0026798207872525985,-1.0032654978224531e-05,-9.903155816664482e-06,-0.2323350221365999,0.0017022373770223475
MatrixSensing,Matrix sensing kappa=1e+02,0,1,Muon,own_vectors,Muon,0.001,0.009440728451388599,0.009397214927872127,4.3513523516471725e-05,4.357482923823738e-05,0.8213680815121426,0.0011712164107297671
MatrixSensing,Matrix sensing kappa=1e+02,0,1,Muon,other_vectors,Adam,0.001,0.009440728451388599,0.009452759222841696,-1.2030771453097264e-05,-1.1958201234319572e-05,-0.22540730458101776,0.001171216410729766
MatrixSensing,Matrix sensing kappa=1e+02,0,3,Adam,own_vectors,Adam,0.001,0.005210448609248181,0.005141976011591448,6.847259765673311e-05,6.873533682737018e-05,0.8334710245467754,0.0025036131149139087
MatrixSensing,Matrix sensing kappa=1e+02,0,3,Adam,other_vectors,Muon,0.001,0.005210448609248181,0.005271861937403291,-6.141332815511047e-05,-6.117559682749409e-05,-0.7418031207605678,0.0025036131149139074
MatrixSensing,Matrix sensing kappa=1e+02,0,3,Muon,own_vectors,Muon,0.001,0.004715298709383537,0.004686237737275798,2.9060972107738947e-05,2.911553994008262e-05,0.8021436860085833,0.0011994782051751394
MatrixSensing,Matrix sensing kappa=1e+02,0,3,Muon,other_vectors,Adam,0.001,0.004715298709383537,0.004741713184588621,-2.6414475205084262e-05,-2.6354167179393578e-05,-0.7260668648587392,0.0011994782051751396
MatrixSensing,Matrix sensing kappa=1e+02,0,5,Adam,own_vectors,Adam,0.001,0.0023680611365872245,0.002333670736541084,3.439040004614034e-05,3.455093034272924e-05,0.8470517470957987,0.0021354209818517773
MatrixSensing,Matrix sensing kappa=1e+02,0,5,Adam,other_vectors,Muon,0.001,0.0023680611365872245,0.002382551406730114,-1.4490270142889644e-05,-1.4348806529087713e-05,-0.35177581380991746,0.0021354209818517777
MatrixSensing,Matrix sensing kappa=1e+02,0,5,Muon,own_vectors,Muon,0.001,0.0018232412383812028,0.001805995033868107,1.7246204513095753e-05,1.7295847183104803e-05,0.7858011838901411,0.0012649946750618968
MatrixSensing,Matrix sensing kappa=1e+02,0,5,Muon,other_vectors,Adam,0.001,0.0018232412383812028,0.0018307031078732853,-7.4618694920825564e-06,-7.4055359068881675e-06,-0.3364552670572943,0.0012649946750618955
MatrixSensing,Matrix sensing kappa=1e+02,1,0,Adam,own_vectors,Adam,0.001,0.012757591945778827,0.012706247459845686,5.134448593314099e-05,5.140657040006975e-05,0.8247636780386609,0.0011549644117211653
MatrixSensing,Matrix sensing kappa=1e+02,1,0,Adam,other_vectors,Muon,0.001,0.012757591945778827,0.012706247459845686,5.134448593314099e-05,5.140657040006975e-05,0.8247636780386609,0.0011549644117211653
MatrixSensing,Matrix sensing kappa=1e+02,1,0,Muon,own_vectors,Muon,0.001,0.012757591945778827,0.012706247459845686,5.134448593314099e-05,5.140657040006975e-05,0.8247636780386609,0.0011549644117211653
MatrixSensing,Matrix sensing kappa=1e+02,1,0,Muon,other_vectors,Adam,0.001,0.012757591945778827,0.012706247459845686,5.134448593314099e-05,5.140657040006975e-05,0.8247636780386609,0.0011549644117211653
MatrixSensing,Matrix sensing kappa=1e+02,1,1,Adam,own_vectors,Adam,0.001,0.0028797488263400894,0.002845262715715349,3.448611062474051e-05,3.4613716420288845e-05,0.8446824574946988,0.001573658286745952
MatrixSensing,Matrix sensing kappa=1e+02,1,1,Adam,other_vectors,Muon,0.001,0.0028797488263400894,0.002889397443532793,-9.64861719270375e-06,-9.539060592673089e-06,-0.23278278026473492,0.0015736582867459518
MatrixSensing,Matrix sensing kappa=1e+02,1,1,Muon,own_vectors,Muon,0.001,0.00958917469011533,0.009546323804801035,4.285088531429462e-05,4.290907920168277e-05,0.8164755100897055,0.0011469113344971006
MatrixSensing,Matrix sensing kappa=1e+02,1,1,Muon,other_vectors,Adam,0.001,0.00958917469011533,0.009599825468324559,-1.0650778209228898e-05,-1.0582997013993742e-05,-0.2013736497272469,0.0011469113344971021
MatrixSensing,Matrix sensing kappa=1e+02,1,3,Adam,own_vectors,Adam,0.001,0.005056093402762189,0.0049941596781521574,6.193372461003183e-05,6.215491237809024e-05,0.8288449939332646,0.0023300637524249464
MatrixSensing,Matrix sensing kappa=1e+02,1,3,Adam,other_vectors,Muon,0.001,0.005056093402762189,0.005112036084074398,-5.5942681312208704e-05,-5.5735503111802024e-05,-0.743241217324172,0.0023300637524249447
MatrixSensing,Matrix sensing kappa=1e+02,1,3,Muon,own_vectors,Muon,0.001,0.0048236221505299015,0.0047944927379768324,2.9129412553069098e-05,2.918347482419069e-05,0.7970160315926154,0.0011902629595043472
MatrixSensing,Matrix sensing kappa=1e+02,1,3,Muon,other_vectors,Adam,0.001,0.0048236221505299015,0.004850152845108382,-2.6530694578480105e-05,-2.647297657020468e-05,-0.7229909000740099,0.0011902629595043465
MatrixSensing,Matrix sensing kappa=1e+02,1,5,Adam,own_vectors,Adam,0.001,0.002635786231333939,0.0026008208236644997,3.496540766943952e-05,3.511724681965653e-05,0.8488296389015781,0.001998000482096255
MatrixSensing,Matrix sensing kappa=1e+02,1,5,Adam,other_vectors,Muon,0.001,0.002635786231333939,0.0026494543665473813,-1.3668135213442106e-05,-1.3545394454207292e-05,-0.32740984344218216,0.001998000482096255
MatrixSensing,Matrix sensing kappa=1e+02,1,5,Muon,own_vectors,Muon,0.001,0.0018982819647289503,0.0018808784707415153,1.740349398743498e-05,1.7452190385610057e-05,0.7771890020920379,0.0012584895275015405
MatrixSensing,Matrix sensing kappa=1e+02,1,5,Muon,other_vectors,Adam,0.001,0.0018982819647289503,0.0019052244311413729,-6.942466412422589e-06,-6.882225464235099e-06,-0.30648244275008335,0.0012584895275015405
MatrixSensing,Matrix sensing kappa=1e+02,2,0,Adam,own_vectors,Adam,0.001,0.012096481701537817,0.012044345202304902,5.2136499232914926e-05,5.220309200402579e-05,0.8210689174863716,0.0011908214528474636
MatrixSensing,Matrix sensing kappa=1e+02,2,0,Adam,other_vectors,Muon,0.001,0.012096481701537817,0.012044345202304902,5.2136499232914926e-05,5.220309200402579e-05,0.8210689174863716,0.0011908214528474636
MatrixSensing,Matrix sensing kappa=1e+02,2,0,Muon,own_vectors,Muon,0.001,0.012096481701537817,0.012044345202304902,5.2136499232914926e-05,5.220309200402579e-05,0.8210689174863716,0.0011908214528474636
MatrixSensing,Matrix sensing kappa=1e+02,2,0,Muon,other_vectors,Adam,0.001,0.012096481701537817,0.012044345202304902,5.2136499232914926e-05,5.220309200402579e-05,0.8210689174863716,0.0011908214528474636
MatrixSensing,Matrix sensing kappa=1e+02,2,1,Adam,own_vectors,Adam,0.001,0.002717478222609951,0.002681801487680473,3.567673492947806e-05,3.5822543035126127e-05,0.8420893861111192,0.0016660345175679863
MatrixSensing,Matrix sensing kappa=1e+02,2,1,Adam,other_vectors,Muon,0.001,0.002717478222609951,0.0027291657999293215,-1.1687577319370503e-05,-1.1563184522070438e-05,-0.27181864074060735,0.0016660345175679857
MatrixSensing,Matrix sensing kappa=1e+02,2,1,Muon,own_vectors,Muon,0.001,0.008982577552108744,0.008940062939270807,4.251461283793709e-05,4.257500657460858e-05,0.8127421804691465,0.0011608666332749084
MatrixSensing,Matrix sensing kappa=1e+02,2,1,Muon,other_vectors,Adam,0.001,0.008982577552108744,0.00899618551845648,-1.360796634773502e-05,-1.3537175300921166e-05,-0.25842000405057813,0.0011608666332749086
MatrixSensing,Matrix sensing kappa=1e+02,2,3,Adam,own_vectors,Adam,0.001,0.00496028873355911,0.0048956416103517345,6.464712320737587e-05,6.489135402669488e-05,0.8309208440322776,0.0023765618838323026
MatrixSensing,Matrix sensing kappa=1e+02,2,3,Adam,other_vectors,Muon,0.001,0.00496028873355911,0.005018187736167323,-5.78990026082124e-05,-5.7677165647953196e-05,-0.7385446009012445,0.0023765618838323035
MatrixSensing,Matrix sensing kappa=1e+02,2,3,Muon,own_vectors,Muon,0.001,0.0043467457258584054,0.004319300636209692,2.7445089648713873e-05,2.749833716869614e-05,0.7936592140703617,0.0011643454951823905
MatrixSensing,Matrix sensing kappa=1e+02,2,3,Muon,other_vectors,Adam,0.001,0.0043467457258584054,0.004371680741095023,-2.4935015236617758e-05,-2.4876392519210207e-05,-0.7179844371890921,0.0011643454951823908
MatrixSensing,Matrix sensing kappa=1e+02,2,5,Adam,own_vectors,Adam,0.001,0.0023022165557087183,0.0022701766135007286,3.203994220798978e-05,3.218266229442492e-05,0.8437412011053644,0.002002955733647746
MatrixSensing,Matrix sensing kappa=1e+02,2,5,Adam,other_vectors,Muon,0.001,0.0023022165557087183,0.002313363301968272,-1.114674625955379e-05,-1.1021873470860153e-05,-0.28896331433542993,0.0020029557336477466
MatrixSensing,Matrix sensing kappa=1e+02,2,5,Muon,own_vectors,Muon,0.001,0.0015782313529622656,0.0015624312726262172,1.580008033604842e-05,1.58477923303983e-05,0.7774317584763962,0.0012380871928139383
MatrixSensing,Matrix sensing kappa=1e+02,2,5,Muon,other_vectors,Adam,0.001,0.0015782313529622656,0.0015837745324426167,-5.543179480351152e-06,-5.488648304833668e-06,-0.2692519825048773,0.0012380871928139377
MatrixSensing,Matrix sensing kappa=1e+02,3,0,Adam,own_vectors,Adam,0.001,0.012269097258227316,0.01221523217118431,5.3865087043006646e-05,5.393656668851043e-05,0.8296501670375008,0.0012016796333031723
MatrixSensing,Matrix sensing kappa=1e+02,3,0,Adam,other_vectors,Muon,0.001,0.012269097258227316,0.01221523217118431,5.3865087043006646e-05,5.393656668851043e-05,0.8296501670375008,0.0012016796333031723
MatrixSensing,Matrix sensing kappa=1e+02,3,0,Muon,own_vectors,Muon,0.001,0.012269097258227316,0.01221523217118431,5.3865087043006646e-05,5.393656668851043e-05,0.8296501670375008,0.0012016796333031723
MatrixSensing,Matrix sensing kappa=1e+02,3,0,Muon,other_vectors,Adam,0.001,0.012269097258227316,0.01221523217118431,5.3865087043006646e-05,5.393656668851043e-05,0.8296501670375008,0.0012016796333031723
MatrixSensing,Matrix sensing kappa=1e+02,3,1,Adam,own_vectors,Adam,0.001,0.0027233156159029623,0.0026847382868981037,3.8577329004858656e-05,3.8748441833642e-05,0.8437214463191034,0.0017587817449022962
MatrixSensing,Matrix sensing kappa=1e+02,3,1,Adam,other_vectors,Muon,0.001,0.0027233156159029623,0.0027368777167803616,-1.3562100877399265e-05,-1.3417434878095337e-05,-0.29215568486189514,0.001758781744902295
MatrixSensing,Matrix sensing kappa=1e+02,3,1,Muon,own_vectors,Muon,0.001,0.00908937305687279,0.00904525419278029,4.411886409249992e-05,4.418432623597949e-05,0.8198546721207423,0.0011831064564990267
MatrixSensing,Matrix sensing kappa=1e+02,3,1,Muon,other_vectors,Adam,0.001,0.00908937305687279,0.009105429927243,-1.60568703702086e-05,-1.597944089401491e-05,-0.29650376934269773,0.0011831064564990271
MatrixSensing,Matrix sensing kappa=1e+02,3,3,Adam,own_vectors,Adam,0.001,0.005061654318795605,0.004991257151098777,7.03971676968276e-05,7.068329472634369e-05,0.8353744381969705,0.0025557912158697318
MatrixSensing,Matrix sensing kappa=1e+02,3,3,Adam,other_vectors,Muon,0.001,0.005061654318795605,0.005124426735098487,-6.277241630288193e-05,-6.251519813774401e-05,-0.7388393357338274,0.002555791215869736
MatrixSensing,Matrix sensing kappa=1e+02,3,3,Muon,own_vectors,Muon,0.001,0.004386963691854556,0.00435861996049634,2.8343731358216294e-05,2.839937656012302e-05,0.8006672357247933,0.0011887442151201405
MatrixSensing,Matrix sensing kappa=1e+02,3,3,Muon,other_vectors,Adam,0.001,0.004386963691854556,0.004412673263011294,-2.5709571156737852e-05,-2.5647671965754158e-05,-0.7230880780823628,0.0011887442151201407
MatrixSensing,Matrix sensing kappa=1e+02,3,5,Adam,own_vectors,Adam,0.001,0.0022997674764139203,0.002263814403954031,3.5953072459889244e-05,3.6136915262633764e-05,0.836433415955808,0.0021692757661683645
MatrixSensing,Matrix sensing kappa=1e+02,3,5,Adam,other_vectors,Muon,0.001,0.0022997674764139203,0.0023116271222474033,-1.1859645833482962e-05,-1.1709990183288095e-05,-0.2710421467530312,0.0021692757661683658
MatrixSensing,Matrix sensing kappa=1e+02,3,5,Muon,own_vectors,Muon,0.001,0.0015853862830192984,0.0015694488319196926,1.5937451099605742e-05,1.5986398166106584e-05,0.7840689635103322,0.001240599323262523
MatrixSensing,Matrix sensing kappa=1e+02,3,5,Muon,other_vectors,Adam,0.001,0.0015853862830192984,0.0015907136174501916,-5.327334430893201e-06,-5.267205956759724e-06,-0.25833540940247046,0.0012405993232625222
MatrixSensing,Matrix sensing kappa=1e+02,4,0,Adam,own_vectors,Adam,0.001,0.012768712634677852,0.012717656516559457,5.105611811839425e-05,5.1117385821266136e-05,0.827755273025012,0.00113467001983265
MatrixSensing,Matrix sensing kappa=1e+02,4,0,Adam,other_vectors,Muon,0.001,0.012768712634677852,0.012717656516559457,5.105611811839425e-05,5.1117385821266136e-05,0.827755273025012,0.00113467001983265
MatrixSensing,Matrix sensing kappa=1e+02,4,0,Muon,own_vectors,Muon,0.001,0.012768712634677852,0.012717656516559457,5.105611811839425e-05,5.1117385821266136e-05,0.827755273025012,0.00113467001983265
MatrixSensing,Matrix sensing kappa=1e+02,4,0,Muon,other_vectors,Adam,0.001,0.012768712634677852,0.012717656516559457,5.105611811839425e-05,5.1117385821266136e-05,0.827755273025012,0.00113467001983265
MatrixSensing,Matrix sensing kappa=1e+02,4,1,Adam,own_vectors,Adam,0.001,0.0026582327215254374,0.0026232721439518663,3.4960577573571114e-05,3.5105843183248995e-05,0.8417689188288088,0.0016639017642559712
MatrixSensing,Matrix sensing kappa=1e+02,4,1,Adam,other_vectors,Muon,0.001,0.0026582327215254374,0.0026676776392199936,-9.444917694556142e-06,-9.319430401114366e-06,-0.2234615705396181,0.001663901764255972
MatrixSensing,Matrix sensing kappa=1e+02,4,1,Muon,own_vectors,Muon,0.001,0.009564645111617722,0.009522704786681345,4.1940324936377144e-05,4.199626382231382e-05,0.8191418796629212,0.0011109249292082211
MatrixSensing,Matrix sensing kappa=1e+02,4,1,Muon,other_vectors,Adam,0.001,0.009564645111617722,0.009576381929103645,-1.1736817485922743e-05,-1.1672061954525353e-05,-0.22766488965363377,0.0011109249292082211
MatrixSensing,Matrix sensing kappa=1e+02,4,3,Adam,own_vectors,Adam,0.001,0.005232172796075546,0.005163581537744891,6.859125833065527e-05,6.885262538289008e-05,0.8327198680670789,0.0024876026370709344
MatrixSensing,Matrix sensing kappa=1e+02,4,3,Adam,other_vectors,Muon,0.001,0.005232172796075546,0.0052936277687255645,-6.145497265001854e-05,-6.121537509922443e-05,-0.7403531643539965,0.002487602637070932
MatrixSensing,Matrix sensing kappa=1e+02,4,3,Muon,own_vectors,Muon,0.001,0.0047606310648114865,0.004732337123446806,2.82939413646802e-05,2.8344915618843973e-05,0.8010976890587606,0.0011474010986982004
MatrixSensing,Matrix sensing kappa=1e+02,4,3,Muon,other_vectors,Adam,0.001,0.0047606310648114865,0.004786520952297105,-2.5889887485618275e-05,-2.5834281781359754e-05,-0.7301409435059806,0.0011474010986982
MatrixSensing,Matrix sensing kappa=1e+02,4,5,Adam,own_vectors,Adam,0.001,0.0024029034130439433,0.0023670902215482846,3.581319149565873e-05,3.598388017466246e-05,0.8459992040147306,0.0021794092461349494
MatrixSensing,Matrix sensing kappa=1e+02,4,5,Adam,other_vectors,Muon,0.001,0.0024029034130439433,0.002417820127073483,-1.4916714029539722e-05,-1.4766564874390492e-05,-0.3471694011076285,0.0021794092461349503
MatrixSensing,Matrix sensing kappa=1e+02,4,5,Muon,own_vectors,Muon,0.001,0.001821901419614771,0.0018048384020744068,1.706301754036423e-05,1.7111081830588e-05,0.7864644582353931,0.0012330724917244745
MatrixSensing,Matrix sensing kappa=1e+02,4,5,Muon,other_vectors,Adam,0.001,0.001821901419614771,0.001828728468474649,-6.827048859877997e-06,-6.7724096566313775e-06,-0.3112754380047112,0.0012330724917244758
SmallMLPDigits,Small MLP digits hidden=16,0,0,Adam,own_vectors,Adam,0.001,2.302579040308706,2.3025733534375963,5.686871109578107e-06,5.6753079152987025e-06,0.639178515087003,0.00048521320264249823
SmallMLPDigits,Small MLP digits hidden=16,0,0,Adam,other_vectors,Muon,0.001,2.302579040308706,2.3025733534375963,5.686871109578107e-06,5.6753079152987025e-06,0.639178515087003,0.00048521320264249823
SmallMLPDigits,Small MLP digits hidden=16,0,0,Muon,own_vectors,Muon,0.001,2.302579040308706,2.3025733534375963,5.686871109578107e-06,5.6753079152987025e-06,0.639178515087003,0.00048521320264249823
SmallMLPDigits,Small MLP digits hidden=16,0,0,Muon,other_vectors,Adam,0.001,2.302579040308706,2.3025733534375963,5.686871109578107e-06,5.6753079152987025e-06,0.639178515087003,0.00048521320264249823
SmallMLPDigits,Small MLP digits hidden=16,0,1,Adam,own_vectors,Adam,0.001,2.300720142542111,2.3007019146693573,1.822787275385096e-05,1.8271788678966334e-05,0.4548425747372016,0.0008365444535173818
SmallMLPDigits,Small MLP digits hidden=16,0,1,Adam,other_vectors,Muon,0.001,2.300720142542111,2.300707613515388,1.2529026723218095e-05,1.2517372472592729e-05,0.3115969664717432,0.0008365444535173817
SmallMLPDigits,Small MLP digits hidden=16,0,1,Muon,own_vectors,Muon,0.001,2.301953568864346,2.301946088619606,7.4802447400657e-06,7.468767705524532e-06,0.5564013057096445,0.0004961853038950874
SmallMLPDigits,Small MLP digits hidden=16,0,1,Muon,other_vectors,Adam,0.001,2.301953568864346,2.301949220078573,4.3487857728230495e-06,4.365234439925267e-06,0.32519717279552895,0.0004961853038950873
SmallMLPDigits,Small MLP digits hidden=16,0,3,Adam,own_vectors,Adam,0.001,2.2938467416170822,2.2937825874433426,6.415417373961674e-05,6.415838587766679e-05,0.4499928021993885,0.001547346683039628
SmallMLPDigits,Small MLP digits hidden=16,0,3,Adam,other_vectors,Muon,0.001,2.2938467416170822,2.293797384006307,4.935761077540235e-05,4.930538776015546e-05,0.34581714141039516,0.0015473466830396275
SmallMLPDigits,Small MLP digits hidden=16,0,3,Muon,own_vectors,Muon,0.001,2.3005820382248823,2.3005700880639304,1.1950160951901267e-05,1.1937590836755776e-05,0.6621272771213186,0.0005373825959291904
SmallMLPDigits,Small MLP digits hidden=16,0,3,Muon,other_vectors,Adam,0.001,2.3005820382248823,2.300574096727549,7.94149733307492e-06,7.93423114997904e-06,0.44007798049262675,0.0005373825959291905
SmallMLPDigits,Small MLP digits hidden=16,0,10,Adam,own_vectors,Adam,0.001,2.2051502604999174,2.204745059252034,0.0004052012478834577,0.00040520446780363594,0.42729406657442265,0.0037706709487457944
SmallMLPDigits,Small MLP digits hidden=16,0,10,Adam,other_vectors,Muon,0.001,2.2051502604999174,2.204844516536194,0.00030574396372351487,0.0003063130331786148,0.3230115953584803,0.003770670948745793
SmallMLPDigits,Small MLP digits hidden=16,0,10,Muon,own_vectors,Muon,0.001,2.289578937908419,2.2895354933337817,4.3444574637341304e-05,4.341387864354899e-05,0.7247823466499567,0.0007888083028782441
SmallMLPDigits,Small MLP digits hidden=16,0,10,Muon,other_vectors,Adam,0.001,2.289578937908419,2.2895522476945955,2.6690213823510334e-05,2.6672271193554912e-05,0.4452859755948415,0.0007888083028782442
SmallMLPDigits,Small MLP digits hidden=16,1,0,Adam,own_vectors,Adam,0.001,2.3025328074664575,2.3025251215991123,7.68586734523069e-06,7.686189118387805e-06,0.6113857650960525,0.0004985971401371651
SmallMLPDigits,Small MLP digits hidden=16,1,0,Adam,other_vectors,Muon,0.001,2.3025328074664575,2.3025251215991123,7.68586734523069e-06,7.686189118387805e-06,0.6113857650960525,0.0004985971401371651
SmallMLPDigits,Small MLP digits hidden=16,1,0,Muon,own_vectors,Muon,0.001,2.3025328074664575,2.3025251215991123,7.68586734523069e-06,7.686189118387805e-06,0.6113857650960525,0.0004985971401371651
SmallMLPDigits,Small MLP digits hidden=16,1,0,Muon,other_vectors,Adam,0.001,2.3025328074664575,2.3025251215991123,7.68586734523069e-06,7.686189118387805e-06,0.6113857650960525,0.0004985971401371651
SmallMLPDigits,Small MLP digits hidden=16,1,1,Adam,own_vectors,Adam,0.001,2.3004705095234006,2.300452287647045,1.8221876355806188e-05,1.8206070390234682e-05,0.5154735785791433,0.0008035381696113938
SmallMLPDigits,Small MLP digits hidden=16,1,1,Adam,other_vectors,Muon,0.001,2.3004705095234006,2.300458679938491,1.1829584909417434e-05,1.1822673592283113e-05,0.3347386742092429,0.0008035381696113941
SmallMLPDigits,Small MLP digits hidden=16,1,1,Muon,own_vectors,Muon,0.001,2.302055103484397,2.3020476713644733,7.432119923489466e-06,7.4277330642563525e-06,0.6198252483488549,0.0004967585487158909
SmallMLPDigits,Small MLP digits hidden=16,1,1,Muon,other_vectors,Adam,0.001,2.302055103484397,2.3020505106068345,4.592877562270559e-06,4.5899187525715864e-06,0.38301693209792015,0.0004967585487158906
SmallMLPDigits,Small MLP digits hidden=16,1,3,Adam,own_vectors,Adam,0.001,2.289549028796929,2.2894670993182307,8.192947869822831e-05,8.19135392722551e-05,0.48519193428126023,0.001522606552154261
SmallMLPDigits,Small MLP digits hidden=16,1,3,Adam,other_vectors,Muon,0.001,2.289549028796929,2.289493086104833,5.594269209607816e-05,5.5999433917142753e-05,0.3316969807714926,0.0015226065521542608
SmallMLPDigits,Small MLP digits hidden=16,1,3,Muon,own_vectors,Muon,0.001,2.300705702569859,2.3006936040078494,1.2098562009565939e-05,1.2088256871313181e-05,0.6413643115021949,0.0005336928494069361
SmallMLPDigits,Small MLP digits hidden=16,1,3,Muon,other_vectors,Adam,0.001,2.300705702569859,2.3006977439369343,7.958632924687237e-06,7.952803223966087e-06,0.4219503455751225,0.0005336928494069358
SmallMLPDigits,Small MLP digits hidden=16,1,10,Adam,own_vectors,Adam,0.001,2.0968587946321304,2.0961536918402683,0.0007051027918620889,0.0007047227667790154,0.47487632685886094,0.004586902419863281
SmallMLPDigits,Small MLP digits hidden=16,1,10,Adam,other_vectors,Muon,0.001,2.0968587946321304,2.096294827193956,0.0005639674381745508,0.0005637698025192165,0.37989539381267334,0.004586902419863283
SmallMLPDigits,Small MLP digits hidden=16,1,10,Muon,own_vectors,Muon,0.001,2.288467972435114,2.2884227264601256,4.52459749884504e-05,4.521522607033722e-05,0.7122547377315892,0.000784379928299736
SmallMLPDigits,Small MLP digits hidden=16,1,10,Muon,other_vectors,Adam,0.001,2.288467972435114,2.2884334744564856,3.449797862842274e-05,3.447374485664436e-05,0.5430491061417759,0.0007843799282997361
SmallMLPDigits,Small MLP digits hidden=16,2,0,Adam,own_vectors,Adam,0.001,2.302489903378648,2.302482677996035,7.225382613107456e-06,7.223954783724149e-06,0.6037612707307615,0.0005000897826884395
SmallMLPDigits,Small MLP digits hidden=16,2,0,Adam,other_vectors,Muon,0.001,2.302489903378648,2.302482677996035,7.225382613107456e-06,7.223954783724149e-06,0.6037612707307615,0.0005000897826884395
SmallMLPDigits,Small MLP digits hidden=16,2,0,Muon,own_vectors,Muon,0.001,2.302489903378648,2.302482677996035,7.225382613107456e-06,7.223954783724149e-06,0.6037612707307615,0.0005000897826884395
SmallMLPDigits,Small MLP digits hidden=16,2,0,Muon,other_vectors,Adam,0.001,2.302489903378648,2.302482677996035,7.225382613107456e-06,7.223954783724149e-06,0.6037612707307615,0.0005000897826884395
SmallMLPDigits,Small MLP digits hidden=16,2,1,Adam,own_vectors,Adam,0.001,2.2992968083453706,2.2992763049022042,2.0503443166397517e-05,2.048679024296095e-05,0.5046336027829347,0.0007889383939531836
SmallMLPDigits,Small MLP digits hidden=16,2,1,Adam,other_vectors,Muon,0.001,2.2992968083453706,2.2992824760927593,1.4332252611382046e-05,1.4318402818213387e-05,0.35269298482396344,0.0007889383939531833
SmallMLPDigits,Small MLP digits hidden=16,2,1,Muon,own_vectors,Muon,0.001,2.301859511732533,2.3018516876020216,7.82413051148012e-06,7.797098117714528e-06,0.6307895318413502,0.000506471295710827
SmallMLPDigits,Small MLP digits hidden=16,2,1,Muon,other_vectors,Adam,0.001,2.301859511732533,2.3018544968279615,5.014904571609691e-06,5.008687107712476e-06,0.4052055454625783,0.0005064712957108271
SmallMLPDigits,Small MLP digits hidden=16,2,3,Adam,own_vectors,Adam,0.001,2.2840285278215364,2.283953930516083,7.459730545322785e-05,7.454427671616827e-05,0.4860995188288159,0.0013843346531962643
SmallMLPDigits,Small MLP digits hidden=16,2,3,Adam,other_vectors,Muon,0.001,2.2840285278215364,2.283968230780629,6.029704090737553e-05,6.0242745808015575e-05,0.39283994748119266,0.0013843346531962643
SmallMLPDigits,Small MLP digits hidden=16,2,3,Muon,own_vectors,Muon,0.001,2.3002771282117433,2.300264627225924,1.250098581939696e-05,1.2491054858654313e-05,0.6703499497032892,0.0005433558163438929
SmallMLPDigits,Small MLP digits hidden=16,2,3,Muon,other_vectors,Adam,0.001,2.3002771282117433,2.300267768973484,9.359238259509794e-06,9.36200436337353e-06,0.5024250733925225,0.0005433558163438931
SmallMLPDigits,Small MLP digits hidden=16,2,10,Adam,own_vectors,Adam,0.001,2.114841215824968,2.1141993636102003,0.0006418522147675354,0.0006424881872915269,0.45561965679930594,0.0047968334185923295
SmallMLPDigits,Small MLP digits hidden=16,2,10,Adam,other_vectors,Muon,0.001,2.114841215824968,2.11431229906651,0.0005289167584576759,0.0005296030777864637,0.3755673291957922,0.0047968334185923295
SmallMLPDigits,Small MLP digits hidden=16,2,10,Muon,own_vectors,Muon,0.001,2.288790272109171,2.2887470567421113,4.321536705953477e-05,4.3185923639545585e-05,0.7444813540735881,0.0007929002322413125
SmallMLPDigits,Small MLP digits hidden=16,2,10,Muon,other_vectors,Adam,0.001,2.288790272109171,2.2887566343343773,3.363777479359342e-05,3.361125870302828e-05,0.5794238789519488,0.0007929002322413125
SmallMLPDigits,Small MLP digits hidden=16,3,0,Adam,own_vectors,Adam,0.001,2.3026929964434295,2.302687079732759,5.916710670295089e-06,5.937091049655405e-06,0.6321408736426734,0.000495791736105736
SmallMLPDigits,Small MLP digits hidden=16,3,0,Adam,other_vectors,Muon,0.001,2.3026929964434295,2.302687079732759,5.916710670295089e-06,5.937091049655405e-06,0.6321408736426734,0.000495791736105736
SmallMLPDigits,Small MLP digits hidden=16,3,0,Muon,own_vectors,Muon,0.001,2.3026929964434295,2.302687079732759,5.916710670295089e-06,5.937091049655405e-06,0.6321408736426734,0.000495791736105736
SmallMLPDigits,Small MLP digits hidden=16,3,0,Muon,other_vectors,Adam,0.001,2.3026929964434295,2.302687079732759,5.916710670295089e-06,5.937091049655405e-06,0.6321408736426734,0.000495791736105736
SmallMLPDigits,Small MLP digits hidden=16,3,1,Adam,own_vectors,Adam,0.001,2.300317721236734,2.300299439105483,1.8282131251101674e-05,1.8288698425865568e-05,0.5151154250620336,0.0007581641588524134
SmallMLPDigits,Small MLP digits hidden=16,3,1,Adam,other_vectors,Muon,0.001,2.300317721236734,2.3003098831590525,7.838077681565636e-06,7.834096142839983e-06,0.22065341505596325,0.0007581641588524132
SmallMLPDigits,Small MLP digits hidden=16,3,1,Muon,own_vectors,Muon,0.001,2.3020778286669836,2.302071198433931,6.630233052806744e-06,6.621467826307696e-06,0.594891859986157,0.00049844960886938
SmallMLPDigits,Small MLP digits hidden=16,3,1,Muon,other_vectors,Adam,0.001,2.3020778286669836,2.302074902912648,2.925754335691977e-06,2.9236492120633907e-06,0.26266911859047815,0.0004984496088693805
SmallMLPDigits,Small MLP digits hidden=16,3,3,Adam,own_vectors,Adam,0.001,2.286018651918292,2.28594480386085,7.38480574420386e-05,7.379468340052998e-05,0.45380384410359725,0.001445440748925218
SmallMLPDigits,Small MLP digits hidden=16,3,3,Adam,other_vectors,Muon,0.001,2.286018651918292,2.2859694999916482,4.915192664389778e-05,4.909923426693367e-05,0.30193802894908217,0.0014454407489252175
SmallMLPDigits,Small MLP digits hidden=16,3,3,Muon,own_vectors,Muon,0.001,2.3004689537592125,2.300457507995717,1.1445763495654404e-05,1.1433772606961627e-05,0.6234530900321313,0.0005312567182735862
SmallMLPDigits,Small MLP digits hidden=16,3,3,Muon,other_vectors,Adam,0.001,2.3004689537592125,2.30046180310934,7.150649872667003e-06,7.148061553775716e-06,0.38976470991979956,0.0005312567182735862
SmallMLPDigits,Small MLP digits hidden=16,3,10,Adam,own_vectors,Adam,0.001,2.127369996478564,2.126744257492976,0.0006257389855881534,0.0006253517918856834,0.43487563336952106,0.004821775911156457
SmallMLPDigits,Small MLP digits hidden=16,3,10,Adam,other_vectors,Muon,0.001,2.127369996478564,2.1269327374230067,0.00043725905555724864,0.00043673637132513716,0.3037106610390021,0.004821775911156455
SmallMLPDigits,Small MLP digits hidden=16,3,10,Muon,own_vectors,Muon,0.001,2.2895738806767114,2.289532797183132,4.1083493579563424e-05,4.1054945434793215e-05,0.705461142728106,0.0007632994779701591
SmallMLPDigits,Small MLP digits hidden=16,3,10,Muon,other_vectors,Adam,0.001,2.2895738806767114,2.2895481337575987,2.5746919112723532e-05,2.5745832308419917e-05,0.44239942565826956,0.0007632994779701586
SmallMLPDigits,Small MLP digits hidden=16,4,0,Adam,own_vectors,Adam,0.001,2.3027054241295115,2.3026981452304374,7.278899074147915e-06,7.309063735108866e-06,0.6440879170190688,0.0005054383170361083
SmallMLPDigits,Small MLP digits hidden=16,4,0,Adam,other_vectors,Muon,0.001,2.3027054241295115,2.3026981452304374,7.278899074147915e-06,7.309063735108866e-06,0.6440879170190688,0.0005054383170361083
SmallMLPDigits,Small MLP digits hidden=16,4,0,Muon,own_vectors,Muon,0.001,2.3027054241295115,2.3026981452304374,7.278899074147915e-06,7.309063735108866e-06,0.6440879170190688,0.0005054383170361083
SmallMLPDigits,Small MLP digits hidden=16,4,0,Muon,other_vectors,Adam,0.001,2.3027054241295115,2.3026981452304374,7.278899074147915e-06,7.309063735108866e-06,0.6440879170190688,0.0005054383170361083
SmallMLPDigits,Small MLP digits hidden=16,4,1,Adam,own_vectors,Adam,0.001,2.3011543617547345,2.301135372612006,1.898914272846497e-05,1.8976842034401294e-05,0.5397487550493844,0.0008489272879139356
SmallMLPDigits,Small MLP digits hidden=16,4,1,Adam,other_vectors,Muon,0.001,2.3011543617547345,2.3011447631463744,9.598608360139593e-06,9.590782141668023e-06,0.2727857834054264,0.0008489272879139357
SmallMLPDigits,Small MLP digits hidden=16,4,1,Muon,own_vectors,Muon,0.001,2.302189660529771,2.302183101658407,6.558871364248375e-06,6.554931434453024e-06,0.6296026017378442,0.0005095805701387036
SmallMLPDigits,Small MLP digits hidden=16,4,1,Muon,other_vectors,Adam,0.001,2.302189660529771,2.3021863251675683,3.3353622028720054e-06,3.329532806610052e-06,0.3198023562222233,0.0005095805701387036
SmallMLPDigits,Small MLP digits hidden=16,4,3,Adam,own_vectors,Adam,0.001,2.2894376219604453,2.289373971523983,6.365043646239243e-05,6.359270108624626e-05,0.4623483130601118,0.0015812728105330535
SmallMLPDigits,Small MLP digits hidden=16,4,3,Adam,other_vectors,Muon,0.001,2.2894376219604453,2.2893914540109135,4.61679495318279e-05,4.6235873197758654e-05,0.3361561564565835,0.0015812728105330538
SmallMLPDigits,Small MLP digits hidden=16,4,3,Muon,own_vectors,Muon,0.001,2.3007188316381137,2.3007074600055275,1.1371632586243408e-05,1.1360345285435057e-05,0.6386404862713934,0.0005509200933029303
SmallMLPDigits,Small MLP digits hidden=16,4,3,Muon,other_vectors,Adam,0.001,2.3007188316381137,2.30071126856239,7.563075723915347e-06,7.553435822380148e-06,0.42462881236623296,0.0005509200933029299
SmallMLPDigits,Small MLP digits hidden=16,4,10,Adam,own_vectors,Adam,0.001,2.1489048205770733,2.14835249016329,0.0005523304137833307,0.0005525311168922311,0.42591811756571146,0.004103145359891979
SmallMLPDigits,Small MLP digits hidden=16,4,10,Adam,other_vectors,Muon,0.001,2.1489048205770733,2.148489359373401,0.0004154612036724181,0.00041513658923307626,0.32000766873241765,0.004103145359891979
SmallMLPDigits,Small MLP digits hidden=16,4,10,Muon,own_vectors,Muon,0.001,2.2885112827187726,2.2884641161068986,4.71666118739833e-05,4.713212326442116e-05,0.6708865264405028,0.0008152977323395331
SmallMLPDigits,Small MLP digits hidden=16,4,10,Muon,other_vectors,Adam,0.001,2.2885112827187726,2.288478990176865,3.229254190761921e-05,3.227143018816476e-05,0.45935693541199796,0.0008152977323395332
SmallMLPDigits,Small MLP digits hidden=64,0,0,Adam,own_vectors,Adam,0.001,2.3026985408830147,2.3026755050955683,2.3035787446445966e-05,2.304800188209249e-05,0.4045788783059048,0.0012714743553662307
SmallMLPDigits,Small MLP digits hidden=64,0,0,Adam,other_vectors,Muon,0.001,2.3026985408830147,2.3026755050955683,2.3035787446445966e-05,2.304800188209249e-05,0.4045788783059048,0.0012714743553662307
SmallMLPDigits,Small MLP digits hidden=64,0,0,Muon,own_vectors,Muon,0.001,2.3026985408830147,2.3026755050955683,2.3035787446445966e-05,2.304800188209249e-05,0.4045788783059048,0.0012714743553662307
SmallMLPDigits,Small MLP digits hidden=64,0,0,Muon,other_vectors,Adam,0.001,2.3026985408830147,2.3026755050955683,2.3035787446445966e-05,2.304800188209249e-05,0.4045788783059048,0.0012714743553662307
SmallMLPDigits,Small MLP digits hidden=64,0,1,Adam,own_vectors,Adam,0.001,2.2982433051923334,2.2981681258585356,7.517933379785902e-05,7.517287538709599e-05,0.2759607019630697,0.0027932215234414246
SmallMLPDigits,Small MLP digits hidden=64,0,1,Adam,other_vectors,Muon,0.001,2.2982433051923334,2.2982078441416434,3.5461050690077656e-05,3.545703797685509e-05,0.13016329413020938,0.002793221523441425
SmallMLPDigits,Small MLP digits hidden=64,0,1,Muon,own_vectors,Muon,0.001,2.3019113345206415,2.3018869724469866,2.4362073654859984e-05,2.435995439161051e-05,0.3901903958178171,0.0012925620987782858
SmallMLPDigits,Small MLP digits hidden=64,0,1,Muon,other_vectors,Adam,0.001,2.3019113345206415,2.301900451068992,1.0883451649235099e-05,1.0856817315413854e-05,0.17390122237182853,0.0012925620987782865
SmallMLPDigits,Small MLP digits hidden=64,0,3,Adam,own_vectors,Adam,0.001,2.26216288036547,2.2619093870844957,0.0002534932809741264,0.00025332856249787693,0.26707305289993977,0.005080300019338125
SmallMLPDigits,Small MLP digits hidden=64,0,3,Adam,other_vectors,Muon,0.001,2.26216288036547,2.262019071032684,0.00014380933278568264,0.00014369291141168335,0.1514890549742907,0.005080300019338119
SmallMLPDigits,Small MLP digits hidden=64,0,3,Muon,own_vectors,Muon,0.001,2.298858405886954,2.2988305878567976,2.781803015627915e-05,2.779192056303315e-05,0.4125330090638106,0.0013078346951851461
SmallMLPDigits,Small MLP digits hidden=64,0,3,Muon,other_vectors,Adam,0.001,2.298858405886954,2.298843277268377,1.512861857699832e-05,1.5118906956507006e-05,0.22441947350769595,0.0013078346951851474
SmallMLPDigits,Small MLP digits hidden=64,0,10,Adam,own_vectors,Adam,0.001,1.8391860560647995,1.8375312349453146,0.001654821119484895,0.0016567302610107472,0.2711295704076291,0.012618756464058321
SmallMLPDigits,Small MLP digits hidden=64,0,10,Adam,other_vectors,Muon,0.001,1.8391860560647995,1.8379684054395085,0.0012176506252910002,0.0012171835581911454,0.1991962499907844,0.012618756464058337
SmallMLPDigits,Small MLP digits hidden=64,0,10,Muon,own_vectors,Muon,0.001,2.2841771005881157,2.284112062290936,6.503829717985354e-05,6.501265951013034e-05,0.4318293746220826,0.0015890366098458553
SmallMLPDigits,Small MLP digits hidden=64,0,10,Muon,other_vectors,Adam,0.001,2.2841771005881157,2.2841313693578558,4.5731230259971056e-05,4.5675941753195323e-05,0.30339034752890787,0.0015890366098458557
SmallMLPDigits,Small MLP digits hidden=64,1,0,Adam,own_vectors,Adam,0.001,2.3028649017923835,2.302842406496907,2.2495295476598898e-05,2.250667633611664e-05,0.3843695197786847,0.001305171701000351
SmallMLPDigits,Small MLP digits hidden=64,1,0,Adam,other_vectors,Muon,0.001,2.3028649017923835,2.302842406496907,2.2495295476598898e-05,2.250667633611664e-05,0.3843695197786847,0.001305171701000351
SmallMLPDigits,Small MLP digits hidden=64,1,0,Muon,own_vectors,Muon,0.001,2.3028649017923835,2.302842406496907,2.2495295476598898e-05,2.250667633611664e-05,0.3843695197786847,0.001305171701000351
SmallMLPDigits,Small MLP digits hidden=64,1,0,Muon,other_vectors,Adam,0.001,2.3028649017923835,2.302842406496907,2.2495295476598898e-05,2.250667633611664e-05,0.3843695197786847,0.001305171701000351
SmallMLPDigits,Small MLP digits hidden=64,1,1,Adam,own_vectors,Adam,0.001,2.295356398175137,2.2952895320477382,6.686612739859044e-05,6.685559924155573e-05,0.3166760696514365,0.002603967968850075
SmallMLPDigits,Small MLP digits hidden=64,1,1,Adam,other_vectors,Muon,0.001,2.295356398175137,2.2953242308255546,3.216734958222389e-05,3.213854269272041e-05,0.15223118930522597,0.0026039679688500753
SmallMLPDigits,Small MLP digits hidden=64,1,1,Muon,own_vectors,Muon,0.001,2.30150997123183,2.3014883576853764,2.1613546453469468e-05,2.164709962678388e-05,0.40773605075397024,0.001322111016979245
SmallMLPDigits,Small MLP digits hidden=64,1,1,Muon,other_vectors,Adam,0.001,2.30150997123183,2.301499919932216,1.0051299613955678e-05,1.0052294298075289e-05,0.18934096709392828,0.0013221110169792443
SmallMLPDigits,Small MLP digits hidden=64,1,3,Adam,own_vectors,Adam,0.001,2.248834901400788,2.2485614682423023,0.0002734331584854921,0.00027337357688580783,0.27338636826689605,0.005070420182108875
SmallMLPDigits,Small MLP digits hidden=64,1,3,Adam,other_vectors,Muon,0.001,2.248834901400788,2.248653069187299,0.0001818322134887751,0.00018172912724094678,0.18173763050065395,0.005070420182108878
SmallMLPDigits,Small MLP digits hidden=64,1,3,Muon,own_vectors,Muon,0.001,2.2989807473281108,2.2989526359528747,2.8111375236061775e-05,2.8099441289577162e-05,0.3909857937675361,0.0013619414167843757
SmallMLPDigits,Small MLP digits hidden=64,1,3,Muon,other_vectors,Adam,0.001,2.2989807473281108,2.2989629734135666,1.777391454416133e-05,1.7759245855199437e-05,0.24710857293748234,0.0013619414167843752
SmallMLPDigits,Small MLP digits hidden=64,1,10,Adam,own_vectors,Adam,0.001,1.7446025269370993,1.7426176928161414,0.0019848341209578457,0.001984409747277002,0.275225529834357,0.01579174509309193
SmallMLPDigits,Small MLP digits hidden=64,1,10,Adam,other_vectors,Muon,0.001,1.7446025269370993,1.7431510050578827,0.0014515218792165996,0.0014510435261157388,0.20125088774428937,0.015791745093091936
SmallMLPDigits,Small MLP digits hidden=64,1,10,Muon,own_vectors,Muon,0.001,2.2840802125584596,2.28401490161883,6.53109396298035e-05,6.528708903399654e-05,0.42478216652930706,0.001661325858229377
SmallMLPDigits,Small MLP digits hidden=64,1,10,Muon,other_vectors,Adam,0.001,2.2840802125584596,2.2840341608191594,4.605173930016804e-05,4.601475001021935e-05,0.2993891363645764,0.001661325858229377
SmallMLPDigits,Small MLP digits hidden=64,2,0,Adam,own_vectors,Adam,0.001,2.302544621857513,2.3025202298960146,2.4391961498615444e-05,2.4397927865136318e-05,0.4041474008828586,0.0012546212284400534
SmallMLPDigits,Small MLP digits hidden=64,2,0,Adam,other_vectors,Muon,0.001,2.302544621857513,2.3025202298960146,2.4391961498615444e-05,2.4397927865136318e-05,0.4041474008828586,0.0012546212284400534
SmallMLPDigits,Small MLP digits hidden=64,2,0,Muon,own_vectors,Muon,0.001,2.302544621857513,2.3025202298960146,2.4391961498615444e-05,2.4397927865136318e-05,0.4041474008828586,0.0012546212284400534
SmallMLPDigits,Small MLP digits hidden=64,2,0,Muon,other_vectors,Adam,0.001,2.302544621857513,2.3025202298960146,2.4391961498615444e-05,2.4397927865136318e-05,0.4041474008828586,0.0012546212284400534
SmallMLPDigits,Small MLP digits hidden=64,2,1,Adam,own_vectors,Adam,0.001,2.2917420975710088,2.2916636945350275,7.840303598127818e-05,7.836897103843857e-05,0.3000314364090507,0.0027849138112357656
SmallMLPDigits,Small MLP digits hidden=64,2,1,Adam,other_vectors,Muon,0.001,2.2917420975710088,2.291698304063594,4.379350741468002e-05,4.377305518947216e-05,0.16758281307621517,0.0027849138112357678
SmallMLPDigits,Small MLP digits hidden=64,2,1,Muon,own_vectors,Muon,0.001,2.301209895221747,2.301186011105121,2.388411662579415e-05,2.3874004817095137e-05,0.4109934158108652,0.0012591733420163165
SmallMLPDigits,Small MLP digits hidden=64,2,1,Muon,other_vectors,Adam,0.001,2.301209895221747,2.301197471934981,1.2423286765983477e-05,1.2411977032474833e-05,0.21367344425976068,0.001259173342016317
SmallMLPDigits,Small MLP digits hidden=64,2,3,Adam,own_vectors,Adam,0.001,2.2415724672076243,2.2412760800953295,0.00029638711229473813,0.0002964078542726197,0.2677973144660189,0.00551337834739371
SmallMLPDigits,Small MLP digits hidden=64,2,3,Adam,other_vectors,Muon,0.001,2.2415724672076243,2.241367038038134,0.0002054291694904009,0.00020527357233143974,0.18545969888721553,0.005513378347393703
SmallMLPDigits,Small MLP digits hidden=64,2,3,Muon,own_vectors,Muon,0.001,2.298131421878585,2.298103636538447,2.7785340138031245e-05,2.778540484215366e-05,0.4102449390472323,0.0012906364233162785
SmallMLPDigits,Small MLP digits hidden=64,2,3,Muon,other_vectors,Adam,0.001,2.298131421878585,2.2981136812158534,1.774066273174668e-05,1.772803557943998e-05,0.2617502576273708,0.0012906364233162787
SmallMLPDigits,Small MLP digits hidden=64,2,10,Adam,own_vectors,Adam,0.001,1.7471047710903846,1.7449468315548067,0.0021579395355779685,0.0021598218823540355,0.2688554161828675,0.01742653839152879
SmallMLPDigits,Small MLP digits hidden=64,2,10,Adam,other_vectors,Muon,0.001,1.7471047710903846,1.745469229124151,0.0016355419662337223,0.0016349767023765285,0.20352249662719163,0.01742653839152879
SmallMLPDigits,Small MLP digits hidden=64,2,10,Muon,own_vectors,Muon,0.001,2.2829039810916383,2.2828408798684783,6.310122316000033e-05,6.30766890585315e-05,0.45647275385984554,0.0015874235573677575
SmallMLPDigits,Small MLP digits hidden=64,2,10,Muon,other_vectors,Adam,0.001,2.2829039810916383,2.2828577999804396,4.618111119869539e-05,4.616061704442756e-05,0.334054692734218,0.001587423557367759
SmallMLPDigits,Small MLP digits hidden=64,3,0,Adam,own_vectors,Adam,0.001,2.30239590189129,2.302373799635332,2.2102255957889838e-05,2.2108476383189734e-05,0.4269268356956481,0.001303404022101824
SmallMLPDigits,Small MLP digits hidden=64,3,0,Adam,other_vectors,Muon,0.001,2.30239590189129,2.302373799635332,2.2102255957889838e-05,2.2108476383189734e-05,0.4269268356956481,0.001303404022101824
SmallMLPDigits,Small MLP digits hidden=64,3,0,Muon,own_vectors,Muon,0.001,2.30239590189129,2.302373799635332,2.2102255957889838e-05,2.2108476383189734e-05,0.4269268356956481,0.001303404022101824
SmallMLPDigits,Small MLP digits hidden=64,3,0,Muon,other_vectors,Adam,0.001,2.30239590189129,2.302373799635332,2.2102255957889838e-05,2.2108476383189734e-05,0.4269268356956481,0.001303404022101824
SmallMLPDigits,Small MLP digits hidden=64,3,1,Adam,own_vectors,Adam,0.001,2.2895254542776304,2.289442592400003,8.286187762740482e-05,8.28132467032898e-05,0.2994321311989579,0.002534890717011783
SmallMLPDigits,Small MLP digits hidden=64,3,1,Adam,other_vectors,Muon,0.001,2.2895254542776304,2.2894801534999076,4.5300777722800945e-05,4.527931446408568e-05,0.16371875477586328,0.0025348907170117834
SmallMLPDigits,Small MLP digits hidden=64,3,1,Muon,own_vectors,Muon,0.001,2.300967026917182,2.3009417715312996,2.5255385882161363e-05,2.5258488509120723e-05,0.39242926438076786,0.001327496045437544
SmallMLPDigits,Small MLP digits hidden=64,3,1,Muon,other_vectors,Adam,0.001,2.300967026917182,2.300953925562115,1.3101355066602594e-05,1.3101829659208627e-05,0.20355696950547056,0.0013274960454375446
SmallMLPDigits,Small MLP digits hidden=64,3,3,Adam,own_vectors,Adam,0.001,2.2397838256804548,2.2394608323166945,0.0003229933637602933,0.00032285225028300823,0.2535481144396878,0.0054862884210193155
SmallMLPDigits,Small MLP digits hidden=64,3,3,Adam,other_vectors,Muon,0.001,2.2397838256804548,2.2395745845812765,0.00020924109917830336,0.0002091313629099171,0.1642387893828541,0.005486288421019322
SmallMLPDigits,Small MLP digits hidden=64,3,3,Muon,own_vectors,Muon,0.001,2.2981456234168167,2.2981158098511414,2.9813565675329556e-05,2.9791427763602887e-05,0.3947690228884855,0.0013630910130750745
SmallMLPDigits,Small MLP digits hidden=64,3,3,Muon,other_vectors,Adam,0.001,2.2981456234168167,2.298127228883407,1.8394533409793468e-05,1.8372325664513727e-05,0.24345342251874644,0.0013630910130750747
SmallMLPDigits,Small MLP digits hidden=64,3,10,Adam,own_vectors,Adam,0.001,1.728482050299324,1.726220484377767,0.0022615659215567963,0.002263715313463763,0.2540131003116881,0.016426110178239556
SmallMLPDigits,Small MLP digits hidden=64,3,10,Adam,other_vectors,Muon,0.001,1.728482050299324,1.726950149474775,0.001531900824548904,0.0015311806218459643,0.17181486319370518,0.016426110178239552
SmallMLPDigits,Small MLP digits hidden=64,3,10,Muon,own_vectors,Muon,0.001,2.2817718959838182,2.281700606121166,7.128986265225734e-05,7.130123618341493e-05,0.43440730475973416,0.0016938633853415808
SmallMLPDigits,Small MLP digits hidden=64,3,10,Muon,other_vectors,Adam,0.001,2.2817718959838182,2.281724969418789,4.6926565029359324e-05,4.6922908636098826e-05,0.2858807976296533,0.0016938633853415797
SmallMLPDigits,Small MLP digits hidden=64,4,0,Adam,own_vectors,Adam,0.001,2.302424395280005,2.302401297049816,2.3098230188978164e-05,2.3093768131691832e-05,0.37158833198562924,0.0013479721737518486
SmallMLPDigits,Small MLP digits hidden=64,4,0,Adam,other_vectors,Muon,0.001,2.302424395280005,2.302401297049816,2.3098230188978164e-05,2.3093768131691832e-05,0.37158833198562924,0.0013479721737518486
SmallMLPDigits,Small MLP digits hidden=64,4,0,Muon,own_vectors,Muon,0.001,2.302424395280005,2.302401297049816,2.3098230188978164e-05,2.3093768131691832e-05,0.37158833198562924,0.0013479721737518486
SmallMLPDigits,Small MLP digits hidden=64,4,0,Muon,other_vectors,Adam,0.001,2.302424395280005,2.302401297049816,2.3098230188978164e-05,2.3093768131691832e-05,0.37158833198562924,0.0013479721737518486
SmallMLPDigits,Small MLP digits hidden=64,4,1,Adam,own_vectors,Adam,0.001,2.2964024154425524,2.2963215408089477,8.087463360473279e-05,8.087026586857968e-05,0.3006002485404975,0.0028042846165575635
SmallMLPDigits,Small MLP digits hidden=64,4,1,Adam,other_vectors,Muon,0.001,2.2964024154425524,2.2963623050953497,4.011034720274864e-05,4.0103801583768124e-05,0.14906854322811466,0.0028042846165575635
SmallMLPDigits,Small MLP digits hidden=64,4,1,Muon,own_vectors,Muon,0.001,2.3013948618182476,2.301371807447642,2.3054370605457564e-05,2.304754567601574e-05,0.39352667610657394,0.001373670273641724
SmallMLPDigits,Small MLP digits hidden=64,4,1,Muon,other_vectors,Adam,0.001,2.3013948618182476,2.301384422019859,1.043979838843967e-05,1.0436635954639898e-05,0.17820095530769747,0.0013736702736417247
SmallMLPDigits,Small MLP digits hidden=64,4,3,Adam,own_vectors,Adam,0.001,2.243545457182543,2.243266070383561,0.0002793867989820953,0.0002793011524547522,0.28676545804669606,0.005123738751929704
SmallMLPDigits,Small MLP digits hidden=64,4,3,Adam,other_vectors,Muon,0.001,2.243545457182543,2.2433825325102794,0.00016292467226364238,0.00016279113252936934,0.16714171522542404,0.005123738751929711
SmallMLPDigits,Small MLP digits hidden=64,4,3,Muon,own_vectors,Muon,0.001,2.2982374147277427,2.2982081656802587,2.924904748402568e-05,2.9235831147953342e-05,0.4084779179005952,0.0014260864562897259
SmallMLPDigits,Small MLP digits hidden=64,4,3,Muon,other_vectors,Adam,0.001,2.2982374147277427,2.298221656987205,1.5757740537747367e-05,1.5748783960476105e-05,0.220039254197564,0.0014260864562897267
SmallMLPDigits,Small MLP digits hidden=64,4,10,Adam,own_vectors,Adam,0.001,1.6767227818541495,1.674683860392222,0.002038921461927412,0.002040092071719018,0.2620980229795146,0.015343768018443435
SmallMLPDigits,Small MLP digits hidden=64,4,10,Adam,other_vectors,Muon,0.001,1.6767227818541495,1.675503306680166,0.0012194751739835752,0.0012194350091865105,0.15666523559913662,0.015343768018443435
SmallMLPDigits,Small MLP digits hidden=64,4,10,Muon,own_vectors,Muon,0.001,2.282512691132385,2.2824416281405253,7.106299185988263e-05,7.102356982478621e-05,0.4051348493232536,0.0017464015876398952
SmallMLPDigits,Small MLP digits hidden=64,4,10,Muon,other_vectors,Adam,0.001,2.282512691132385,2.282470335345021,4.2355787364112274e-05,4.234275166421177e-05,0.24153283702483946,0.0017464015876398943
