mode,run_id,problem_family,base_setting,setting,kappa,lr,algo,seed,final_step,final_loss,final_recovery_error,initial_loss,initial_recovery_error,total_loss_decrease,relative_loss_decrease
equal_update,100,MatrixFactorizationInput,MF input kappa=1e+02,MF input kappa=1e+02 lr=3e-02,100.0,0.03,Adam,0,10,2.4434049079296156e-05,0.40568576224403796,0.0001532792239327137,0.9994330499176829,0.00012884517485341754,0.8405912526669487
equal_update,102,MatrixFactorizationInput,MF input kappa=1e+02,MF input kappa=1e+02 lr=3e-02,100.0,0.03,Adam,1,10,3.78935407385793e-05,0.4756319322404873,0.0001604720091443568,0.9995233235792307,0.00012257846840577752,0.7638619910062249
equal_update,104,MatrixFactorizationInput,MF input kappa=1e+02,MF input kappa=1e+02 lr=3e-02,100.0,0.03,Adam,2,10,1.7723415577197644e-05,0.3392119532158936,0.0001493490238905777,0.9992393357981618,0.00013162560831338007,0.8813288824024528
equal_update,106,MatrixFactorizationInput,MF input kappa=1e+02,MF input kappa=1e+02 lr=3e-02,100.0,0.03,Adam,3,10,2.1827344758580834e-05,0.37690515682544234,0.00016144123210250178,1.0001224102346165,0.00013961388734392096,0.8647969637352478
equal_update,108,MatrixFactorizationInput,MF input kappa=1e+02,MF input kappa=1e+02 lr=3e-02,100.0,0.03,Adam,4,10,2.503476015086227e-05,0.3993658241727821,0.00014765915682122912,1.001229148681757,0.00012262439667036685,0.8304557557431278
equal_update,101,MatrixFactorizationInput,MF input kappa=1e+02,MF input kappa=1e+02 lr=3e-02,100.0,0.03,Muon,0,10,1.0478412456011965e-05,0.3030716434198952,0.0001532792239327137,0.9994330499176829,0.00014280081147670173,0.9316384035150663
equal_update,103,MatrixFactorizationInput,MF input kappa=1e+02,MF input kappa=1e+02 lr=3e-02,100.0,0.03,Muon,1,10,1.0276307579690614e-05,0.280455920909622,0.0001604720091443568,0.9995233235792307,0.0001501957015646662,0.9359619934062999
equal_update,105,MatrixFactorizationInput,MF input kappa=1e+02,MF input kappa=1e+02 lr=3e-02,100.0,0.03,Muon,2,10,1.1918170333979547e-05,0.3087509739658026,0.0001493490238905777,0.9992393357981618,0.00013743085355659817,0.9201992083810905
equal_update,107,MatrixFactorizationInput,MF input kappa=1e+02,MF input kappa=1e+02 lr=3e-02,100.0,0.03,Muon,3,10,8.673121302070037e-06,0.2666037245163979,0.00016144123210250178,1.0001224102346165,0.00015276811080043175,0.9462769133441491
equal_update,109,MatrixFactorizationInput,MF input kappa=1e+02,MF input kappa=1e+02 lr=3e-02,100.0,0.03,Muon,4,10,1.812419268028897e-05,0.3980932726372495,0.00014765915682122912,1.001229148681757,0.00012953496414094015,0.877256561188197
equal_update,220,MatrixFactorizationInput,MF input kappa=1e+05,MF input kappa=1e+05 lr=3e-02,100000.0,0.03,Adam,0,10,2.0251202091982265e-05,0.38965315509270265,0.00013841039608334963,0.9994568444974121,0.00011815919399136737,0.8536872759197427
equal_update,222,MatrixFactorizationInput,MF input kappa=1e+05,MF input kappa=1e+05 lr=3e-02,100000.0,0.03,Adam,1,10,1.9178454162109313e-05,0.3637187733050831,0.00014457183933332286,0.999614054360372,0.00012539338517121357,0.8673430852747767
equal_update,224,MatrixFactorizationInput,MF input kappa=1e+05,MF input kappa=1e+05 lr=3e-02,100000.0,0.03,Adam,2,10,2.3136676000832294e-05,0.40213359472420784,0.00013650870631623234,0.9995498732159133,0.00011337203031540005,0.8305113525342882
equal_update,226,MatrixFactorizationInput,MF input kappa=1e+05,MF input kappa=1e+05 lr=3e-02,100000.0,0.03,Adam,3,10,2.249749899822171e-05,0.3846822219117257,0.00014695216996577507,0.9997008180844602,0.00012445467096755335,0.8469059762543054
equal_update,228,MatrixFactorizationInput,MF input kappa=1e+05,MF input kappa=1e+05 lr=3e-02,100000.0,0.03,Adam,4,10,2.024450638267137e-05,0.3823218015637211,0.0001337588217194671,1.0013801750432936,0.00011351431533679572,0.8486491872279628
equal_update,221,MatrixFactorizationInput,MF input kappa=1e+05,MF input kappa=1e+05 lr=3e-02,100000.0,0.03,Muon,0,10,8.136294936729573e-06,0.2854147325186404,0.00013841039608334963,0.9994568444974121,0.00013027410114662004,0.9412161574060522
equal_update,223,MatrixFactorizationInput,MF input kappa=1e+05,MF input kappa=1e+05 lr=3e-02,100000.0,0.03,Muon,1,10,8.426670994056491e-06,0.27335095507728396,0.00014457183933332286,0.999614054360372,0.00013614516833926636,0.9417129156486134
equal_update,225,MatrixFactorizationInput,MF input kappa=1e+05,MF input kappa=1e+05 lr=3e-02,100000.0,0.03,Muon,2,10,8.72031415202211e-06,0.27906553358750136,0.00013650870631623234,0.9995498732159133,0.00012778839216421022,0.9361189891301082
equal_update,227,MatrixFactorizationInput,MF input kappa=1e+05,MF input kappa=1e+05 lr=3e-02,100000.0,0.03,Muon,3,10,1.0537770725399188e-05,0.31381751266178637,0.00014695216996577507,0.9997008180844602,0.00013641439924037588,0.9282911526393015
equal_update,229,MatrixFactorizationInput,MF input kappa=1e+05,MF input kappa=1e+05 lr=3e-02,100000.0,0.03,Muon,4,10,2.1767643902211617e-05,0.45859665415069284,0.0001337588217194671,1.0013801750432936,0.00011199117781725547,0.83726199421923
equal_update,90,MatrixSensing,Matrix sensing kappa=1e+02,Matrix sensing kappa=1e+02 lr=1e-02,100.0,0.01,Adam,0,5,0.0018425247940763434,1.0937763429742728,0.012595069754438687,1.1531162994796222,0.010752544960362345,0.853710632017182
equal_update,92,MatrixSensing,Matrix sensing kappa=1e+02,Matrix sensing kappa=1e+02 lr=1e-02,100.0,0.01,Adam,1,5,0.0019853593442171642,1.1142913944602117,0.012757591945778827,1.17359807729054,0.010772232601561663,0.8443782061179601
equal_update,94,MatrixSensing,Matrix sensing kappa=1e+02,Matrix sensing kappa=1e+02 lr=1e-02,100.0,0.01,Adam,2,5,0.001683520735905375,1.0899503046648074,0.012096481701537817,1.145254681706576,0.010412960965632441,0.8608255873531102
equal_update,96,MatrixSensing,Matrix sensing kappa=1e+02,Matrix sensing kappa=1e+02 lr=1e-02,100.0,0.01,Adam,3,5,0.001683692387989107,1.070930189515023,0.012269097258227316,1.1338721945050623,0.01058540487023821,0.8627696600204168
equal_update,98,MatrixSensing,Matrix sensing kappa=1e+02,Matrix sensing kappa=1e+02 lr=1e-02,100.0,0.01,Adam,4,5,0.0019316475220687416,1.0999027731955688,0.012768712634677852,1.1560304324896953,0.01083706511260911,0.8487202604260443
equal_update,111,MatrixSensing,Matrix sensing kappa=1e+02,Matrix sensing kappa=1e+02 lr=3e-02,100.0,0.03,Muon,0,5,0.0004488080998334249,1.1579839167899095,0.012595069754438687,1.1531162994796222,0.012146261654605263,0.9643663664764335
equal_update,113,MatrixSensing,Matrix sensing kappa=1e+02,Matrix sensing kappa=1e+02 lr=3e-02,100.0,0.03,Muon,1,5,0.0005535020397960877,1.1842671524441204,0.012757591945778827,1.17359807729054,0.01220408990598274,0.9566139094157791
equal_update,115,MatrixSensing,Matrix sensing kappa=1e+02,Matrix sensing kappa=1e+02 lr=3e-02,100.0,0.03,Muon,2,5,0.0005838607942200188,1.1491561857187602,0.012096481701537817,1.145254681706576,0.011512620907317798,0.9517330072804729
equal_update,117,MatrixSensing,Matrix sensing kappa=1e+02,Matrix sensing kappa=1e+02 lr=3e-02,100.0,0.03,Muon,3,5,0.0005372567661365795,1.1399033251589052,0.012269097258227316,1.1338721945050623,0.011731840492090737,0.9562105707674369
equal_update,119,MatrixSensing,Matrix sensing kappa=1e+02,Matrix sensing kappa=1e+02 lr=3e-02,100.0,0.03,Muon,4,5,0.0005557611246863154,1.1680630181098657,0.012768712634677852,1.1560304324896953,0.012212951509991537,0.9564747723136197
equal_update,210,MatrixSensing,Matrix sensing kappa=1e+05,Matrix sensing kappa=1e+05 lr=1e-02,100000.0,0.01,Adam,0,5,0.0014605348557840347,1.1139612633059053,0.011350617945307562,1.1707003566011327,0.009890083089523527,0.8713255205292296
equal_update,212,MatrixSensing,Matrix sensing kappa=1e+05,Matrix sensing kappa=1e+05 lr=1e-02,100000.0,0.01,Adam,1,5,0.0016686501841468634,1.1321214082565256,0.01188808980557376,1.1904143411550712,0.010219439621426896,0.8596368120162995
equal_update,214,MatrixSensing,Matrix sensing kappa=1e+05,Matrix sensing kappa=1e+05 lr=1e-02,100000.0,0.01,Adam,2,5,0.0013313133190293181,1.1094088022558595,0.01113613682871832,1.1648279800687005,0.009804823509689002,0.8804510631015171
equal_update,216,MatrixSensing,Matrix sensing kappa=1e+05,Matrix sensing kappa=1e+05 lr=1e-02,100000.0,0.01,Adam,3,5,0.0014563288169233204,1.0819029588582625,0.011482184353307785,1.1458934577476567,0.010025855536384465,0.8731662223744229
equal_update,218,MatrixSensing,Matrix sensing kappa=1e+05,Matrix sensing kappa=1e+05 lr=1e-02,100000.0,0.01,Adam,4,5,0.001520463438763944,1.118023720018084,0.011431779149861414,1.1705555710981141,0.009911315711097471,0.8669967798684796
equal_update,231,MatrixSensing,Matrix sensing kappa=1e+05,Matrix sensing kappa=1e+05 lr=3e-02,100000.0,0.03,Muon,0,5,0.0005520675796881578,1.184970572932283,0.011350617945307562,1.1707003566011327,0.010798550365619403,0.9513623326634487
equal_update,233,MatrixSensing,Matrix sensing kappa=1e+05,Matrix sensing kappa=1e+05 lr=3e-02,100000.0,0.03,Muon,1,5,0.0005234687683634705,1.207800605174484,0.01188808980557376,1.1904143411550712,0.011364621037210289,0.9559669571037358
equal_update,235,MatrixSensing,Matrix sensing kappa=1e+05,Matrix sensing kappa=1e+05 lr=3e-02,100000.0,0.03,Muon,2,5,0.000616534085449725,1.17498594824236,0.01113613682871832,1.1648279800687005,0.010519602743268594,0.9446366280396463
equal_update,237,MatrixSensing,Matrix sensing kappa=1e+05,Matrix sensing kappa=1e+05 lr=3e-02,100000.0,0.03,Muon,3,5,0.000589281791901499,1.1605125862593013,0.011482184353307785,1.1458934577476567,0.010892902561406285,0.9486785986211987
equal_update,239,MatrixSensing,Matrix sensing kappa=1e+05,Matrix sensing kappa=1e+05 lr=3e-02,100000.0,0.03,Muon,4,5,0.0005743522310027948,1.1916238482144546,0.011431779149861414,1.1705555710981141,0.01085742691885862,0.9497582814124118
equal_update,290,SmallMLPDigits,Small MLP digits hidden=16,Small MLP digits hidden=16 lr=3e-02,1.0,0.03,Adam,0,10,2.2027213207100624,0.611328125,2.302579040308706,0.8955078125,0.09985771959864342,0.04336777059572971
equal_update,292,SmallMLPDigits,Small MLP digits hidden=16,Small MLP digits hidden=16 lr=3e-02,1.0,0.03,Adam,1,10,2.1683533619296496,0.658203125,2.3025328074664575,0.9150390625,0.13417944553680794,0.05827471604387232
equal_update,294,SmallMLPDigits,Small MLP digits hidden=16,Small MLP digits hidden=16 lr=3e-02,1.0,0.03,Adam,2,10,2.1860516949609825,0.5888671875,2.302489903378648,0.87109375,0.11643820841766539,0.05057056200194636
equal_update,296,SmallMLPDigits,Small MLP digits hidden=16,Small MLP digits hidden=16 lr=3e-02,1.0,0.03,Adam,3,10,2.1820585557045096,0.6748046875,2.3026929964434295,0.91796875,0.12063444073891993,0.0523884169210759
equal_update,298,SmallMLPDigits,Small MLP digits hidden=16,Small MLP digits hidden=16 lr=3e-02,1.0,0.03,Adam,4,10,2.1842304491445512,0.58203125,2.3027054241295115,0.9755859375,0.11847497498496029,0.05145033912869998
equal_update,291,SmallMLPDigits,Small MLP digits hidden=16,Small MLP digits hidden=16 lr=3e-02,1.0,0.03,Muon,0,10,2.2126643052098687,0.18359375,2.302579040308706,0.8955078125,0.08991473509883718,0.03904957594280123
equal_update,293,SmallMLPDigits,Small MLP digits hidden=16,Small MLP digits hidden=16 lr=3e-02,1.0,0.03,Muon,1,10,2.2044942947918105,0.15625,2.3025328074664575,0.9150390625,0.09803851267464703,0.042578551913239227
equal_update,295,SmallMLPDigits,Small MLP digits hidden=16,Small MLP digits hidden=16 lr=3e-02,1.0,0.03,Muon,2,10,2.2092755417227483,0.255859375,2.302489903378648,0.87109375,0.09321436165589958,0.040484156529467456
equal_update,297,SmallMLPDigits,Small MLP digits hidden=16,Small MLP digits hidden=16 lr=3e-02,1.0,0.03,Muon,3,10,2.2113156248477344,0.375,2.3026929964434295,0.91796875,0.09137737159569514,0.03968282864317124
equal_update,299,SmallMLPDigits,Small MLP digits hidden=16,Small MLP digits hidden=16 lr=3e-02,1.0,0.03,Muon,4,10,2.203377172058855,0.390625,2.3027054241295115,0.9755859375,0.09932825207065665,0.04313545754911555
equal_update,350,SmallMLPDigits,Small MLP digits hidden=64,Small MLP digits hidden=64 lr=3e-02,1.0,0.03,Adam,0,10,1.865432213737682,0.341796875,2.3026985408830147,0.953125,0.43726632714533276,0.1898929970128241
equal_update,352,SmallMLPDigits,Small MLP digits hidden=64,Small MLP digits hidden=64 lr=3e-02,1.0,0.03,Adam,1,10,1.8188217649587053,0.2568359375,2.3028649017923835,0.927734375,0.48404313683367817,0.21019172095459618
equal_update,354,SmallMLPDigits,Small MLP digits hidden=64,Small MLP digits hidden=64 lr=3e-02,1.0,0.03,Adam,2,10,1.8288458509988734,0.4072265625,2.302544621857513,0.87890625,0.47369877085863976,0.20572837823073178
equal_update,356,SmallMLPDigits,Small MLP digits hidden=64,Small MLP digits hidden=64 lr=3e-02,1.0,0.03,Adam,3,10,1.8421320992814005,0.5009765625,2.30239590189129,0.869140625,0.4602638026098893,0.19990645493757536
equal_update,358,SmallMLPDigits,Small MLP digits hidden=64,Small MLP digits hidden=64 lr=3e-02,1.0,0.03,Adam,4,10,1.8381122658242068,0.44921875,2.302424395280005,0.8681640625,0.46431212945579814,0.2016622697395159
equal_update,351,SmallMLPDigits,Small MLP digits hidden=64,Small MLP digits hidden=64 lr=3e-02,1.0,0.03,Muon,0,10,2.1946120490367758,0.123046875,2.3026985408830147,0.953125,0.10808649184623897,0.04693905429965275
equal_update,353,SmallMLPDigits,Small MLP digits hidden=64,Small MLP digits hidden=64 lr=3e-02,1.0,0.03,Muon,1,10,2.189521347008012,0.126953125,2.3028649017923835,0.927734375,0.1133435547843713,0.0492184993987936
equal_update,355,SmallMLPDigits,Small MLP digits hidden=64,Small MLP digits hidden=64 lr=3e-02,1.0,0.03,Muon,2,10,2.192254865681193,0.1875,2.302544621857513,0.87890625,0.11028975617632009,0.04789907441070433
equal_update,357,SmallMLPDigits,Small MLP digits hidden=64,Small MLP digits hidden=64 lr=3e-02,1.0,0.03,Muon,3,10,2.1840766646328174,0.2490234375,2.30239590189129,0.869140625,0.11831923725847249,0.05138961425412538
equal_update,359,SmallMLPDigits,Small MLP digits hidden=64,Small MLP digits hidden=64 lr=3e-02,1.0,0.03,Muon,4,10,2.1862310113151726,0.3330078125,2.302424395280005,0.8681640625,0.11619338396483236,0.05046566749511083
raw,100,MatrixFactorizationInput,MF input kappa=1e+02,MF input kappa=1e+02 lr=3e-02,100.0,0.03,Adam,0,10,9.85261517360939e-06,0.24992754505453663,0.0001532792239327137,0.9994330499176829,0.0001434266087591043,0.9357211308824575
raw,101,MatrixFactorizationInput,MF input kappa=1e+02,MF input kappa=1e+02 lr=3e-02,100.0,0.03,Adam,1,10,9.447499710687901e-06,0.24919711639755968,0.0001604720091443568,0.9995233235792307,0.0001510245094336689,0.9411268060949547
raw,102,MatrixFactorizationInput,MF input kappa=1e+02,MF input kappa=1e+02 lr=3e-02,100.0,0.03,Adam,2,10,1.2587667097988056e-05,0.3053207376547403,0.0001493490238905777,0.9992393357981618,0.00013676135679258964,0.9157164421294741
raw,83,MatrixFactorizationInput,MF input kappa=1e+02,MF input kappa=1e+02 lr=1e-02,100.0,0.01,Adam,3,10,1.9246026019251368e-05,0.36488949005589755,0.00016144123210250178,1.0001224102346165,0.00014219520608325042,0.8807861797844077
raw,104,MatrixFactorizationInput,MF input kappa=1e+02,MF input kappa=1e+02 lr=3e-02,100.0,0.03,Adam,4,10,9.156539484175066e-06,0.23951348670174352,0.00014765915682122912,1.001229148681757,0.00013850261733705404,0.9379886782418724
raw,105,MatrixFactorizationInput,MF input kappa=1e+02,MF input kappa=1e+02 lr=3e-02,100.0,0.03,Muon,0,10,1.0478412456011958e-05,0.303071643419895,0.0001532792239327137,0.9994330499176829,0.00014280081147670173,0.9316384035150663
raw,106,MatrixFactorizationInput,MF input kappa=1e+02,MF input kappa=1e+02 lr=3e-02,100.0,0.03,Muon,1,10,1.0276307579690626e-05,0.28045592090962207,0.0001604720091443568,0.9995233235792307,0.0001501957015646662,0.9359619934062999
raw,107,MatrixFactorizationInput,MF input kappa=1e+02,MF input kappa=1e+02 lr=3e-02,100.0,0.03,Muon,2,10,1.1918170333979543e-05,0.30875097396580253,0.0001493490238905777,0.9992393357981618,0.00013743085355659817,0.9201992083810905
raw,108,MatrixFactorizationInput,MF input kappa=1e+02,MF input kappa=1e+02 lr=3e-02,100.0,0.03,Muon,3,10,8.673121302070036e-06,0.2666037245163979,0.00016144123210250178,1.0001224102346165,0.00015276811080043175,0.9462769133441491
raw,109,MatrixFactorizationInput,MF input kappa=1e+02,MF input kappa=1e+02 lr=3e-02,100.0,0.03,Muon,4,10,1.8124192680288948e-05,0.3980932726372495,0.00014765915682122912,1.001229148681757,0.00012953496414094018,0.8772565611881972
raw,220,MatrixFactorizationInput,MF input kappa=1e+05,MF input kappa=1e+05 lr=3e-02,100000.0,0.03,Adam,0,10,9.813859934477448e-06,0.27278096351569664,0.00013841039608334963,0.9994568444974121,0.00012859653614887218,0.9290959334545389
raw,221,MatrixFactorizationInput,MF input kappa=1e+05,MF input kappa=1e+05 lr=3e-02,100000.0,0.03,Adam,1,10,3.6431907444218063e-06,0.165380409779072,0.00014457183933332286,0.999614054360372,0.00014092864858890105,0.9748001356196201
raw,222,MatrixFactorizationInput,MF input kappa=1e+05,MF input kappa=1e+05 lr=3e-02,100000.0,0.03,Adam,2,10,5.250845551566358e-06,0.20032017763500112,0.00013650870631623234,0.9995498732159133,0.00013125786076466597,0.9615347204345898
raw,203,MatrixFactorizationInput,MF input kappa=1e+05,MF input kappa=1e+05 lr=1e-02,100000.0,0.01,Adam,3,10,1.0656335520429752e-05,0.2703582412765797,0.00014695216996577507,0.9997008180844602,0.00013629583444534532,0.9274843268873703
raw,224,MatrixFactorizationInput,MF input kappa=1e+05,MF input kappa=1e+05 lr=3e-02,100000.0,0.03,Adam,4,10,4.976321249072697e-06,0.18564263095117148,0.0001337588217194671,1.0013801750432936,0.0001287825004703944,0.9627963136554122
raw,225,MatrixFactorizationInput,MF input kappa=1e+05,MF input kappa=1e+05 lr=3e-02,100000.0,0.03,Muon,0,10,8.136294936729664e-06,0.28541473251863075,0.00013841039608334963,0.9994568444974121,0.00013027410114661996,0.9412161574060517
raw,226,MatrixFactorizationInput,MF input kappa=1e+05,MF input kappa=1e+05 lr=3e-02,100000.0,0.03,Muon,1,10,8.426670994056433e-06,0.27335095507728485,0.00014457183933332286,0.999614054360372,0.00013614516833926644,0.9417129156486139
raw,227,MatrixFactorizationInput,MF input kappa=1e+05,MF input kappa=1e+05 lr=3e-02,100000.0,0.03,Muon,2,10,8.72031415202218e-06,0.27906553358750175,0.00013650870631623234,0.9995498732159133,0.00012778839216421017,0.9361189891301077
raw,228,MatrixFactorizationInput,MF input kappa=1e+05,MF input kappa=1e+05 lr=3e-02,100000.0,0.03,Muon,3,10,1.0537770725399206e-05,0.313817512661787,0.00014695216996577507,0.9997008180844602,0.00013641439924037585,0.9282911526393013
raw,229,MatrixFactorizationInput,MF input kappa=1e+05,MF input kappa=1e+05 lr=3e-02,100000.0,0.03,Muon,4,10,2.1767643902211705e-05,0.4585966541506908,0.0001337588217194671,1.0013801750432936,0.00011199117781725539,0.8372619942192294
raw,70,MatrixSensing,Matrix sensing kappa=1e+02,Matrix sensing kappa=1e+02 lr=3e-03,100.0,0.003,Adam,0,5,0.0010730864919446393,1.1185372691231616,0.012595069754438687,1.1531162994796222,0.011521983262494049,0.9148010679681653
raw,71,MatrixSensing,Matrix sensing kappa=1e+02,Matrix sensing kappa=1e+02 lr=3e-03,100.0,0.003,Adam,1,5,0.0010851909653452365,1.1380541588004989,0.012757591945778827,1.17359807729054,0.011672400980433591,0.9149376332181326
raw,72,MatrixSensing,Matrix sensing kappa=1e+02,Matrix sensing kappa=1e+02 lr=3e-03,100.0,0.003,Adam,2,5,0.001186077324240406,1.1170451352551203,0.012096481701537817,1.145254681706576,0.01091040437729741,0.9019485703773171
raw,73,MatrixSensing,Matrix sensing kappa=1e+02,Matrix sensing kappa=1e+02 lr=3e-03,100.0,0.003,Adam,3,5,0.0012288361958725943,1.0960152718775662,0.012269097258227316,1.1338721945050623,0.011040261062354721,0.8998429819236643
raw,74,MatrixSensing,Matrix sensing kappa=1e+02,Matrix sensing kappa=1e+02 lr=3e-03,100.0,0.003,Adam,4,5,0.001118901462272894,1.129319456810557,0.012768712634677852,1.1560304324896953,0.011649811172404958,0.9123716310104646
raw,115,MatrixSensing,Matrix sensing kappa=1e+02,Matrix sensing kappa=1e+02 lr=3e-02,100.0,0.03,Muon,0,5,0.00044880809983342487,1.1579839167899093,0.012595069754438687,1.1531162994796222,0.012146261654605263,0.9643663664764335
raw,116,MatrixSensing,Matrix sensing kappa=1e+02,Matrix sensing kappa=1e+02 lr=3e-02,100.0,0.03,Muon,1,5,0.0005535020397960881,1.1842671524441204,0.012757591945778827,1.17359807729054,0.01220408990598274,0.9566139094157791
raw,117,MatrixSensing,Matrix sensing kappa=1e+02,Matrix sensing kappa=1e+02 lr=3e-02,100.0,0.03,Muon,2,5,0.0005838607942200183,1.14915618571876,0.012096481701537817,1.145254681706576,0.011512620907317798,0.9517330072804729
raw,118,MatrixSensing,Matrix sensing kappa=1e+02,Matrix sensing kappa=1e+02 lr=3e-02,100.0,0.03,Muon,3,5,0.0005372567661365803,1.1399033251589048,0.012269097258227316,1.1338721945050623,0.011731840492090735,0.9562105707674368
raw,119,MatrixSensing,Matrix sensing kappa=1e+02,Matrix sensing kappa=1e+02 lr=3e-02,100.0,0.03,Muon,4,5,0.000555761124686316,1.1680630181098657,0.012768712634677852,1.1560304324896953,0.012212951509991537,0.9564747723136197
raw,190,MatrixSensing,Matrix sensing kappa=1e+05,Matrix sensing kappa=1e+05 lr=3e-03,100000.0,0.003,Adam,0,5,0.001095797504595026,1.1428384636549793,0.011350617945307562,1.1707003566011327,0.010254820440712535,0.9034592204693104
raw,191,MatrixSensing,Matrix sensing kappa=1e+05,Matrix sensing kappa=1e+05 lr=3e-03,100000.0,0.003,Adam,1,5,0.001147451180910724,1.1606935346539575,0.01188808980557376,1.1904143411550712,0.010740638624663035,0.9034789272560223
raw,192,MatrixSensing,Matrix sensing kappa=1e+05,Matrix sensing kappa=1e+05 lr=3e-03,100000.0,0.003,Adam,2,5,0.001258237177381831,1.139966193915106,0.01113613682871832,1.1648279800687005,0.009877899651336489,0.8870131359973022
raw,193,MatrixSensing,Matrix sensing kappa=1e+05,Matrix sensing kappa=1e+05 lr=3e-03,100000.0,0.003,Adam,3,5,0.0012687760093338667,1.1098313898067502,0.011482184353307785,1.1458934577476567,0.010213408343973919,0.8895004669587666
raw,194,MatrixSensing,Matrix sensing kappa=1e+05,Matrix sensing kappa=1e+05 lr=3e-03,100000.0,0.003,Adam,4,5,0.001156451538767909,1.1513425296718964,0.011431779149861414,1.1705555710981141,0.010275327611093506,0.898838883816092
raw,235,MatrixSensing,Matrix sensing kappa=1e+05,Matrix sensing kappa=1e+05 lr=3e-02,100000.0,0.03,Muon,0,5,0.0005520675796881571,1.184970572932283,0.011350617945307562,1.1707003566011327,0.010798550365619405,0.9513623326634488
raw,236,MatrixSensing,Matrix sensing kappa=1e+05,Matrix sensing kappa=1e+05 lr=3e-02,100000.0,0.03,Muon,1,5,0.0005234687683634702,1.2078006051744847,0.01188808980557376,1.1904143411550712,0.011364621037210289,0.9559669571037358
raw,237,MatrixSensing,Matrix sensing kappa=1e+05,Matrix sensing kappa=1e+05 lr=3e-02,100000.0,0.03,Muon,2,5,0.000616534085449725,1.1749859482423597,0.01113613682871832,1.1648279800687005,0.010519602743268594,0.9446366280396463
raw,238,MatrixSensing,Matrix sensing kappa=1e+05,Matrix sensing kappa=1e+05 lr=3e-02,100000.0,0.03,Muon,3,5,0.0005892817919014998,1.1605125862593009,0.011482184353307785,1.1458934577476567,0.010892902561406285,0.9486785986211987
raw,239,MatrixSensing,Matrix sensing kappa=1e+05,Matrix sensing kappa=1e+05 lr=3e-02,100000.0,0.03,Muon,4,5,0.0005743522310027946,1.1916238482144546,0.011431779149861414,1.1705555710981141,0.01085742691885862,0.9497582814124118
raw,290,SmallMLPDigits,Small MLP digits hidden=16,Small MLP digits hidden=16 lr=3e-02,1.0,0.03,Adam,0,10,1.7168547791292297,0.4833984375,2.302579040308706,0.8955078125,0.5857242611794762,0.25437748321592835
raw,291,SmallMLPDigits,Small MLP digits hidden=16,Small MLP digits hidden=16 lr=3e-02,1.0,0.03,Adam,1,10,1.4434217254640664,0.2919921875,2.3025328074664575,0.9150390625,0.8591110820023911,0.37311567471114365
raw,292,SmallMLPDigits,Small MLP digits hidden=16,Small MLP digits hidden=16 lr=3e-02,1.0,0.03,Adam,2,10,1.4464589403487482,0.40234375,2.302489903378648,0.87109375,0.8560309630298997,0.3717848932904198
raw,293,SmallMLPDigits,Small MLP digits hidden=16,Small MLP digits hidden=16 lr=3e-02,1.0,0.03,Adam,3,10,1.661905164686647,0.6015625,2.3026929964434295,0.91796875,0.6407878317567826,0.27827757879426235
raw,294,SmallMLPDigits,Small MLP digits hidden=16,Small MLP digits hidden=16 lr=3e-02,1.0,0.03,Adam,4,10,1.5255157625769602,0.4208984375,2.3027054241295115,0.9755859375,0.7771896615525513,0.33751154333878863
raw,295,SmallMLPDigits,Small MLP digits hidden=16,Small MLP digits hidden=16 lr=3e-02,1.0,0.03,Muon,0,10,2.2126659763888936,0.1826171875,2.302579040308706,0.8955078125,0.08991306391981224,0.03904885015706459
raw,296,SmallMLPDigits,Small MLP digits hidden=16,Small MLP digits hidden=16 lr=3e-02,1.0,0.03,Muon,1,10,2.2044942947918105,0.15625,2.3025328074664575,0.9150390625,0.09803851267464703,0.042578551913239227
raw,297,SmallMLPDigits,Small MLP digits hidden=16,Small MLP digits hidden=16 lr=3e-02,1.0,0.03,Muon,2,10,2.2092759987116657,0.255859375,2.302489903378648,0.87109375,0.0932139046669822,0.04048395805349729
raw,298,SmallMLPDigits,Small MLP digits hidden=16,Small MLP digits hidden=16 lr=3e-02,1.0,0.03,Muon,3,10,2.2113156248477344,0.375,2.3026929964434295,0.91796875,0.09137737159569514,0.03968282864317124
raw,299,SmallMLPDigits,Small MLP digits hidden=16,Small MLP digits hidden=16 lr=3e-02,1.0,0.03,Muon,4,10,2.203549206231252,0.3916015625,2.3027054241295115,0.9755859375,0.09915621789825968,0.04306074796160415
raw,350,SmallMLPDigits,Small MLP digits hidden=64,Small MLP digits hidden=64 lr=3e-02,1.0,0.03,Adam,0,10,0.8706698102598437,0.1923828125,2.3026985408830147,0.953125,1.4320287306231712,0.6218915351698758
raw,351,SmallMLPDigits,Small MLP digits hidden=64,Small MLP digits hidden=64 lr=3e-02,1.0,0.03,Adam,1,10,0.7085717652147634,0.1318359375,2.3028649017923835,0.927734375,1.59429313657762,0.6923085828164465
raw,352,SmallMLPDigits,Small MLP digits hidden=64,Small MLP digits hidden=64 lr=3e-02,1.0,0.03,Adam,2,10,0.7827083918632146,0.2080078125,2.302544621857513,0.87890625,1.5198362299942985,0.6600680896981763
raw,353,SmallMLPDigits,Small MLP digits hidden=64,Small MLP digits hidden=64 lr=3e-02,1.0,0.03,Adam,3,10,0.588315871431767,0.1298828125,2.30239590189129,0.869140625,1.714080030459523,0.7444766684354771
raw,354,SmallMLPDigits,Small MLP digits hidden=64,Small MLP digits hidden=64 lr=3e-02,1.0,0.03,Adam,4,10,0.6588569289995428,0.18359375,2.302424395280005,0.8681640625,1.6435674662804622,0.7138421003746284
raw,355,SmallMLPDigits,Small MLP digits hidden=64,Small MLP digits hidden=64 lr=3e-02,1.0,0.03,Muon,0,10,2.1944834908945854,0.1240234375,2.3026985408830147,0.953125,0.10821504998842935,0.04699488364070973
raw,356,SmallMLPDigits,Small MLP digits hidden=64,Small MLP digits hidden=64 lr=3e-02,1.0,0.03,Muon,1,10,2.1894673879516184,0.125,2.3028649017923835,0.927734375,0.11339751384076502,0.049241930671879444
raw,357,SmallMLPDigits,Small MLP digits hidden=64,Small MLP digits hidden=64 lr=3e-02,1.0,0.03,Muon,2,10,2.1922343027904243,0.1884765625,2.302544621857513,0.87890625,0.11031031906708888,0.04790800491766328
raw,358,SmallMLPDigits,Small MLP digits hidden=64,Small MLP digits hidden=64 lr=3e-02,1.0,0.03,Muon,3,10,2.184117654061023,0.2490234375,2.30239590189129,0.869140625,0.11827824783026664,0.05137181130886641
raw,359,SmallMLPDigits,Small MLP digits hidden=64,Small MLP digits hidden=64 lr=3e-02,1.0,0.03,Muon,4,10,2.1862483739381124,0.33203125,2.302424395280005,0.8681640625,0.11617602134189253,0.0504581264774881
