hidden_dim,num_samples,algo,layer,points,mean_update_grad_inner,mean_update_grad_cosine,mean_nrG,mean_stA
8,128,Adam,1,50,0.0007118002325383697,0.6518143249529347,3.5356982968188913,1.4326331193696915
8,128,Adam,2,50,0.0005287259031260617,0.6459365565592485,3.080864947590373,1.17724703228392
8,128,AdamFirstMuonSecond,1,50,0.0005370062170977817,0.6215237842729942,3.5214769032252144,1.4326331193696915
8,128,AdamFirstMuonSecond,2,50,0.00027316528680627357,0.6081665410487282,2.996254027060195,1.1771181234402932
8,128,Muon,1,50,0.0006994028471955093,0.7022838448740203,3.979399284788247,1.4326331193696915
8,128,Muon,2,50,0.0005877409027749411,0.7216616633756706,4.17837562663956,1.3807634697707147
8,128,MuonFirstAdamSecond,1,50,0.0005595783421748447,0.6758060733017505,3.678029832330753,1.4326331193696915
8,128,MuonFirstAdamSecond,2,50,0.0005723863053300202,0.6703301409319262,4.202325146745412,1.42997369936581
8,1024,Adam,1,50,0.000533843035754451,0.6779078020536357,3.904967236126377,1.4358601595714189
8,1024,Adam,2,50,0.0003691709128622955,0.7369366093497721,3.7320739414058317,1.2393562615855986
8,1024,AdamFirstMuonSecond,1,50,0.00039829577080843114,0.6675868478192153,3.902297189185967,1.4358601595714189
8,1024,AdamFirstMuonSecond,2,50,0.0001655011084038643,0.6627578725231422,3.551772401331524,1.2260076046908897
8,1024,Muon,1,50,0.0005840525832763946,0.7531363274743044,4.5636558960486395,1.4358601595714189
8,1024,Muon,2,50,0.0005319849465670049,0.7541611506420053,4.566754491946253,1.3993701931982148
8,1024,MuonFirstAdamSecond,1,50,0.00041357293308257547,0.7067668037326115,4.0116081976716735,1.4358601595714189
8,1024,MuonFirstAdamSecond,2,50,0.0005124107569682853,0.7382424357453583,4.506161699347086,1.454791028961173
16,128,Adam,1,50,0.0012025144181473677,0.6396779937873598,4.922573962461929,1.4326331193696915
16,128,Adam,2,50,0.0008607410420504242,0.6402783768862815,4.021926556720287,1.2150124141607188
16,128,AdamFirstMuonSecond,1,50,0.00090469956410903,0.61536513080803,5.182333789672859,1.4326331193696915
16,128,AdamFirstMuonSecond,2,50,0.00037618032042135746,0.6328812993900556,4.041262244854593,1.2122948218910592
16,128,Muon,1,50,0.000982388444063875,0.5790693304179357,5.387021251950824,1.4326331193696915
16,128,Muon,2,50,0.0007961049841618604,0.7140842101596785,5.112443532338666,1.428610962575784
16,128,MuonFirstAdamSecond,1,50,0.0007141752111443255,0.549950924374886,4.866607191001287,1.4326331193696915
16,128,MuonFirstAdamSecond,2,50,0.0008251256628296,0.6210432181761532,5.089263072349184,1.4701381660872042
16,1024,Adam,1,50,0.0009714813586703223,0.6836850279708082,5.866546784121633,1.4358601595714189
16,1024,Adam,2,50,0.0006381052343863773,0.7293576246830896,5.104450743232297,1.288409204796479
16,1024,AdamFirstMuonSecond,1,50,0.0007393471506036788,0.6688192065160788,6.2970426750451045,1.4358601595714189
16,1024,AdamFirstMuonSecond,2,50,0.00024047092615465566,0.7170280509705481,5.14905936640032,1.2820597836058414
16,1024,Muon,1,50,0.0008721271377652598,0.6212422821333652,6.198842761686416,1.4358601595714189
16,1024,Muon,2,50,0.0007424958056511072,0.7751446160723764,6.022609643258578,1.473906754396359
16,1024,MuonFirstAdamSecond,1,50,0.0005626138523666563,0.5639394043572381,5.113389564232157,1.4358601595714189
16,1024,MuonFirstAdamSecond,2,50,0.0007359371966349368,0.7076613094009186,5.732946111496467,1.503225702106908
32,128,Adam,1,50,0.0021492218751471607,0.6340271791297262,5.601687112654755,1.4326331193696915
32,128,Adam,2,50,0.0015188428467689669,0.6398601511076073,4.291468853408169,1.1911855061674623
32,128,AdamFirstMuonSecond,1,50,0.0015445154481036648,0.5982255742522452,5.917785756538401,1.4326331193696915
32,128,AdamFirstMuonSecond,2,50,0.0004812985929581291,0.6508188713443858,4.277533328747154,1.1925001394194548
32,128,Muon,1,50,0.0012295664198200115,0.4398054052993549,6.2204461070270325,1.4326331193696915
32,128,Muon,2,50,0.0010098851544024048,0.7339932211136584,5.406222898722789,1.3905591506592068
32,128,MuonFirstAdamSecond,1,50,0.0009277237405206988,0.41766588269269356,5.620457928437195,1.4326331193696915
32,128,MuonFirstAdamSecond,2,50,0.0013833675933647121,0.6127314180236453,5.408095344899496,1.3865078789411869
32,1024,Adam,1,50,0.0017095754040599143,0.6808233970653638,6.9107892307500665,1.4358601595714189
32,1024,Adam,2,50,0.0011262261096800085,0.7337534427354575,5.674463296662433,1.2838407760535686
32,1024,AdamFirstMuonSecond,1,50,0.0012330993313997766,0.6574929298322679,7.320109537136156,1.4358601595714189
32,1024,AdamFirstMuonSecond,2,50,0.0003081731212376019,0.7536944728569904,5.691945105364211,1.2764230352870394
32,1024,Muon,1,50,0.0010407410268132907,0.47797399458482515,7.322563853052298,1.4358601595714189
32,1024,Muon,2,50,0.0008872881377273733,0.8080573631369102,6.5366008470123385,1.4299715071578682
32,1024,MuonFirstAdamSecond,1,50,0.0007282796890444117,0.44172417513471646,6.266476033613908,1.4358601595714189
32,1024,MuonFirstAdamSecond,2,50,0.0011708815197243314,0.6956152871743444,6.447487298493048,1.4296069120404191
64,128,Adam,1,50,0.004006672411448444,0.6368609526737116,6.324176396644547,1.4326331193696915
64,128,Adam,2,50,0.0028082202287634827,0.6333891508532575,4.48416147042782,1.184472666790766
64,128,AdamFirstMuonSecond,1,50,0.0028230494825553305,0.6025278560252391,6.757282701020485,1.4326331193696915
64,128,AdamFirstMuonSecond,2,50,0.000653039166678969,0.6667680273518154,4.4871539365632325,1.185959131584153
64,128,Muon,1,50,0.001602411206282236,0.3268403001291816,6.864654237321131,1.4326331193696915
64,128,Muon,2,50,0.0012855481854888886,0.7355256651153074,5.43676843123834,1.3305415384279409
64,128,MuonFirstAdamSecond,1,50,0.0012533142298345882,0.3073693892637861,6.093995734031771,1.4326331193696915
64,128,MuonFirstAdamSecond,2,50,0.0024016239180241028,0.5769135534538524,5.332861645216849,1.315754141178975
64,1024,Adam,1,50,0.003210419807304141,0.6669674218009902,7.617773084697908,1.4358601595714189
64,1024,Adam,2,50,0.0021027474029037016,0.7224086405298868,5.969369679674367,1.2793033625842083
64,1024,AdamFirstMuonSecond,1,50,0.002272181170058207,0.6417206968573111,8.083937113804103,1.4358601595714189
64,1024,AdamFirstMuonSecond,2,50,0.0004344655581335296,0.7734319127105067,5.993304016863615,1.2731749930681626
64,1024,Muon,1,50,0.001359055630815829,0.3565304988406387,8.145270566280063,1.4358601595714189
64,1024,Muon,2,50,0.0010892348714523284,0.8166837026525365,6.675767639346418,1.3604044576537353
64,1024,MuonFirstAdamSecond,1,50,0.001018557047086166,0.3290066195321089,6.953504382755258,1.4358601595714189
64,1024,MuonFirstAdamSecond,2,50,0.001994051295320707,0.6600915933329351,6.596669971721289,1.3455943423003112
128,128,Adam,1,50,0.004578448662380092,0.6274773112113192,6.681642651821999,1.4326331193696915
128,128,Adam,2,50,0.002854971436542724,0.6213920518620093,4.717995355912738,1.2086437015939453
128,128,AdamFirstMuonSecond,1,50,0.003621399553876828,0.5962075670326974,7.0624102919442295,1.4326331193696915
128,128,AdamFirstMuonSecond,2,50,0.0004893622959314018,0.681990244246917,4.696726170106385,1.207598968172991
128,128,Muon,1,50,0.002072844825812489,0.3346051917781746,7.198286805905093,1.4326331193696915
128,128,Muon,2,50,0.0016726819199316602,0.739471034547515,5.500946280650712,1.332695106378371
128,128,MuonFirstAdamSecond,1,50,0.001034270984416595,0.31402918058316165,6.367906648733912,1.4326331193696915
128,128,MuonFirstAdamSecond,2,50,0.003172078469136935,0.573974958250835,5.462486751954211,1.3128724779536751
128,1024,Adam,1,50,0.003684104972142767,0.6707079234669862,8.319651106238403,1.4358601595714189
128,1024,Adam,2,50,0.00214957496315433,0.7152926168469463,6.2390323595441695,1.2852650876540426
128,1024,AdamFirstMuonSecond,1,50,0.002951503446525587,0.6503243219971497,8.808254287648605,1.4358601595714189
128,1024,AdamFirstMuonSecond,2,50,0.0003193715630057272,0.7902255887581979,6.2559017464598465,1.2811914246924223
128,1024,Muon,1,50,0.0017312028817467145,0.3687833464344708,8.717128120065786,1.4358601595714189
128,1024,Muon,2,50,0.0013797231609976894,0.8240353351160593,6.797429362828041,1.3537564439133067
128,1024,MuonFirstAdamSecond,1,50,0.0008167022949684519,0.33707883203784533,7.315868272308553,1.4358601595714189
128,1024,MuonFirstAdamSecond,2,50,0.0025311177464697656,0.6506611711539937,6.738228040373511,1.3256996948445277
