group_type,problem_family,base_setting,budget,comparison,metric,n_pairs,geomean_ratio,ratio_ci95_low,ratio_ci95_high,ratio_ci95_above_one,ratio_ci95_below_one,mean_delta,delta_ci95_low,delta_ci95_high
setting_budget,MatrixFactorizationInput,MF input kappa=1e+02,fro,flat_polar_over_gd_spectrum,update_grad_inner,30,0.5341109191650717,0.5154309755180435,0.5534678502483039,False,True,-6.46648374931101e-07,-1.08862530328262e-06,-2.0467144657958192e-07
setting_budget,MatrixFactorizationInput,MF input kappa=1e+02,fro,flat_polar_over_gd_spectrum,delta_loss,30,0.5260636921239479,0.5072169071732261,0.5456107717571917,False,True,-6.92862244283287e-07,-1.1673299496450778e-06,-2.1839453892149628e-07
setting_budget,MatrixFactorizationInput,MF input kappa=1e+02,fro,top_singular_over_gd_spectrum,update_grad_inner,30,0.9772160506720261,0.9682301014303457,0.9862853967050838,False,True,-6.063522257657548e-09,-9.431246698443502e-09,-2.6957978168715934e-09
setting_budget,MatrixFactorizationInput,MF input kappa=1e+02,fro,top_singular_over_gd_spectrum,delta_loss,30,0.9790151083468984,0.9706793655729453,0.9874224346015126,False,True,-5.490655829557395e-09,-8.559546184984507e-09,-2.4217654741302823e-09
setting_budget,MatrixFactorizationInput,MF input kappa=1e+02,op,flat_polar_over_gd_spectrum,update_grad_inner,30,1.1702892337948738,1.1388480757862778,1.2025984148856876,True,False,5.2310328533675936e-08,1.8668582377387608e-08,8.595207468996427e-08
setting_budget,MatrixFactorizationInput,MF input kappa=1e+02,op,flat_polar_over_gd_spectrum,delta_loss,30,1.1699931453328893,1.1387781671916983,1.202063755315669,True,False,5.447758067069263e-08,1.9305088901073545e-08,8.965007244031172e-08
setting_budget,MatrixFactorizationInput,MF input kappa=1e+02,op,top_singular_over_gd_spectrum,update_grad_inner,30,0.9541488420523421,0.9369504304085045,0.9716629431429971,False,True,-6.683814574369004e-09,-1.0485355541608384e-08,-2.8822736071296237e-09
setting_budget,MatrixFactorizationInput,MF input kappa=1e+02,op,top_singular_over_gd_spectrum,delta_loss,30,0.9546684510631973,0.9376442229867157,0.9720017775530162,False,True,-6.719854286391457e-09,-1.0543136879471157e-08,-2.8965716933117577e-09
setting_budget,MatrixSensing,Matrix sensing kappa=1e+02,fro,flat_polar_over_gd_spectrum,update_grad_inner,30,0.8191550034937423,0.8134902010979299,0.8248592531823926,False,True,-2.769660925527591e-05,-3.629110750489563e-05,-1.910211100565619e-05
setting_budget,MatrixSensing,Matrix sensing kappa=1e+02,fro,flat_polar_over_gd_spectrum,delta_loss,30,0.8198636558400478,0.8142036920468244,0.8255629650580754,False,True,-2.7199103726615203e-05,-3.560773805457424e-05,-1.8790469398656163e-05
setting_budget,MatrixSensing,Matrix sensing kappa=1e+02,fro,top_singular_over_gd_spectrum,update_grad_inner,30,0.3649326089269995,0.35800383427666366,0.3719954824711424,False,True,-9.982179171605282e-05,-0.00013208669731809808,-6.755688611400756e-05
setting_budget,MatrixSensing,Matrix sensing kappa=1e+02,fro,top_singular_over_gd_spectrum,delta_loss,30,0.366061647647795,0.3591613489748217,0.3730945166040466,False,True,-9.837185052298808e-05,-0.00013006224104308178,-6.668146000289437e-05
setting_budget,MatrixSensing,Matrix sensing kappa=1e+02,op,flat_polar_over_gd_spectrum,update_grad_inner,30,2.315551184850618,2.2820771722567343,2.349516201663271,True,False,0.00015283434638987628,0.00010224425887637878,0.00020342443390337377
setting_budget,MatrixSensing,Matrix sensing kappa=1e+02,op,flat_polar_over_gd_spectrum,delta_loss,30,2.2979399654595296,2.262287804515619,2.334153980901985,True,False,0.00014768551780395083,9.940186051870159e-05,0.00019596917508920008
setting_budget,MatrixSensing,Matrix sensing kappa=1e+02,op,top_singular_over_gd_spectrum,update_grad_inner,30,0.1331758090582664,0.12816674535679284,0.138380638978938,False,True,-0.00010278817540960151,-0.00013804292941787527,-6.753342140132775e-05
setting_budget,MatrixSensing,Matrix sensing kappa=1e+02,op,top_singular_over_gd_spectrum,delta_loss,30,0.1337376930120873,0.12877469754628723,0.13889196304084803,False,True,-0.00010166512483236863,-0.00013637824748991955,-6.69520021748177e-05
setting_budget,SmallMLPDigits,Small MLP digits hidden=16,fro,flat_polar_over_gd_spectrum,update_grad_inner,30,0.6401894399109953,0.6285462884526157,0.6520482683662379,False,True,-5.6236028865556025e-05,-8.660813044763877e-05,-2.5863927283473276e-05
setting_budget,SmallMLPDigits,Small MLP digits hidden=16,fro,flat_polar_over_gd_spectrum,delta_loss,30,0.640900952171511,0.6289822951008415,0.6530454572310264,False,True,-5.624429350690185e-05,-8.669331836369313e-05,-2.5795268650110573e-05
setting_budget,SmallMLPDigits,Small MLP digits hidden=16,fro,top_singular_over_gd_spectrum,update_grad_inner,30,0.712414085820185,0.6960935011198889,0.7291173223977517,False,True,-4.473243665722708e-05,-6.896203139615936e-05,-2.050284191829479e-05
setting_budget,SmallMLPDigits,Small MLP digits hidden=16,fro,top_singular_over_gd_spectrum,delta_loss,30,0.7095725101881898,0.6925018286520165,0.7270639966320941,False,True,-4.5543627357898704e-05,-7.020835624667237e-05,-2.087889846912504e-05
setting_budget,SmallMLPDigits,Small MLP digits hidden=16,op,flat_polar_over_gd_spectrum,update_grad_inner,30,1.6716369810716494,1.6298600142556776,1.714484785224004,True,False,6.051072963277757e-05,2.8531040606125933e-05,9.24904186594292e-05
setting_budget,SmallMLPDigits,Small MLP digits hidden=16,op,flat_polar_over_gd_spectrum,delta_loss,30,1.6729106630326518,1.6313589994063897,1.7155206717262708,True,False,6.098414777810923e-05,2.866966428085401e-05,9.329863127536446e-05
setting_budget,SmallMLPDigits,Small MLP digits hidden=16,op,top_singular_over_gd_spectrum,update_grad_inner,30,0.502663810641464,0.48105074080001214,0.5252479314518732,False,True,-5.3524905007104174e-05,-8.47061253970781e-05,-2.2343684617130245e-05
setting_budget,SmallMLPDigits,Small MLP digits hidden=16,op,top_singular_over_gd_spectrum,delta_loss,30,0.5022963098163429,0.48056694223991664,0.5250081948607221,False,True,-5.379077582109796e-05,-8.517138441879747e-05,-2.2410167223398456e-05
setting_budget,SmallMLPDigits,Small MLP digits hidden=64,fro,flat_polar_over_gd_spectrum,update_grad_inner,30,0.4848945907090467,0.47632340953135344,0.49362000563908304,False,True,-0.0002854719697607291,-0.00044065503112976026,-0.00013028890839169796
setting_budget,SmallMLPDigits,Small MLP digits hidden=64,fro,flat_polar_over_gd_spectrum,delta_loss,30,0.48597447615622374,0.47756079747028857,0.49453638725446153,False,True,-0.00028472699822098174,-0.00043977216304230064,-0.00012968183339966285
setting_budget,SmallMLPDigits,Small MLP digits hidden=64,fro,top_singular_over_gd_spectrum,update_grad_inner,30,0.6786104884749655,0.661616991507927,0.6960404599323442,False,True,-0.0001838962445258326,-0.0002862510158657501,-8.154147318591512e-05
setting_budget,SmallMLPDigits,Small MLP digits hidden=64,fro,top_singular_over_gd_spectrum,delta_loss,30,0.6744765221927624,0.6573632214427282,0.692035337770837,False,True,-0.00018609937729448708,-0.0002894194090608649,-8.277934552810925e-05
setting_budget,SmallMLPDigits,Small MLP digits hidden=64,op,flat_polar_over_gd_spectrum,update_grad_inner,30,1.796737613863088,1.7521452161688156,1.842464895763175,True,False,0.000251893086150231,0.00010675592058382013,0.0003970302517166418
setting_budget,SmallMLPDigits,Small MLP digits hidden=64,op,flat_polar_over_gd_spectrum,delta_loss,30,1.7968985629952603,1.752399294850337,1.842527816110648,True,False,0.0002524284775564656,0.00010685541751226916,0.000398001537600662
setting_budget,SmallMLPDigits,Small MLP digits hidden=64,op,top_singular_over_gd_spectrum,update_grad_inner,30,0.45538019566577304,0.4338349417714066,0.477995437061555,False,True,-0.00020002146625717912,-0.00032328632871070654,-7.67566038036517e-05
setting_budget,SmallMLPDigits,Small MLP digits hidden=64,op,top_singular_over_gd_spectrum,delta_loss,30,0.454685707834049,0.4331200453438521,0.47732515530289277,False,True,-0.0002004381364881643,-0.00032397056937681493,-7.690570359951364e-05
budget_all,All,All,fro,flat_polar_over_gd_spectrum,update_grad_inner,120,0.6070694073361543,0.5845706179774689,0.6304341237651359,False,True,-9.251281406412303e-05,-0.00013656972821680447,-4.845589991144159e-05
budget_all,All,All,fro,flat_polar_over_gd_spectrum,delta_loss,120,0.6054051138845126,0.5827033703636099,0.6289913025366788,False,True,-9.221581442469553e-05,-0.00013622297506633456,-4.82086537830565e-05
budget_all,All,All,fro,top_singular_over_gd_spectrum,update_grad_inner,120,0.6443755929276869,0.6035251647204403,0.6879910383740878,False,True,-8.211413410534252e-05,-0.00011193511886261402,-5.229314934807102e-05
budget_all,All,All,fro,top_singular_over_gd_spectrum,delta_loss,120,0.6435418738759926,0.6028570376926543,0.6869723956726237,False,True,-8.250508645780085e-05,-0.00011255865449314822,-5.245151842245348e-05
budget_all,All,All,op,flat_polar_over_gd_spectrum,update_grad_inner,120,1.6890540849887379,1.613606819142499,1.7680290317149436,True,False,0.00011632261812535463,7.395601071305012e-05,0.00015868922553765913
budget_all,All,All,op,flat_polar_over_gd_spectrum,delta_loss,120,1.6860854341999094,1.61142874909928,1.7642009260478617,True,False,0.00011528815517979908,7.300390595385866e-05,0.0001575724044057395
budget_all,All,All,op,top_singular_over_gd_spectrum,update_grad_inner,120,0.4129745679678818,0.3623940439446654,0.4706147814457455,False,True,-8.908530762211481e-05,-0.00012423841224517017,-5.3932202999059455e-05
budget_all,All,All,op,top_singular_over_gd_spectrum,delta_loss,120,0.41323245386334717,0.3627263046906034,0.47077109853275834,False,True,-8.897518924897933e-05,-0.0001241685393881409,-5.3781839109817755e-05
