problem_family,base_setting,seed,source_algo,checkpoint_step,remaining_steps,continuation_variant,continuation_algo,loaded_source_optimizer_state,loss_before,loss_after,total_decrease,recovery_before,recovery_after
MatrixFactorizationInput,MF input kappa=1e+02,0,Adam,0,10,own_preserved,Adam,True,0.0001532792239327137,1.5386980753242767e-05,0.00013789224317947092,0.9994330499176829,0.3289554348329989
MatrixFactorizationInput,MF input kappa=1e+02,0,Adam,0,10,own_fresh,Adam,False,0.0001532792239327137,1.5386980753242767e-05,0.00013789224317947092,0.9994330499176829,0.3289554348329989
MatrixFactorizationInput,MF input kappa=1e+02,0,Adam,0,10,switched_fresh,Muon,False,0.0001532792239327137,0.00013824134428778065,1.5037879644933037e-05,0.9994330499176829,0.9546288522014693
MatrixFactorizationInput,MF input kappa=1e+02,0,Adam,1,9,own_preserved,Adam,True,0.00014960484497871958,1.5386980753242767e-05,0.0001342178642254768,0.9888351121187269,0.3289554348329989
MatrixFactorizationInput,MF input kappa=1e+02,0,Adam,1,9,own_fresh,Adam,False,0.00014960484497871958,1.4469058991257835e-05,0.00013513578598746173,0.9888351121187269,0.31917927829786574
MatrixFactorizationInput,MF input kappa=1e+02,0,Adam,1,9,switched_fresh,Muon,False,0.00014960484497871958,0.00012287652233902344,2.6728322639696134e-05,0.9888351121187269,0.9048435415019603
MatrixFactorizationInput,MF input kappa=1e+02,0,Adam,3,7,own_preserved,Adam,True,0.00011891317213957395,1.5386980753242767e-05,0.00010352619138633118,0.892549414264497,0.3289554348329989
MatrixFactorizationInput,MF input kappa=1e+02,0,Adam,3,7,own_fresh,Adam,False,0.00011891317213957395,1.5756127067266336e-05,0.00010315704507230761,0.892549414264497,0.3300110622396018
MatrixFactorizationInput,MF input kappa=1e+02,0,Adam,3,7,switched_fresh,Muon,False,0.00011891317213957395,7.561616132712176e-05,4.3297010812452187e-05,0.892549414264497,0.7310000148988159
MatrixFactorizationInput,MF input kappa=1e+02,0,Muon,0,10,own_preserved,Muon,True,0.0001532792239327137,0.00013824134428778065,1.5037879644933037e-05,0.9994330499176829,0.9546288522014693
MatrixFactorizationInput,MF input kappa=1e+02,0,Muon,0,10,own_fresh,Muon,False,0.0001532792239327137,0.00013824134428778065,1.5037879644933037e-05,0.9994330499176829,0.9546288522014693
MatrixFactorizationInput,MF input kappa=1e+02,0,Muon,0,10,switched_fresh,Adam,False,0.0001532792239327137,1.5386980753242767e-05,0.00013789224317947092,0.9994330499176829,0.3289554348329989
MatrixFactorizationInput,MF input kappa=1e+02,0,Muon,1,9,own_preserved,Muon,True,0.00015276069255121483,0.00013824134428778065,1.4519348263434178e-05,0.9978928458977242,0.9546288522014693
MatrixFactorizationInput,MF input kappa=1e+02,0,Muon,1,9,own_fresh,Muon,False,0.00015276069255121483,0.00013824134428778065,1.4519348263434178e-05,0.9978928458977242,0.9546288522014693
MatrixFactorizationInput,MF input kappa=1e+02,0,Muon,1,9,switched_fresh,Adam,False,0.00015276069255121483,1.7044920521447107e-05,0.0001357157720297677,0.9978928458977242,0.3351801520443945
MatrixFactorizationInput,MF input kappa=1e+02,0,Muon,3,7,own_preserved,Muon,True,0.0001513786363547434,0.00013824134428778065,1.3137292066962744e-05,0.99388634445941,0.9546288522014693
MatrixFactorizationInput,MF input kappa=1e+02,0,Muon,3,7,own_fresh,Muon,False,0.0001513786363547434,0.00013824134428778065,1.3137292066962744e-05,0.99388634445941,0.9546288522014693
MatrixFactorizationInput,MF input kappa=1e+02,0,Muon,3,7,switched_fresh,Adam,False,0.0001513786363547434,1.2712896782131645e-05,0.00013866573957261176,0.99388634445941,0.30266308774627443
MatrixFactorizationInput,MF input kappa=1e+02,1,Adam,0,10,own_preserved,Adam,True,0.0001604720091443568,1.910486870719081e-05,0.000141367140437166,0.9995233235792307,0.33930834363412604
MatrixFactorizationInput,MF input kappa=1e+02,1,Adam,0,10,own_fresh,Adam,False,0.0001604720091443568,1.910486870719081e-05,0.000141367140437166,0.9995233235792307,0.33930834363412604
MatrixFactorizationInput,MF input kappa=1e+02,1,Adam,0,10,switched_fresh,Muon,False,0.0001604720091443568,0.00014488404970030894,1.5587959444047876e-05,0.9995233235792307,0.9532243122361299
MatrixFactorizationInput,MF input kappa=1e+02,1,Adam,1,9,own_preserved,Adam,True,0.00015500910432133258,1.910486870719081e-05,0.00013590423561414178,0.983643511281734,0.33930834363412604
MatrixFactorizationInput,MF input kappa=1e+02,1,Adam,1,9,own_fresh,Adam,False,0.00015500910432133258,2.026523176909787e-05,0.00013474387255223472,0.983643511281734,0.35093675156281656
MatrixFactorizationInput,MF input kappa=1e+02,1,Adam,1,9,switched_fresh,Muon,False,0.00015500910432133258,0.00012491944144939006,3.008966287194252e-05,0.983643511281734,0.8886722309336804
MatrixFactorizationInput,MF input kappa=1e+02,1,Adam,3,7,own_preserved,Adam,True,0.00010820946606687405,1.910486870719081e-05,8.910459735968324e-05,0.8306758076762196,0.33930834363412604
MatrixFactorizationInput,MF input kappa=1e+02,1,Adam,3,7,own_fresh,Adam,False,0.00010820946606687405,1.827407427795755e-05,8.993539178891651e-05,0.8306758076762196,0.34045959079769184
MatrixFactorizationInput,MF input kappa=1e+02,1,Adam,3,7,switched_fresh,Muon,False,0.00010820946606687405,5.701993378253957e-05,5.118953228433448e-05,0.8306758076762196,0.6151685538775591
MatrixFactorizationInput,MF input kappa=1e+02,1,Muon,0,10,own_preserved,Muon,True,0.0001604720091443568,0.00014488404970030894,1.5587959444047876e-05,0.9995233235792307,0.9532243122361299
MatrixFactorizationInput,MF input kappa=1e+02,1,Muon,0,10,own_fresh,Muon,False,0.0001604720091443568,0.00014488404970030894,1.5587959444047876e-05,0.9995233235792307,0.9532243122361299
MatrixFactorizationInput,MF input kappa=1e+02,1,Muon,0,10,switched_fresh,Adam,False,0.0001604720091443568,1.910486870719081e-05,0.000141367140437166,0.9995233235792307,0.33930834363412604
MatrixFactorizationInput,MF input kappa=1e+02,1,Muon,1,9,own_preserved,Muon,True,0.00015994931251431103,0.00014488404970030894,1.5065262814002093e-05,0.9980129171480393,0.9532243122361299
MatrixFactorizationInput,MF input kappa=1e+02,1,Muon,1,9,own_fresh,Muon,False,0.00015994931251431103,0.00014488404970030894,1.5065262814002093e-05,0.9980129171480393,0.9532243122361299
MatrixFactorizationInput,MF input kappa=1e+02,1,Muon,1,9,switched_fresh,Adam,False,0.00015994931251431103,2.177099901354403e-05,0.000138178313500767,0.9980129171480393,0.36391756804441383
MatrixFactorizationInput,MF input kappa=1e+02,1,Muon,3,7,own_preserved,Muon,True,0.00015852310925605132,0.00014488404970030894,1.3639059555742387e-05,0.9938949626959984,0.9532243122361299
MatrixFactorizationInput,MF input kappa=1e+02,1,Muon,3,7,own_fresh,Muon,False,0.00015852310925605132,0.00014488404970030894,1.3639059555742387e-05,0.9938949626959984,0.9532243122361299
MatrixFactorizationInput,MF input kappa=1e+02,1,Muon,3,7,switched_fresh,Adam,False,0.00015852310925605132,1.532269529250345e-05,0.00014320041396354786,0.9938949626959984,0.3155951908267155
MatrixFactorizationInput,MF input kappa=1e+02,2,Adam,0,10,own_preserved,Adam,True,0.0001493490238905777,1.3687711090143477e-05,0.00013566131280043424,0.9992393357981618,0.3084639122685525
MatrixFactorizationInput,MF input kappa=1e+02,2,Adam,0,10,own_fresh,Adam,False,0.0001493490238905777,1.3687711090143477e-05,0.00013566131280043424,0.9992393357981618,0.3084639122685525
MatrixFactorizationInput,MF input kappa=1e+02,2,Adam,0,10,switched_fresh,Muon,False,0.0001493490238905777,0.0001361576861610539,1.3191337729523807e-05,0.9992393357981618,0.9559708072785972
MatrixFactorizationInput,MF input kappa=1e+02,2,Adam,1,9,own_preserved,Adam,True,0.00014631053186303964,1.3687711090143477e-05,0.00013262282077289617,0.9893789336782082,0.3084639122685525
MatrixFactorizationInput,MF input kappa=1e+02,2,Adam,1,9,own_fresh,Adam,False,0.00014631053186303964,1.3466072126363956e-05,0.0001328444597366757,0.9893789336782082,0.3030612811737484
MatrixFactorizationInput,MF input kappa=1e+02,2,Adam,1,9,switched_fresh,Muon,False,0.00014631053186303964,0.0001212199310011697,2.5090600861869935e-05,0.9893789336782082,0.9047161655509373
MatrixFactorizationInput,MF input kappa=1e+02,2,Adam,3,7,own_preserved,Adam,True,0.00011279340941398702,1.3687711090143477e-05,9.910569832384354e-05,0.8762089879759498,0.3084639122685525
MatrixFactorizationInput,MF input kappa=1e+02,2,Adam,3,7,own_fresh,Adam,False,0.00011279340941398702,1.2927358463511744e-05,9.986605095047528e-05,0.8762089879759498,0.29492986940484456
MatrixFactorizationInput,MF input kappa=1e+02,2,Adam,3,7,switched_fresh,Muon,False,0.00011279340941398702,6.929966086653083e-05,4.3493748547456196e-05,0.8762089879759498,0.6988165772306218
MatrixFactorizationInput,MF input kappa=1e+02,2,Muon,0,10,own_preserved,Muon,True,0.0001493490238905777,0.0001361576861610539,1.3191337729523807e-05,0.9992393357981618,0.9559708072785972
MatrixFactorizationInput,MF input kappa=1e+02,2,Muon,0,10,own_fresh,Muon,False,0.0001493490238905777,0.0001361576861610539,1.3191337729523807e-05,0.9992393357981618,0.9559708072785972
MatrixFactorizationInput,MF input kappa=1e+02,2,Muon,0,10,switched_fresh,Adam,False,0.0001493490238905777,1.3687711090143477e-05,0.00013566131280043424,0.9992393357981618,0.3084639122685525
MatrixFactorizationInput,MF input kappa=1e+02,2,Muon,1,9,own_preserved,Muon,True,0.0001489476224121525,0.0001361576861610539,1.2789936251098597e-05,0.9979663232382794,0.9559708072785972
MatrixFactorizationInput,MF input kappa=1e+02,2,Muon,1,9,own_fresh,Muon,False,0.0001489476224121525,0.0001361576861610539,1.2789936251098597e-05,0.9979663232382794,0.9559708072785972
MatrixFactorizationInput,MF input kappa=1e+02,2,Muon,1,9,switched_fresh,Adam,False,0.0001489476224121525,1.7241277810869273e-05,0.0001317063446012832,0.9979663232382794,0.3508254269355693
MatrixFactorizationInput,MF input kappa=1e+02,2,Muon,3,7,own_preserved,Muon,True,0.0001477952429329342,0.0001361576861610539,1.1637556771880306e-05,0.9942056059105644,0.9559708072785972
MatrixFactorizationInput,MF input kappa=1e+02,2,Muon,3,7,own_fresh,Muon,False,0.0001477952429329342,0.0001361576861610539,1.1637556771880306e-05,0.9942056059105644,0.9559708072785972
MatrixFactorizationInput,MF input kappa=1e+02,2,Muon,3,7,switched_fresh,Adam,False,0.0001477952429329342,1.5782145361324037e-05,0.00013201309757161016,0.9942056059105644,0.34353995808148347
MatrixFactorizationInput,MF input kappa=1e+02,3,Adam,0,10,own_preserved,Adam,True,0.00016144123210250178,1.9246026019251368e-05,0.00014219520608325042,1.0001224102346165,0.36488949005589755
MatrixFactorizationInput,MF input kappa=1e+02,3,Adam,0,10,own_fresh,Adam,False,0.00016144123210250178,1.9246026019251368e-05,0.00014219520608325042,1.0001224102346165,0.36488949005589755
MatrixFactorizationInput,MF input kappa=1e+02,3,Adam,0,10,switched_fresh,Muon,False,0.00016144123210250178,0.00014759264138371759,1.3848590718784198e-05,1.0001224102346165,0.9589343492379689
MatrixFactorizationInput,MF input kappa=1e+02,3,Adam,1,9,own_preserved,Adam,True,0.00015702013446579352,1.9246026019251368e-05,0.00013777410844654215,0.9875875286823557,0.36488949005589755
MatrixFactorizationInput,MF input kappa=1e+02,3,Adam,1,9,own_fresh,Adam,False,0.00015702013446579352,2.312908068464222e-05,0.0001338910537811513,0.9875875286823557,0.3898999561044101
MatrixFactorizationInput,MF input kappa=1e+02,3,Adam,1,9,switched_fresh,Muon,False,0.00015702013446579352,0.00013028874961761703,2.673138484817649e-05,0.9875875286823557,0.9063479177438488
MatrixFactorizationInput,MF input kappa=1e+02,3,Adam,3,7,own_preserved,Adam,True,0.00012099468907843818,1.9246026019251368e-05,0.00010174866305918681,0.8789223911715253,0.36488949005589755
MatrixFactorizationInput,MF input kappa=1e+02,3,Adam,3,7,own_fresh,Adam,False,0.00012099468907843818,2.087027847467896e-05,0.00010012441060375921,0.8789223911715253,0.3715114743750549
MatrixFactorizationInput,MF input kappa=1e+02,3,Adam,3,7,switched_fresh,Muon,False,0.00012099468907843818,7.237533985073358e-05,4.861934922770459e-05,0.8789223911715253,0.7014816739394231
MatrixFactorizationInput,MF input kappa=1e+02,3,Muon,0,10,own_preserved,Muon,True,0.00016144123210250178,0.00014759264138371759,1.3848590718784198e-05,1.0001224102346165,0.9589343492379689
MatrixFactorizationInput,MF input kappa=1e+02,3,Muon,0,10,own_fresh,Muon,False,0.00016144123210250178,0.00014759264138371759,1.3848590718784198e-05,1.0001224102346165,0.9589343492379689
MatrixFactorizationInput,MF input kappa=1e+02,3,Muon,0,10,switched_fresh,Adam,False,0.00016144123210250178,1.9246026019251368e-05,0.00014219520608325042,1.0001224102346165,0.36488949005589755
MatrixFactorizationInput,MF input kappa=1e+02,3,Muon,1,9,own_preserved,Muon,True,0.00016099944803439297,0.00014759264138371759,1.3406806650675387e-05,0.9987819706846007,0.9589343492379689
MatrixFactorizationInput,MF input kappa=1e+02,3,Muon,1,9,own_fresh,Muon,False,0.00016099944803439297,0.00014759264138371759,1.3406806650675387e-05,0.9987819706846007,0.9589343492379689
MatrixFactorizationInput,MF input kappa=1e+02,3,Muon,1,9,switched_fresh,Adam,False,0.00016099944803439297,2.7461365178011687e-05,0.00013353808285638128,0.9987819706846007,0.4208238252252968
MatrixFactorizationInput,MF input kappa=1e+02,3,Muon,3,7,own_preserved,Muon,True,0.0001598111868880388,0.00014759264138371759,1.2218545504321223e-05,0.9952768270465259,0.9589343492379689
MatrixFactorizationInput,MF input kappa=1e+02,3,Muon,3,7,own_fresh,Muon,False,0.0001598111868880388,0.00014759264138371759,1.2218545504321223e-05,0.9952768270465259,0.9589343492379689
MatrixFactorizationInput,MF input kappa=1e+02,3,Muon,3,7,switched_fresh,Adam,False,0.0001598111868880388,2.0234896551311645e-05,0.00013957629033672716,0.9952768270465259,0.3735667921270236
MatrixFactorizationInput,MF input kappa=1e+02,4,Adam,0,10,own_preserved,Adam,True,0.00014765915682122912,1.5735166391101975e-05,0.00013192399043012714,1.001229148681757,0.32979365202689376
MatrixFactorizationInput,MF input kappa=1e+02,4,Adam,0,10,own_fresh,Adam,False,0.00014765915682122912,1.5735166391101975e-05,0.00013192399043012714,1.001229148681757,0.32979365202689376
MatrixFactorizationInput,MF input kappa=1e+02,4,Adam,0,10,switched_fresh,Muon,False,0.00014765915682122912,0.00013600720928367763,1.1651947537551487e-05,1.001229148681757,0.9642713761181351
MatrixFactorizationInput,MF input kappa=1e+02,4,Adam,1,9,own_preserved,Adam,True,0.0001452023870056942,1.5735166391101975e-05,0.00012946722061459224,0.9935132587158926,0.32979365202689376
MatrixFactorizationInput,MF input kappa=1e+02,4,Adam,1,9,own_fresh,Adam,False,0.0001452023870056942,1.5524407750186733e-05,0.0001296779792555075,0.9935132587158926,0.32483939176749915
MatrixFactorizationInput,MF input kappa=1e+02,4,Adam,1,9,switched_fresh,Muon,False,0.0001452023870056942,0.00012543856851531728,1.9763818490376936e-05,0.9935132587158926,0.9308943701165667
MatrixFactorizationInput,MF input kappa=1e+02,4,Adam,3,7,own_preserved,Adam,True,0.00011761284773264642,1.5735166391101975e-05,0.00010187768134154445,0.9069315683495008,0.32979365202689376
MatrixFactorizationInput,MF input kappa=1e+02,4,Adam,3,7,own_fresh,Adam,False,0.00011761284773264642,1.618700041459104e-05,0.00010142584731805539,0.9069315683495008,0.3281713696285897
MatrixFactorizationInput,MF input kappa=1e+02,4,Adam,3,7,switched_fresh,Muon,False,0.00011761284773264642,7.669402809211823e-05,4.0918819640528196e-05,0.9069315683495008,0.7539274053410976
MatrixFactorizationInput,MF input kappa=1e+02,4,Muon,0,10,own_preserved,Muon,True,0.00014765915682122912,0.00013600720928367763,1.1651947537551487e-05,1.001229148681757,0.9642713761181351
MatrixFactorizationInput,MF input kappa=1e+02,4,Muon,0,10,own_fresh,Muon,False,0.00014765915682122912,0.00013600720928367763,1.1651947537551487e-05,1.001229148681757,0.9642713761181351
MatrixFactorizationInput,MF input kappa=1e+02,4,Muon,0,10,switched_fresh,Adam,False,0.00014765915682122912,1.5735166391101975e-05,0.00013192399043012714,1.001229148681757,0.32979365202689376
MatrixFactorizationInput,MF input kappa=1e+02,4,Muon,1,9,own_preserved,Muon,True,0.00014719691467529776,0.00013600720928367763,1.1189705391620133e-05,0.9997374615151956,0.9642713761181351
MatrixFactorizationInput,MF input kappa=1e+02,4,Muon,1,9,own_fresh,Muon,False,0.00014719691467529776,0.00013600720928367763,1.1189705391620133e-05,0.9997374615151956,0.9642713761181351
MatrixFactorizationInput,MF input kappa=1e+02,4,Muon,1,9,switched_fresh,Adam,False,0.00014719691467529776,1.381861207937476e-05,0.000133378302595923,0.9997374615151956,0.3173679921589014
MatrixFactorizationInput,MF input kappa=1e+02,4,Muon,3,7,own_preserved,Muon,True,0.0001461819939042717,0.00013600720928367763,1.0174784620594084e-05,0.996490997923111,0.9642713761181351
MatrixFactorizationInput,MF input kappa=1e+02,4,Muon,3,7,own_fresh,Muon,False,0.0001461819939042717,0.00013600720928367763,1.0174784620594084e-05,0.996490997923111,0.9642713761181351
MatrixFactorizationInput,MF input kappa=1e+02,4,Muon,3,7,switched_fresh,Adam,False,0.0001461819939042717,1.3364648796577797e-05,0.0001328173451076939,0.996490997923111,0.3185419904435473
MatrixFactorizationInput,MF input kappa=1e+05,0,Adam,0,10,own_preserved,Adam,True,0.00013841039608334963,1.1349280880470254e-05,0.00012706111520287936,0.9994568444974121,0.29753080647442987
MatrixFactorizationInput,MF input kappa=1e+05,0,Adam,0,10,own_fresh,Adam,False,0.00013841039608334963,1.1349280880470254e-05,0.00012706111520287936,0.9994568444974121,0.29753080647442987
MatrixFactorizationInput,MF input kappa=1e+05,0,Adam,0,10,switched_fresh,Muon,False,0.00013841039608334963,0.00012629519326430694,1.211520281904269e-05,0.9994568444974121,0.9597817482363836
MatrixFactorizationInput,MF input kappa=1e+05,0,Adam,1,9,own_preserved,Adam,True,0.00013576928727439657,1.1349280880470254e-05,0.0001244200063939263,0.9915158078601568,0.29753080647442987
MatrixFactorizationInput,MF input kappa=1e+05,0,Adam,1,9,own_fresh,Adam,False,0.00013576928727439657,1.1089431259931398e-05,0.00012467985601446517,0.9915158078601568,0.2940531547627615
MatrixFactorizationInput,MF input kappa=1e+05,0,Adam,1,9,switched_fresh,Muon,False,0.00013576928727439657,0.00011160751352643778,2.4161773747958786e-05,0.9915158078601568,0.9076992221088979
MatrixFactorizationInput,MF input kappa=1e+05,0,Adam,3,7,own_preserved,Adam,True,0.00010715205266183104,1.1349280880470254e-05,9.580277178136079e-05,0.8910020394578063,0.29753080647442987
MatrixFactorizationInput,MF input kappa=1e+05,0,Adam,3,7,own_fresh,Adam,False,0.00010715205266183104,1.1978155208531462e-05,9.517389745329957e-05,0.8910020394578063,0.30289762053971625
MatrixFactorizationInput,MF input kappa=1e+05,0,Adam,3,7,switched_fresh,Muon,False,0.00010715205266183104,6.86710630197698e-05,3.8480989642061236e-05,0.8910020394578063,0.7325644565965539
MatrixFactorizationInput,MF input kappa=1e+05,0,Muon,0,10,own_preserved,Muon,True,0.00013841039608334963,0.00012629519326430694,1.211520281904269e-05,0.9994568444974121,0.9597817482363836
MatrixFactorizationInput,MF input kappa=1e+05,0,Muon,0,10,own_fresh,Muon,False,0.00013841039608334963,0.00012629519326430694,1.211520281904269e-05,0.9994568444974121,0.9597817482363836
MatrixFactorizationInput,MF input kappa=1e+05,0,Muon,0,10,switched_fresh,Adam,False,0.00013841039608334963,1.1349280880470254e-05,0.00012706111520287936,0.9994568444974121,0.29753080647442987
MatrixFactorizationInput,MF input kappa=1e+05,0,Muon,1,9,own_preserved,Muon,True,0.00013799775111608735,0.00012629519326430694,1.1702557851780412e-05,0.9981296391145547,0.9597817482363836
MatrixFactorizationInput,MF input kappa=1e+05,0,Muon,1,9,own_fresh,Muon,False,0.00013799775111608735,0.00012629519326430694,1.1702557851780412e-05,0.9981296391145547,0.9597817482363836
MatrixFactorizationInput,MF input kappa=1e+05,0,Muon,1,9,switched_fresh,Adam,False,0.00013799775111608735,1.4832941804689039e-05,0.00012316480931139832,0.9981296391145547,0.3290499337006806
MatrixFactorizationInput,MF input kappa=1e+05,0,Muon,3,7,own_preserved,Muon,True,0.00013686761900357628,0.00012629519326430694,1.0572425739269339e-05,0.9945476577531726,0.9597817482363836
MatrixFactorizationInput,MF input kappa=1e+05,0,Muon,3,7,own_fresh,Muon,False,0.00013686761900357628,0.00012629519326430694,1.0572425739269339e-05,0.9945476577531726,0.9597817482363836
MatrixFactorizationInput,MF input kappa=1e+05,0,Muon,3,7,switched_fresh,Adam,False,0.00013686761900357628,1.0688848100428629e-05,0.00012617877090314764,0.9945476577531726,0.2930190698091115
MatrixFactorizationInput,MF input kappa=1e+05,1,Adam,0,10,own_preserved,Adam,True,0.00014457183933332286,1.3139048560468783e-05,0.00013143279077285408,0.999614054360372,0.2987125878294562
MatrixFactorizationInput,MF input kappa=1e+05,1,Adam,0,10,own_fresh,Adam,False,0.00014457183933332286,1.3139048560468783e-05,0.00013143279077285408,0.999614054360372,0.2987125878294562
MatrixFactorizationInput,MF input kappa=1e+05,1,Adam,0,10,switched_fresh,Muon,False,0.00014457183933332286,0.00013304949132400388,1.1522348009318983e-05,0.999614054360372,0.9610090832345507
MatrixFactorizationInput,MF input kappa=1e+05,1,Adam,1,9,own_preserved,Adam,True,0.0001398295559007677,1.3139048560468783e-05,0.00012669050734029892,0.9840577255274667,0.2987125878294562
MatrixFactorizationInput,MF input kappa=1e+05,1,Adam,1,9,own_fresh,Adam,False,0.0001398295559007677,1.2200814622523927e-05,0.00012762874127824378,0.9840577255274667,0.28758817858578206
MatrixFactorizationInput,MF input kappa=1e+05,1,Adam,1,9,switched_fresh,Muon,False,0.0001398295559007677,0.000113702131539778,2.6127424360989696e-05,0.9840577255274667,0.8910856587878638
MatrixFactorizationInput,MF input kappa=1e+05,1,Adam,3,7,own_preserved,Adam,True,9.926173248917421e-05,1.3139048560468783e-05,8.612268392870543e-05,0.8349189045776342,0.2987125878294562
MatrixFactorizationInput,MF input kappa=1e+05,1,Adam,3,7,own_fresh,Adam,False,9.926173248917421e-05,1.0511723027315018e-05,8.87500094618592e-05,0.8349189045776342,0.2708293561391734
MatrixFactorizationInput,MF input kappa=1e+05,1,Adam,3,7,switched_fresh,Muon,False,9.926173248917421e-05,5.508188412070826e-05,4.417984836846595e-05,0.8349189045776342,0.6322174943165725
MatrixFactorizationInput,MF input kappa=1e+05,1,Muon,0,10,own_preserved,Muon,True,0.00014457183933332286,0.00013304949132400388,1.1522348009318983e-05,0.999614054360372,0.9610090832345507
MatrixFactorizationInput,MF input kappa=1e+05,1,Muon,0,10,own_fresh,Muon,False,0.00014457183933332286,0.00013304949132400388,1.1522348009318983e-05,0.999614054360372,0.9610090832345507
MatrixFactorizationInput,MF input kappa=1e+05,1,Muon,0,10,switched_fresh,Adam,False,0.00014457183933332286,1.3139048560468783e-05,0.00013143279077285408,0.999614054360372,0.2987125878294562
MatrixFactorizationInput,MF input kappa=1e+05,1,Muon,1,9,own_preserved,Muon,True,0.00014418963867665393,0.00013304949132400388,1.1140147352650052e-05,0.9983748800608938,0.9610090832345507
MatrixFactorizationInput,MF input kappa=1e+05,1,Muon,1,9,own_fresh,Muon,False,0.00014418963867665393,0.00013304949132400388,1.1140147352650052e-05,0.9983748800608938,0.9610090832345507
MatrixFactorizationInput,MF input kappa=1e+05,1,Muon,1,9,switched_fresh,Adam,False,0.00014418963867665393,1.607052574199943e-05,0.00012811911293465452,0.9983748800608938,0.3311189028795625
MatrixFactorizationInput,MF input kappa=1e+05,1,Muon,3,7,own_preserved,Muon,True,0.00014314506972258853,0.00013304949132400388,1.0095578398584647e-05,0.9949487903275698,0.9610090832345507
MatrixFactorizationInput,MF input kappa=1e+05,1,Muon,3,7,own_fresh,Muon,False,0.00014314506972258853,0.00013304949132400388,1.0095578398584647e-05,0.9949487903275698,0.9610090832345507
MatrixFactorizationInput,MF input kappa=1e+05,1,Muon,3,7,switched_fresh,Adam,False,0.00014314506972258853,9.659063367455992e-06,0.00013348600635513253,0.9949487903275698,0.26298657525350927
MatrixFactorizationInput,MF input kappa=1e+05,2,Adam,0,10,own_preserved,Adam,True,0.00013650870631623234,1.3029033599647507e-05,0.00012347967271658482,0.9995498732159133,0.29792805695439006
MatrixFactorizationInput,MF input kappa=1e+05,2,Adam,0,10,own_fresh,Adam,False,0.00013650870631623234,1.3029033599647507e-05,0.00012347967271658482,0.9995498732159133,0.29792805695439006
MatrixFactorizationInput,MF input kappa=1e+05,2,Adam,0,10,switched_fresh,Muon,False,0.00013650870631623234,0.00012614825690382016,1.036044941241218e-05,0.9995498732159133,0.9628677085141639
MatrixFactorizationInput,MF input kappa=1e+05,2,Adam,1,9,own_preserved,Adam,True,0.00013286382569655783,1.3029033599647507e-05,0.00011983479209691033,0.9868710840580794,0.29792805695439006
MatrixFactorizationInput,MF input kappa=1e+05,2,Adam,1,9,own_fresh,Adam,False,0.00013286382569655783,1.2459571510545119e-05,0.00012040425418601271,0.9868710840580794,0.29125384563610224
MatrixFactorizationInput,MF input kappa=1e+05,2,Adam,1,9,switched_fresh,Muon,False,0.00013286382569655783,0.00010799137269557312,2.4872453000984707e-05,0.9868710840580794,0.8948749216756289
MatrixFactorizationInput,MF input kappa=1e+05,2,Adam,3,7,own_preserved,Adam,True,9.74710501185325e-05,1.3029033599647507e-05,8.444201651888499e-05,0.8550123439939787,0.29792805695439006
MatrixFactorizationInput,MF input kappa=1e+05,2,Adam,3,7,own_fresh,Adam,False,9.74710501185325e-05,1.0807795312563108e-05,8.666325480596938e-05,0.8550123439939787,0.27362659696061564
MatrixFactorizationInput,MF input kappa=1e+05,2,Adam,3,7,switched_fresh,Muon,False,9.74710501185325e-05,5.6312152256503655e-05,4.115889786202884e-05,0.8550123439939787,0.6624672500368196
MatrixFactorizationInput,MF input kappa=1e+05,2,Muon,0,10,own_preserved,Muon,True,0.00013650870631623234,0.00012614825690382016,1.036044941241218e-05,0.9995498732159133,0.9628677085141639
MatrixFactorizationInput,MF input kappa=1e+05,2,Muon,0,10,own_fresh,Muon,False,0.00013650870631623234,0.00012614825690382016,1.036044941241218e-05,0.9995498732159133,0.9628677085141639
MatrixFactorizationInput,MF input kappa=1e+05,2,Muon,0,10,switched_fresh,Adam,False,0.00013650870631623234,1.3029033599647507e-05,0.00012347967271658482,0.9995498732159133,0.29792805695439006
MatrixFactorizationInput,MF input kappa=1e+05,2,Muon,1,9,own_preserved,Muon,True,0.0001361919692898088,0.00012614825690382016,1.0043712385988631e-05,0.9984472321928421,0.9628677085141639
MatrixFactorizationInput,MF input kappa=1e+05,2,Muon,1,9,own_fresh,Muon,False,0.0001361919692898088,0.00012614825690382016,1.0043712385988631e-05,0.9984472321928421,0.9628677085141639
MatrixFactorizationInput,MF input kappa=1e+05,2,Muon,1,9,switched_fresh,Adam,False,0.0001361919692898088,1.1068633072642057e-05,0.00012512333621716673,0.9984472321928421,0.28349687283899444
MatrixFactorizationInput,MF input kappa=1e+05,2,Muon,3,7,own_preserved,Muon,True,0.00013529688842381008,0.00012614825690382016,9.148631519989922e-06,0.9952825411805566,0.9628677085141639
MatrixFactorizationInput,MF input kappa=1e+05,2,Muon,3,7,own_fresh,Muon,False,0.00013529688842381008,0.00012614825690382016,9.148631519989922e-06,0.9952825411805566,0.9628677085141639
MatrixFactorizationInput,MF input kappa=1e+05,2,Muon,3,7,switched_fresh,Adam,False,0.00013529688842381008,8.182617331318904e-06,0.00012711427109249118,0.9952825411805566,0.24863326266932995
MatrixFactorizationInput,MF input kappa=1e+05,3,Adam,0,10,own_preserved,Adam,True,0.00014695216996577507,1.0656335520429752e-05,0.00013629583444534532,0.9997008180844602,0.2703582412765797
MatrixFactorizationInput,MF input kappa=1e+05,3,Adam,0,10,own_fresh,Adam,False,0.00014695216996577507,1.0656335520429752e-05,0.00013629583444534532,0.9997008180844602,0.2703582412765797
MatrixFactorizationInput,MF input kappa=1e+05,3,Adam,0,10,switched_fresh,Muon,False,0.00014695216996577507,0.00013568139302427907,1.1270776941495994e-05,0.9997008180844602,0.9632349633989701
MatrixFactorizationInput,MF input kappa=1e+05,3,Adam,1,9,own_preserved,Adam,True,0.00014378756681359585,1.0656335520429752e-05,0.0001331312312931661,0.9899218282612754,0.2703582412765797
MatrixFactorizationInput,MF input kappa=1e+05,3,Adam,1,9,own_fresh,Adam,False,0.00014378756681359585,1.0873677909415692e-05,0.00013291388890418015,0.9899218282612754,0.27273997272008993
MatrixFactorizationInput,MF input kappa=1e+05,3,Adam,1,9,switched_fresh,Muon,False,0.00014378756681359585,0.00011888435606834628,2.4903210745249568e-05,0.9899218282612754,0.9062331622317703
MatrixFactorizationInput,MF input kappa=1e+05,3,Adam,3,7,own_preserved,Adam,True,0.00010780487620490759,1.0656335520429752e-05,9.714854068447785e-05,0.8683426108624374,0.2703582412765797
MatrixFactorizationInput,MF input kappa=1e+05,3,Adam,3,7,own_fresh,Adam,False,0.00010780487620490759,1.2469901881118151e-05,9.533497432378945e-05,0.8683426108624374,0.2861962399496847
MatrixFactorizationInput,MF input kappa=1e+05,3,Adam,3,7,switched_fresh,Muon,False,0.00010780487620490759,6.264410930718042e-05,4.5160766897727175e-05,0.8683426108624374,0.681906053441354
MatrixFactorizationInput,MF input kappa=1e+05,3,Muon,0,10,own_preserved,Muon,True,0.00014695216996577507,0.00013568139302427907,1.1270776941495994e-05,0.9997008180844602,0.9632349633989701
MatrixFactorizationInput,MF input kappa=1e+05,3,Muon,0,10,own_fresh,Muon,False,0.00014695216996577507,0.00013568139302427907,1.1270776941495994e-05,0.9997008180844602,0.9632349633989701
MatrixFactorizationInput,MF input kappa=1e+05,3,Muon,0,10,switched_fresh,Adam,False,0.00014695216996577507,1.0656335520429752e-05,0.00013629583444534532,0.9997008180844602,0.2703582412765797
MatrixFactorizationInput,MF input kappa=1e+05,3,Muon,1,9,own_preserved,Muon,True,0.00014660488583546972,0.00013568139302427907,1.092349281119065e-05,0.9985731412954982,0.9632349633989701
MatrixFactorizationInput,MF input kappa=1e+05,3,Muon,1,9,own_fresh,Muon,False,0.00014660488583546972,0.00013568139302427907,1.092349281119065e-05,0.9985731412954982,0.9632349633989701
MatrixFactorizationInput,MF input kappa=1e+05,3,Muon,1,9,switched_fresh,Adam,False,0.00014660488583546972,1.0421539393183509e-05,0.00013618334644228622,0.9985731412954982,0.26511356060795316
MatrixFactorizationInput,MF input kappa=1e+05,3,Muon,3,7,own_preserved,Muon,True,0.00014562727850744175,0.00013568139302427907,9.945885483162678e-06,0.99541014371687,0.9632349633989701
MatrixFactorizationInput,MF input kappa=1e+05,3,Muon,3,7,own_fresh,Muon,False,0.00014562727850744175,0.00013568139302427907,9.945885483162678e-06,0.99541014371687,0.9632349633989701
MatrixFactorizationInput,MF input kappa=1e+05,3,Muon,3,7,switched_fresh,Adam,False,0.00014562727850744175,6.244082097903496e-06,0.00013938319640953827,0.99541014371687,0.22336769889989558
MatrixFactorizationInput,MF input kappa=1e+05,4,Adam,0,10,own_preserved,Adam,True,0.0001337588217194671,8.750289615871125e-06,0.00012500853210359596,1.0013801750432936,0.26369444178165397
MatrixFactorizationInput,MF input kappa=1e+05,4,Adam,0,10,own_fresh,Adam,False,0.0001337588217194671,8.750289615871125e-06,0.00012500853210359596,1.0013801750432936,0.26369444178165397
MatrixFactorizationInput,MF input kappa=1e+05,4,Adam,0,10,switched_fresh,Muon,False,0.0001337588217194671,0.00012555874714355436,8.200074575912729e-06,1.0013801750432936,0.973002364532898
MatrixFactorizationInput,MF input kappa=1e+05,4,Adam,1,9,own_preserved,Adam,True,0.00013185546754330006,8.750289615871125e-06,0.00012310517792742893,0.9946888774217384,0.26369444178165397
MatrixFactorizationInput,MF input kappa=1e+05,4,Adam,1,9,own_fresh,Adam,False,0.00013185546754330006,1.1975902547288508e-05,0.00011987956499601155,0.9946888774217384,0.2894667713449006
MatrixFactorizationInput,MF input kappa=1e+05,4,Adam,1,9,switched_fresh,Muon,False,0.00013185546754330006,0.00011437319864952519,1.7482268893774874e-05,0.9946888774217384,0.9343072690218815
MatrixFactorizationInput,MF input kappa=1e+05,4,Adam,3,7,own_preserved,Adam,True,0.0001066296470051134,8.750289615871125e-06,9.787935738924227e-05,0.9076693033875374,0.26369444178165397
MatrixFactorizationInput,MF input kappa=1e+05,4,Adam,3,7,own_fresh,Adam,False,0.0001066296470051134,1.0609545409750196e-05,9.60201015953632e-05,0.9076693033875374,0.28191605145448984
MatrixFactorizationInput,MF input kappa=1e+05,4,Adam,3,7,switched_fresh,Muon,False,0.0001066296470051134,7.049332058893748e-05,3.6136326416175916e-05,0.9076693033875374,0.7596344574376404
MatrixFactorizationInput,MF input kappa=1e+05,4,Muon,0,10,own_preserved,Muon,True,0.0001337588217194671,0.00012555874714355436,8.200074575912729e-06,1.0013801750432936,0.973002364532898
MatrixFactorizationInput,MF input kappa=1e+05,4,Muon,0,10,own_fresh,Muon,False,0.0001337588217194671,0.00012555874714355436,8.200074575912729e-06,1.0013801750432936,0.973002364532898
MatrixFactorizationInput,MF input kappa=1e+05,4,Muon,0,10,switched_fresh,Adam,False,0.0001337588217194671,8.750289615871125e-06,0.00012500853210359596,1.0013801750432936,0.26369444178165397
MatrixFactorizationInput,MF input kappa=1e+05,4,Muon,1,9,own_preserved,Muon,True,0.00013339971643392933,0.00012555874714355436,7.840969290374966e-06,1.0001003108607318,0.973002364532898
MatrixFactorizationInput,MF input kappa=1e+05,4,Muon,1,9,own_fresh,Muon,False,0.00013339971643392933,0.00012555874714355436,7.840969290374966e-06,1.0001003108607318,0.973002364532898
MatrixFactorizationInput,MF input kappa=1e+05,4,Muon,1,9,switched_fresh,Adam,False,0.00013339971643392933,7.190930222567305e-06,0.00012620878621136201,1.0001003108607318,0.2508013270487013
MatrixFactorizationInput,MF input kappa=1e+05,4,Muon,3,7,own_preserved,Muon,True,0.00013268513551050793,0.00012555874714355436,7.126388366953572e-06,0.9975500981982176,0.973002364532898
MatrixFactorizationInput,MF input kappa=1e+05,4,Muon,3,7,own_fresh,Muon,False,0.00013268513551050793,0.00012555874714355436,7.126388366953572e-06,0.9975500981982176,0.973002364532898
MatrixFactorizationInput,MF input kappa=1e+05,4,Muon,3,7,switched_fresh,Adam,False,0.00013268513551050793,7.280802574321202e-06,0.00012540433293618672,0.9975500981982176,0.24689581257402957
MatrixSensing,Matrix sensing kappa=1e+02,0,Adam,0,5,own_preserved,Adam,True,0.012595069754438687,0.0023680611365872245,0.010227008617851464,1.1531162994796222,1.1692985290849374
MatrixSensing,Matrix sensing kappa=1e+02,0,Adam,0,5,own_fresh,Adam,False,0.012595069754438687,0.0023680611365872245,0.010227008617851464,1.1531162994796222,1.1692985290849374
MatrixSensing,Matrix sensing kappa=1e+02,0,Adam,0,5,switched_fresh,Muon,False,0.012595069754438687,0.0018232412383812028,0.010771828516057484,1.1531162994796222,1.1308237562244943
MatrixSensing,Matrix sensing kappa=1e+02,0,Adam,1,4,own_preserved,Adam,True,0.002669788132274374,0.0023680611365872245,0.0003017269956871495,1.1239113275942518,1.1692985290849374
MatrixSensing,Matrix sensing kappa=1e+02,0,Adam,1,4,own_fresh,Adam,False,0.002669788132274374,0.0033447999685308873,-0.0006750118362565134,1.1239113275942518,1.1724424614845164
MatrixSensing,Matrix sensing kappa=1e+02,0,Adam,1,4,switched_fresh,Muon,False,0.002669788132274374,4.58669480232032e-05,0.0026239211842511707,1.1239113275942518,1.1078475050465508
MatrixSensing,Matrix sensing kappa=1e+02,0,Adam,3,2,own_preserved,Adam,True,0.005210448609248181,0.0023680611365872245,0.0028423874726609564,1.202683552834893,1.1692985290849374
MatrixSensing,Matrix sensing kappa=1e+02,0,Adam,3,2,own_fresh,Adam,False,0.005210448609248181,0.004308859149440587,0.0009015894598075943,1.202683552834893,1.1805981375769397
MatrixSensing,Matrix sensing kappa=1e+02,0,Adam,3,2,switched_fresh,Muon,False,0.005210448609248181,0.0019315137750977424,0.0032789348341504387,1.202683552834893,1.165451842922492
MatrixSensing,Matrix sensing kappa=1e+02,0,Muon,0,5,own_preserved,Muon,True,0.012595069754438687,0.0018232412383812028,0.010771828516057484,1.1531162994796222,1.1308237562244943
MatrixSensing,Matrix sensing kappa=1e+02,0,Muon,0,5,own_fresh,Muon,False,0.012595069754438687,0.0018232412383812028,0.010771828516057484,1.1531162994796222,1.1308237562244943
MatrixSensing,Matrix sensing kappa=1e+02,0,Muon,0,5,switched_fresh,Adam,False,0.012595069754438687,0.0023680611365872245,0.010227008617851464,1.1531162994796222,1.1692985290849374
MatrixSensing,Matrix sensing kappa=1e+02,0,Muon,1,4,own_preserved,Muon,True,0.009440728451388599,0.0018232412383812028,0.0076174872130073965,1.140501555079468,1.1308237562244943
MatrixSensing,Matrix sensing kappa=1e+02,0,Muon,1,4,own_fresh,Muon,False,0.009440728451388599,0.0018232412383812028,0.0076174872130073965,1.140501555079468,1.1308237562244943
MatrixSensing,Matrix sensing kappa=1e+02,0,Muon,1,4,switched_fresh,Adam,False,0.009440728451388599,0.002728790353584608,0.006711938097803991,1.140501555079468,1.1825588867540724
MatrixSensing,Matrix sensing kappa=1e+02,0,Muon,3,2,own_preserved,Muon,True,0.004715298709383537,0.0018232412383812028,0.0028920574710023343,1.128201249654941,1.1308237562244943
MatrixSensing,Matrix sensing kappa=1e+02,0,Muon,3,2,own_fresh,Muon,False,0.004715298709383537,0.0018232412383812028,0.0028920574710023343,1.128201249654941,1.1308237562244943
MatrixSensing,Matrix sensing kappa=1e+02,0,Muon,3,2,switched_fresh,Adam,False,0.004715298709383537,0.003526918238813434,0.001188380470570103,1.128201249654941,1.1884996604680513
MatrixSensing,Matrix sensing kappa=1e+02,1,Adam,0,5,own_preserved,Adam,True,0.012757591945778827,0.002635786231333939,0.010121805714444888,1.17359807729054,1.2009444307474586
MatrixSensing,Matrix sensing kappa=1e+02,1,Adam,0,5,own_fresh,Adam,False,0.012757591945778827,0.002635786231333939,0.010121805714444888,1.17359807729054,1.2009444307474586
MatrixSensing,Matrix sensing kappa=1e+02,1,Adam,0,5,switched_fresh,Muon,False,0.012757591945778827,0.0018982819647289503,0.010859309981049878,1.17359807729054,1.154853930499572
MatrixSensing,Matrix sensing kappa=1e+02,1,Adam,1,4,own_preserved,Adam,True,0.0028797488263400894,0.002635786231333939,0.00024396259500615016,1.148722510693494,1.2009444307474586
MatrixSensing,Matrix sensing kappa=1e+02,1,Adam,1,4,own_fresh,Adam,False,0.0028797488263400894,0.0031717934652625095,-0.00029204463892242016,1.148722510693494,1.200391454178447
MatrixSensing,Matrix sensing kappa=1e+02,1,Adam,1,4,switched_fresh,Muon,False,0.0028797488263400894,4.2844299892411134e-05,0.0028369045264476783,1.148722510693494,1.1328697423652871
MatrixSensing,Matrix sensing kappa=1e+02,1,Adam,3,2,own_preserved,Adam,True,0.005056093402762189,0.002635786231333939,0.00242030717142825,1.2279832200533352,1.2009444307474586
MatrixSensing,Matrix sensing kappa=1e+02,1,Adam,3,2,own_fresh,Adam,False,0.005056093402762189,0.004080514968517458,0.0009755784342447317,1.2279832200533352,1.2013672124355617
MatrixSensing,Matrix sensing kappa=1e+02,1,Adam,3,2,switched_fresh,Muon,False,0.005056093402762189,0.0018688105124294962,0.003187282890332693,1.2279832200533352,1.189567982168107
MatrixSensing,Matrix sensing kappa=1e+02,1,Muon,0,5,own_preserved,Muon,True,0.012757591945778827,0.0018982819647289503,0.010859309981049878,1.17359807729054,1.154853930499572
MatrixSensing,Matrix sensing kappa=1e+02,1,Muon,0,5,own_fresh,Muon,False,0.012757591945778827,0.0018982819647289503,0.010859309981049878,1.17359807729054,1.154853930499572
MatrixSensing,Matrix sensing kappa=1e+02,1,Muon,0,5,switched_fresh,Adam,False,0.012757591945778827,0.002635786231333939,0.010121805714444888,1.17359807729054,1.2009444307474586
MatrixSensing,Matrix sensing kappa=1e+02,1,Muon,1,4,own_preserved,Muon,True,0.00958917469011533,0.0018982819647289503,0.00769089272538638,1.1620544632183858,1.154853930499572
MatrixSensing,Matrix sensing kappa=1e+02,1,Muon,1,4,own_fresh,Muon,False,0.00958917469011533,0.0018982819647289503,0.00769089272538638,1.1620544632183858,1.154853930499572
MatrixSensing,Matrix sensing kappa=1e+02,1,Muon,1,4,switched_fresh,Adam,False,0.00958917469011533,0.0030047305010054088,0.006584444189109921,1.1620544632183858,1.2087118928153104
MatrixSensing,Matrix sensing kappa=1e+02,1,Muon,3,2,own_preserved,Muon,True,0.0048236221505299015,0.0018982819647289503,0.0029253401858009512,1.15096099134811,1.154853930499572
MatrixSensing,Matrix sensing kappa=1e+02,1,Muon,3,2,own_fresh,Muon,False,0.0048236221505299015,0.0018982819647289503,0.0029253401858009512,1.15096099134811,1.154853930499572
MatrixSensing,Matrix sensing kappa=1e+02,1,Muon,3,2,switched_fresh,Adam,False,0.0048236221505299015,0.0033339513040757255,0.001489670846454176,1.15096099134811,1.2164598647829659
MatrixSensing,Matrix sensing kappa=1e+02,2,Adam,0,5,own_preserved,Adam,True,0.012096481701537817,0.0023022165557087183,0.009794265145829099,1.145254681706576,1.164370536564975
MatrixSensing,Matrix sensing kappa=1e+02,2,Adam,0,5,own_fresh,Adam,False,0.012096481701537817,0.0023022165557087183,0.009794265145829099,1.145254681706576,1.164370536564975
MatrixSensing,Matrix sensing kappa=1e+02,2,Adam,0,5,switched_fresh,Muon,False,0.012096481701537817,0.0015782313529622656,0.01051825034857555,1.145254681706576,1.1247044918852915
MatrixSensing,Matrix sensing kappa=1e+02,2,Adam,1,4,own_preserved,Adam,True,0.002717478222609951,0.0023022165557087183,0.0004152616669012327,1.123089961483387,1.164370536564975
MatrixSensing,Matrix sensing kappa=1e+02,2,Adam,1,4,own_fresh,Adam,False,0.002717478222609951,0.003538642193970459,-0.0008211639713605078,1.123089961483387,1.160413171775418
MatrixSensing,Matrix sensing kappa=1e+02,2,Adam,1,4,switched_fresh,Muon,False,0.002717478222609951,3.957032854708524e-05,0.0026779078940628656,1.123089961483387,1.1077406741980294
MatrixSensing,Matrix sensing kappa=1e+02,2,Adam,3,2,own_preserved,Adam,True,0.00496028873355911,0.0023022165557087183,0.002658072177850392,1.1962588537361494,1.164370536564975
MatrixSensing,Matrix sensing kappa=1e+02,2,Adam,3,2,own_fresh,Adam,False,0.00496028873355911,0.004102429519095245,0.000857859214463865,1.1962588537361494,1.1686142797333718
MatrixSensing,Matrix sensing kappa=1e+02,2,Adam,3,2,switched_fresh,Muon,False,0.00496028873355911,0.001736669784719257,0.003223618948839853,1.1962588537361494,1.160066374830671
MatrixSensing,Matrix sensing kappa=1e+02,2,Muon,0,5,own_preserved,Muon,True,0.012096481701537817,0.0015782313529622656,0.01051825034857555,1.145254681706576,1.1247044918852915
MatrixSensing,Matrix sensing kappa=1e+02,2,Muon,0,5,own_fresh,Muon,False,0.012096481701537817,0.0015782313529622656,0.01051825034857555,1.145254681706576,1.1247044918852915
MatrixSensing,Matrix sensing kappa=1e+02,2,Muon,0,5,switched_fresh,Adam,False,0.012096481701537817,0.0023022165557087183,0.009794265145829099,1.145254681706576,1.164370536564975
MatrixSensing,Matrix sensing kappa=1e+02,2,Muon,1,4,own_preserved,Muon,True,0.008982577552108744,0.0015782313529622656,0.007404346199146479,1.1327184159007393,1.1247044918852915
MatrixSensing,Matrix sensing kappa=1e+02,2,Muon,1,4,own_fresh,Muon,False,0.008982577552108744,0.0015782313529622656,0.007404346199146479,1.1327184159007393,1.1247044918852915
MatrixSensing,Matrix sensing kappa=1e+02,2,Muon,1,4,switched_fresh,Adam,False,0.008982577552108744,0.002523989364118837,0.006458588187989908,1.1327184159007393,1.1695428905719127
MatrixSensing,Matrix sensing kappa=1e+02,2,Muon,3,2,own_preserved,Muon,True,0.0043467457258584054,0.0015782313529622656,0.00276851437289614,1.1212805234660213,1.1247044918852915
MatrixSensing,Matrix sensing kappa=1e+02,2,Muon,3,2,own_fresh,Muon,False,0.0043467457258584054,0.0015782313529622656,0.00276851437289614,1.1212805234660213,1.1247044918852915
MatrixSensing,Matrix sensing kappa=1e+02,2,Muon,3,2,switched_fresh,Adam,False,0.0043467457258584054,0.0033104313530372123,0.0010363143728211932,1.1212805234660213,1.1802217007655726
MatrixSensing,Matrix sensing kappa=1e+02,3,Adam,0,5,own_preserved,Adam,True,0.012269097258227316,0.0022997674764139203,0.009969329781813396,1.1338721945050623,1.1451868083355154
MatrixSensing,Matrix sensing kappa=1e+02,3,Adam,0,5,own_fresh,Adam,False,0.012269097258227316,0.0022997674764139203,0.009969329781813396,1.1338721945050623,1.1451868083355154
MatrixSensing,Matrix sensing kappa=1e+02,3,Adam,0,5,switched_fresh,Muon,False,0.012269097258227316,0.0015853862830192984,0.010683710975208018,1.1338721945050623,1.1125215584009749
MatrixSensing,Matrix sensing kappa=1e+02,3,Adam,1,4,own_preserved,Adam,True,0.0027233156159029623,0.0022997674764139203,0.000423548139489042,1.0993702788675208,1.1451868083355154
MatrixSensing,Matrix sensing kappa=1e+02,3,Adam,1,4,own_fresh,Adam,False,0.0027233156159029623,0.00362929401663629,-0.0009059784007333276,1.0993702788675208,1.1516202592110516
MatrixSensing,Matrix sensing kappa=1e+02,3,Adam,1,4,switched_fresh,Muon,False,0.0027233156159029623,4.9797338159495615e-05,0.002673518277743467,1.0993702788675208,1.0847435559936929
MatrixSensing,Matrix sensing kappa=1e+02,3,Adam,3,2,own_preserved,Adam,True,0.005061654318795605,0.0022997674764139203,0.0027618868423816847,1.1776172229434838,1.1451868083355154
MatrixSensing,Matrix sensing kappa=1e+02,3,Adam,3,2,own_fresh,Adam,False,0.005061654318795605,0.004186313846783629,0.000875340472011976,1.1776172229434838,1.1578191768015025
MatrixSensing,Matrix sensing kappa=1e+02,3,Adam,3,2,switched_fresh,Muon,False,0.005061654318795605,0.0017938138332463467,0.003267840485549258,1.1776172229434838,1.1407663367818586
MatrixSensing,Matrix sensing kappa=1e+02,3,Muon,0,5,own_preserved,Muon,True,0.012269097258227316,0.0015853862830192984,0.010683710975208018,1.1338721945050623,1.1125215584009749
MatrixSensing,Matrix sensing kappa=1e+02,3,Muon,0,5,own_fresh,Muon,False,0.012269097258227316,0.0015853862830192984,0.010683710975208018,1.1338721945050623,1.1125215584009749
MatrixSensing,Matrix sensing kappa=1e+02,3,Muon,0,5,switched_fresh,Adam,False,0.012269097258227316,0.0022997674764139203,0.009969329781813396,1.1338721945050623,1.1451868083355154
MatrixSensing,Matrix sensing kappa=1e+02,3,Muon,1,4,own_preserved,Muon,True,0.00908937305687279,0.0015853862830192984,0.007503986773853492,1.1215482233441592,1.1125215584009749
MatrixSensing,Matrix sensing kappa=1e+02,3,Muon,1,4,own_fresh,Muon,False,0.00908937305687279,0.0015853862830192984,0.007503986773853492,1.1215482233441592,1.1125215584009749
MatrixSensing,Matrix sensing kappa=1e+02,3,Muon,1,4,switched_fresh,Adam,False,0.00908937305687279,0.0026587179860771476,0.006430655070795643,1.1215482233441592,1.1526364938737854
MatrixSensing,Matrix sensing kappa=1e+02,3,Muon,3,2,own_preserved,Muon,True,0.004386963691854556,0.0015853862830192984,0.0028015774088352577,1.1097152118532658,1.1125215584009749
MatrixSensing,Matrix sensing kappa=1e+02,3,Muon,3,2,own_fresh,Muon,False,0.004386963691854556,0.0015853862830192984,0.0028015774088352577,1.1097152118532658,1.1125215584009749
MatrixSensing,Matrix sensing kappa=1e+02,3,Muon,3,2,switched_fresh,Adam,False,0.004386963691854556,0.003262489804929288,0.001124473886925268,1.1097152118532658,1.1609407835214733
MatrixSensing,Matrix sensing kappa=1e+02,4,Adam,0,5,own_preserved,Adam,True,0.012768712634677852,0.0024029034130439433,0.01036580922163391,1.1560304324896953,1.1912968566042539
MatrixSensing,Matrix sensing kappa=1e+02,4,Adam,0,5,own_fresh,Adam,False,0.012768712634677852,0.0024029034130439433,0.01036580922163391,1.1560304324896953,1.1912968566042539
MatrixSensing,Matrix sensing kappa=1e+02,4,Adam,0,5,switched_fresh,Muon,False,0.012768712634677852,0.001821901419614771,0.010946811215063081,1.1560304324896953,1.1367089346079782
MatrixSensing,Matrix sensing kappa=1e+02,4,Adam,1,4,own_preserved,Adam,True,0.0026582327215254374,0.0024029034130439433,0.00025532930848149414,1.130421833217994,1.1912968566042539
MatrixSensing,Matrix sensing kappa=1e+02,4,Adam,1,4,own_fresh,Adam,False,0.0026582327215254374,0.0033853402733332026,-0.0007271075518077651,1.130421833217994,1.183064720790791
MatrixSensing,Matrix sensing kappa=1e+02,4,Adam,1,4,switched_fresh,Muon,False,0.0026582327215254374,4.3837328349578417e-05,0.002614395393175859,1.130421833217994,1.1182743114813056
MatrixSensing,Matrix sensing kappa=1e+02,4,Adam,3,2,own_preserved,Adam,True,0.005232172796075546,0.0024029034130439433,0.0028292693830316027,1.2226775131050143,1.1912968566042539
MatrixSensing,Matrix sensing kappa=1e+02,4,Adam,3,2,own_fresh,Adam,False,0.005232172796075546,0.0042773112577328696,0.0009548615383426764,1.2226775131050143,1.1883268176100807
MatrixSensing,Matrix sensing kappa=1e+02,4,Adam,3,2,switched_fresh,Muon,False,0.005232172796075546,0.0019274678857451857,0.00330470491033036,1.2226775131050143,1.184306974188616
MatrixSensing,Matrix sensing kappa=1e+02,4,Muon,0,5,own_preserved,Muon,True,0.012768712634677852,0.001821901419614771,0.010946811215063081,1.1560304324896953,1.1367089346079782
MatrixSensing,Matrix sensing kappa=1e+02,4,Muon,0,5,own_fresh,Muon,False,0.012768712634677852,0.001821901419614771,0.010946811215063081,1.1560304324896953,1.1367089346079782
MatrixSensing,Matrix sensing kappa=1e+02,4,Muon,0,5,switched_fresh,Adam,False,0.012768712634677852,0.0024029034130439433,0.01036580922163391,1.1560304324896953,1.1912968566042539
MatrixSensing,Matrix sensing kappa=1e+02,4,Muon,1,4,own_preserved,Muon,True,0.009564645111617722,0.001821901419614771,0.007742743692002951,1.1440462050199978,1.1367089346079782
MatrixSensing,Matrix sensing kappa=1e+02,4,Muon,1,4,own_fresh,Muon,False,0.009564645111617722,0.001821901419614771,0.007742743692002951,1.1440462050199978,1.1367089346079782
MatrixSensing,Matrix sensing kappa=1e+02,4,Muon,1,4,switched_fresh,Adam,False,0.009564645111617722,0.0028423391402064725,0.00672230597141125,1.1440462050199978,1.1984639148741552
MatrixSensing,Matrix sensing kappa=1e+02,4,Muon,3,2,own_preserved,Muon,True,0.0047606310648114865,0.001821901419614771,0.0029387296451967157,1.132896832200625,1.1367089346079782
MatrixSensing,Matrix sensing kappa=1e+02,4,Muon,3,2,own_fresh,Muon,False,0.0047606310648114865,0.001821901419614771,0.0029387296451967157,1.132896832200625,1.1367089346079782
MatrixSensing,Matrix sensing kappa=1e+02,4,Muon,3,2,switched_fresh,Adam,False,0.0047606310648114865,0.003400585925457298,0.0013600451393541886,1.132896832200625,1.1975960883217496
MatrixSensing,Matrix sensing kappa=1e+05,0,Adam,0,5,own_preserved,Adam,True,0.011350617945307562,0.002222988961446719,0.009127628983860842,1.1707003566011327,1.1931567317092973
MatrixSensing,Matrix sensing kappa=1e+05,0,Adam,0,5,own_fresh,Adam,False,0.011350617945307562,0.002222988961446719,0.009127628983860842,1.1707003566011327,1.1931567317092973
MatrixSensing,Matrix sensing kappa=1e+05,0,Adam,0,5,switched_fresh,Muon,False,0.011350617945307562,0.0014247127122791429,0.009925905233028418,1.1707003566011327,1.153091744472866
MatrixSensing,Matrix sensing kappa=1e+05,0,Adam,1,4,own_preserved,Adam,True,0.002774725628688884,0.002222988961446719,0.0005517366672421649,1.1510930628960832,1.1931567317092973
MatrixSensing,Matrix sensing kappa=1e+05,0,Adam,1,4,own_fresh,Adam,False,0.002774725628688884,0.003548821018516087,-0.0007740953898272029,1.1510930628960832,1.1993055672316295
MatrixSensing,Matrix sensing kappa=1e+05,0,Adam,1,4,switched_fresh,Muon,False,0.002774725628688884,4.081129728517856e-05,0.0027339143314037053,1.1510930628960832,1.1342756524981576
MatrixSensing,Matrix sensing kappa=1e+05,0,Adam,3,2,own_preserved,Adam,True,0.004762389498645662,0.002222988961446719,0.0025394005371989427,1.2286091743358996,1.1931567317092973
MatrixSensing,Matrix sensing kappa=1e+05,0,Adam,3,2,own_fresh,Adam,False,0.004762389498645662,0.00412520344665231,0.000637186051993352,1.2286091743358996,1.220589076297785
MatrixSensing,Matrix sensing kappa=1e+05,0,Adam,3,2,switched_fresh,Muon,False,0.004762389498645662,0.0017048077129058947,0.003057581785739767,1.2286091743358996,1.1881912263061851
MatrixSensing,Matrix sensing kappa=1e+05,0,Muon,0,5,own_preserved,Muon,True,0.011350617945307562,0.0014247127122791429,0.009925905233028418,1.1707003566011327,1.153091744472866
MatrixSensing,Matrix sensing kappa=1e+05,0,Muon,0,5,own_fresh,Muon,False,0.011350617945307562,0.0014247127122791429,0.009925905233028418,1.1707003566011327,1.153091744472866
MatrixSensing,Matrix sensing kappa=1e+05,0,Muon,0,5,switched_fresh,Adam,False,0.011350617945307562,0.002222988961446719,0.009127628983860842,1.1707003566011327,1.1931567317092973
MatrixSensing,Matrix sensing kappa=1e+05,0,Muon,1,4,own_preserved,Muon,True,0.008383608760539705,0.0014247127122791429,0.006958896048260562,1.158467666724075,1.153091744472866
MatrixSensing,Matrix sensing kappa=1e+05,0,Muon,1,4,own_fresh,Muon,False,0.008383608760539705,0.0014247127122791429,0.006958896048260562,1.158467666724075,1.153091744472866
MatrixSensing,Matrix sensing kappa=1e+05,0,Muon,1,4,switched_fresh,Adam,False,0.008383608760539705,0.0024965017846831426,0.005887106975856562,1.158467666724075,1.20775492024325
MatrixSensing,Matrix sensing kappa=1e+05,0,Muon,3,2,own_preserved,Muon,True,0.004009297459374054,0.0014247127122791429,0.002584584747094911,1.1479540154375898,1.153091744472866
MatrixSensing,Matrix sensing kappa=1e+05,0,Muon,3,2,own_fresh,Muon,False,0.004009297459374054,0.0014247127122791429,0.002584584747094911,1.1479540154375898,1.153091744472866
MatrixSensing,Matrix sensing kappa=1e+05,0,Muon,3,2,switched_fresh,Adam,False,0.004009297459374054,0.00337704138353269,0.0006322560758413639,1.1479540154375898,1.224540199449264
MatrixSensing,Matrix sensing kappa=1e+05,1,Adam,0,5,own_preserved,Adam,True,0.01188808980557376,0.0024233549530511276,0.009464734852522631,1.1904143411550712,1.2180371719761738
MatrixSensing,Matrix sensing kappa=1e+05,1,Adam,0,5,own_fresh,Adam,False,0.01188808980557376,0.0024233549530511276,0.009464734852522631,1.1904143411550712,1.2180371719761738
MatrixSensing,Matrix sensing kappa=1e+05,1,Adam,0,5,switched_fresh,Muon,False,0.01188808980557376,0.0015796190030988935,0.010308470802474866,1.1904143411550712,1.1766461741547476
MatrixSensing,Matrix sensing kappa=1e+05,1,Adam,1,4,own_preserved,Adam,True,0.0028992575780549764,0.0024233549530511276,0.00047590262500384886,1.1714968128316818,1.2180371719761738
MatrixSensing,Matrix sensing kappa=1e+05,1,Adam,1,4,own_fresh,Adam,False,0.0028992575780549764,0.003499557517776677,-0.0006002999397217005,1.1714968128316818,1.2289660506431224
MatrixSensing,Matrix sensing kappa=1e+05,1,Adam,1,4,switched_fresh,Muon,False,0.0028992575780549764,4.497714486732013e-05,0.002854280433187656,1.1714968128316818,1.1561269997143717
MatrixSensing,Matrix sensing kappa=1e+05,1,Adam,3,2,own_preserved,Adam,True,0.004769739201602011,0.0024233549530511276,0.002346384248550884,1.2500053975261833,1.2180371719761738
MatrixSensing,Matrix sensing kappa=1e+05,1,Adam,3,2,own_fresh,Adam,False,0.004769739201602011,0.004045024142036664,0.0007247150595653474,1.2500053975261833,1.2302033225846125
MatrixSensing,Matrix sensing kappa=1e+05,1,Adam,3,2,switched_fresh,Muon,False,0.004769739201602011,0.0016981665770383473,0.003071572624563664,1.2500053975261833,1.2100983336170565
MatrixSensing,Matrix sensing kappa=1e+05,1,Muon,0,5,own_preserved,Muon,True,0.01188808980557376,0.0015796190030988935,0.010308470802474866,1.1904143411550712,1.1766461741547476
MatrixSensing,Matrix sensing kappa=1e+05,1,Muon,0,5,own_fresh,Muon,False,0.01188808980557376,0.0015796190030988935,0.010308470802474866,1.1904143411550712,1.1766461741547476
MatrixSensing,Matrix sensing kappa=1e+05,1,Muon,0,5,switched_fresh,Adam,False,0.01188808980557376,0.0024233549530511276,0.009464734852522631,1.1904143411550712,1.2180371719761738
MatrixSensing,Matrix sensing kappa=1e+05,1,Muon,1,4,own_preserved,Muon,True,0.008828162328428157,0.0015796190030988935,0.007248543325329263,1.179024150746373,1.1766461741547476
MatrixSensing,Matrix sensing kappa=1e+05,1,Muon,1,4,own_fresh,Muon,False,0.008828162328428157,0.0015796190030988935,0.007248543325329263,1.179024150746373,1.1766461741547476
MatrixSensing,Matrix sensing kappa=1e+05,1,Muon,1,4,switched_fresh,Adam,False,0.008828162328428157,0.0027584667318919995,0.006069695596536157,1.179024150746373,1.2264531187790348
MatrixSensing,Matrix sensing kappa=1e+05,1,Muon,3,2,own_preserved,Muon,True,0.004286243272425912,0.0015796190030988935,0.0027066242693270185,1.1699773795358508,1.1766461741547476
MatrixSensing,Matrix sensing kappa=1e+05,1,Muon,3,2,own_fresh,Muon,False,0.004286243272425912,0.0015796190030988935,0.0027066242693270185,1.1699773795358508,1.1766461741547476
MatrixSensing,Matrix sensing kappa=1e+05,1,Muon,3,2,switched_fresh,Adam,False,0.004286243272425912,0.0031765155387607534,0.0011097277336651586,1.1699773795358508,1.2422283568795802
MatrixSensing,Matrix sensing kappa=1e+05,2,Adam,0,5,own_preserved,Adam,True,0.01113613682871832,0.002138265033039708,0.00899787179567861,1.1648279800687005,1.1816810184124789
MatrixSensing,Matrix sensing kappa=1e+05,2,Adam,0,5,own_fresh,Adam,False,0.01113613682871832,0.002138265033039708,0.00899787179567861,1.1648279800687005,1.1816810184124789
MatrixSensing,Matrix sensing kappa=1e+05,2,Adam,0,5,switched_fresh,Muon,False,0.01113613682871832,0.00124934518242466,0.00988679164629366,1.1648279800687005,1.1483710888086884
MatrixSensing,Matrix sensing kappa=1e+05,2,Adam,1,4,own_preserved,Adam,True,0.0027960773699283134,0.002138265033039708,0.0006578123368886054,1.1492241715242362,1.1816810184124789
MatrixSensing,Matrix sensing kappa=1e+05,2,Adam,1,4,own_fresh,Adam,False,0.0027960773699283134,0.0035739363468555597,-0.0007778589769272463,1.1492241715242362,1.1929056191212264
MatrixSensing,Matrix sensing kappa=1e+05,2,Adam,1,4,switched_fresh,Muon,False,0.0027960773699283134,3.703578104194733e-05,0.002759041588886366,1.1492241715242362,1.1339411902666567
MatrixSensing,Matrix sensing kappa=1e+05,2,Adam,3,2,own_preserved,Adam,True,0.0046543915671474175,0.002138265033039708,0.0025161265341077095,1.2209388926744003,1.1816810184124789
MatrixSensing,Matrix sensing kappa=1e+05,2,Adam,3,2,own_fresh,Adam,False,0.0046543915671474175,0.004128416384044173,0.0005259751831032441,1.2209388926744003,1.199358659079655
MatrixSensing,Matrix sensing kappa=1e+05,2,Adam,3,2,switched_fresh,Muon,False,0.0046543915671474175,0.0015916262260171408,0.0030627653411302766,1.2209388926744003,1.1824360159949305
MatrixSensing,Matrix sensing kappa=1e+05,2,Muon,0,5,own_preserved,Muon,True,0.01113613682871832,0.00124934518242466,0.00988679164629366,1.1648279800687005,1.1483710888086884
MatrixSensing,Matrix sensing kappa=1e+05,2,Muon,0,5,own_fresh,Muon,False,0.01113613682871832,0.00124934518242466,0.00988679164629366,1.1648279800687005,1.1483710888086884
MatrixSensing,Matrix sensing kappa=1e+05,2,Muon,0,5,switched_fresh,Adam,False,0.01113613682871832,0.002138265033039708,0.00899787179567861,1.1648279800687005,1.1816810184124789
MatrixSensing,Matrix sensing kappa=1e+05,2,Muon,1,4,own_preserved,Muon,True,0.0081351498970399,0.00124934518242466,0.00688580471461524,1.1528392249702963,1.1483710888086884
MatrixSensing,Matrix sensing kappa=1e+05,2,Muon,1,4,own_fresh,Muon,False,0.0081351498970399,0.00124934518242466,0.00688580471461524,1.1528392249702963,1.1483710888086884
MatrixSensing,Matrix sensing kappa=1e+05,2,Muon,1,4,switched_fresh,Adam,False,0.0081351498970399,0.0023565750203873993,0.0057785748766525005,1.1528392249702963,1.195051425755394
MatrixSensing,Matrix sensing kappa=1e+05,2,Muon,3,2,own_preserved,Muon,True,0.0037580102948140716,0.00124934518242466,0.0025086651123894113,1.1419997703110283,1.1483710888086884
MatrixSensing,Matrix sensing kappa=1e+05,2,Muon,3,2,own_fresh,Muon,False,0.0037580102948140716,0.00124934518242466,0.0025086651123894113,1.1419997703110283,1.1483710888086884
MatrixSensing,Matrix sensing kappa=1e+05,2,Muon,3,2,switched_fresh,Adam,False,0.0037580102948140716,0.0031180459669399216,0.00063996432787415,1.1419997703110283,1.2073063314349572
MatrixSensing,Matrix sensing kappa=1e+05,3,Adam,0,5,own_preserved,Adam,True,0.011482184353307785,0.002215340203602653,0.009266844149705132,1.1458934577476567,1.1600251128071397
MatrixSensing,Matrix sensing kappa=1e+05,3,Adam,0,5,own_fresh,Adam,False,0.011482184353307785,0.002215340203602653,0.009266844149705132,1.1458934577476567,1.1600251128071397
MatrixSensing,Matrix sensing kappa=1e+05,3,Adam,0,5,switched_fresh,Muon,False,0.011482184353307785,0.0013489322411424278,0.010133252112165357,1.1458934577476567,1.129297181174467
MatrixSensing,Matrix sensing kappa=1e+05,3,Adam,1,4,own_preserved,Adam,True,0.0029610101347185514,0.002215340203602653,0.0007456699311158984,1.1155892334091826,1.1600251128071397
MatrixSensing,Matrix sensing kappa=1e+05,3,Adam,1,4,own_fresh,Adam,False,0.0029610101347185514,0.0034726664307151256,-0.0005116562959965741,1.1155892334091826,1.165449834540658
MatrixSensing,Matrix sensing kappa=1e+05,3,Adam,1,4,switched_fresh,Muon,False,0.0029610101347185514,4.773131140715608e-05,0.0029132788233113952,1.1155892334091826,1.0977958975699282
MatrixSensing,Matrix sensing kappa=1e+05,3,Adam,3,2,own_preserved,Adam,True,0.004756745239255469,0.002215340203602653,0.0025414050356528163,1.1920241580415616,1.1600251128071397
MatrixSensing,Matrix sensing kappa=1e+05,3,Adam,3,2,own_fresh,Adam,False,0.004756745239255469,0.0040494511032047285,0.0007072941360507408,1.1920241580415616,1.1861370291586686
MatrixSensing,Matrix sensing kappa=1e+05,3,Adam,3,2,switched_fresh,Muon,False,0.004756745239255469,0.001632364052056155,0.003124381187199314,1.1920241580415616,1.1526554257969976
MatrixSensing,Matrix sensing kappa=1e+05,3,Muon,0,5,own_preserved,Muon,True,0.011482184353307785,0.0013489322411424278,0.010133252112165357,1.1458934577476567,1.129297181174467
MatrixSensing,Matrix sensing kappa=1e+05,3,Muon,0,5,own_fresh,Muon,False,0.011482184353307785,0.0013489322411424278,0.010133252112165357,1.1458934577476567,1.129297181174467
MatrixSensing,Matrix sensing kappa=1e+05,3,Muon,0,5,switched_fresh,Adam,False,0.011482184353307785,0.002215340203602653,0.009266844149705132,1.1458934577476567,1.1600251128071397
MatrixSensing,Matrix sensing kappa=1e+05,3,Muon,1,4,own_preserved,Muon,True,0.008419906096219246,0.0013489322411424278,0.007070973855076818,1.1336301040423071,1.129297181174467
MatrixSensing,Matrix sensing kappa=1e+05,3,Muon,1,4,own_fresh,Muon,False,0.008419906096219246,0.0013489322411424278,0.007070973855076818,1.1336301040423071,1.129297181174467
MatrixSensing,Matrix sensing kappa=1e+05,3,Muon,1,4,switched_fresh,Adam,False,0.008419906096219246,0.0024805956324162257,0.00593931046380302,1.1336301040423071,1.1663914268419715
MatrixSensing,Matrix sensing kappa=1e+05,3,Muon,3,2,own_preserved,Muon,True,0.003944812928361526,0.0013489322411424278,0.0025958806872190985,1.1235911766814077,1.129297181174467
MatrixSensing,Matrix sensing kappa=1e+05,3,Muon,3,2,own_fresh,Muon,False,0.003944812928361526,0.0013489322411424278,0.0025958806872190985,1.1235911766814077,1.129297181174467
MatrixSensing,Matrix sensing kappa=1e+05,3,Muon,3,2,switched_fresh,Adam,False,0.003944812928361526,0.0031140078026433613,0.000830805125718165,1.1235911766814077,1.1820736727537324
MatrixSensing,Matrix sensing kappa=1e+05,4,Adam,0,5,own_preserved,Adam,True,0.011431779149861414,0.002263072127639835,0.00916870702222158,1.1705555710981141,1.2105385798001196
MatrixSensing,Matrix sensing kappa=1e+05,4,Adam,0,5,own_fresh,Adam,False,0.011431779149861414,0.002263072127639835,0.00916870702222158,1.1705555710981141,1.2105385798001196
MatrixSensing,Matrix sensing kappa=1e+05,4,Adam,0,5,switched_fresh,Muon,False,0.011431779149861414,0.0014143769655266744,0.01001740218433474,1.1705555710981141,1.1586232966212102
MatrixSensing,Matrix sensing kappa=1e+05,4,Adam,1,4,own_preserved,Adam,True,0.0028248049083819332,0.002263072127639835,0.0005617327807420983,1.1596152904838615,1.2105385798001196
MatrixSensing,Matrix sensing kappa=1e+05,4,Adam,1,4,own_fresh,Adam,False,0.0028248049083819332,0.0034301511407046196,-0.0006053462323226864,1.1596152904838615,1.205844403640113
MatrixSensing,Matrix sensing kappa=1e+05,4,Adam,1,4,switched_fresh,Muon,False,0.0028248049083819332,4.592551897660893e-05,0.002778879389405324,1.1596152904838615,1.1426007478252704
MatrixSensing,Matrix sensing kappa=1e+05,4,Adam,3,2,own_preserved,Adam,True,0.004662207920935512,0.002263072127639835,0.0023991357932956767,1.2423793047340224,1.2105385798001196
MatrixSensing,Matrix sensing kappa=1e+05,4,Adam,3,2,own_fresh,Adam,False,0.004662207920935512,0.004065130924397785,0.0005970769965377267,1.2423793047340224,1.2225183666209105
MatrixSensing,Matrix sensing kappa=1e+05,4,Adam,3,2,switched_fresh,Muon,False,0.004662207920935512,0.001617705844126448,0.0030445020768090636,1.2423793047340224,1.2017218731437052
MatrixSensing,Matrix sensing kappa=1e+05,4,Muon,0,5,own_preserved,Muon,True,0.011431779149861414,0.0014143769655266744,0.01001740218433474,1.1705555710981141,1.1586232966212102
MatrixSensing,Matrix sensing kappa=1e+05,4,Muon,0,5,own_fresh,Muon,False,0.011431779149861414,0.0014143769655266744,0.01001740218433474,1.1705555710981141,1.1586232966212102
MatrixSensing,Matrix sensing kappa=1e+05,4,Muon,0,5,switched_fresh,Adam,False,0.011431779149861414,0.002263072127639835,0.00916870702222158,1.1705555710981141,1.2105385798001196
MatrixSensing,Matrix sensing kappa=1e+05,4,Muon,1,4,own_preserved,Muon,True,0.008429890519872352,0.0014143769655266744,0.007015513554345678,1.1593665015835526,1.1586232966212102
MatrixSensing,Matrix sensing kappa=1e+05,4,Muon,1,4,own_fresh,Muon,False,0.008429890519872352,0.0014143769655266744,0.007015513554345678,1.1593665015835526,1.1586232966212102
MatrixSensing,Matrix sensing kappa=1e+05,4,Muon,1,4,switched_fresh,Adam,False,0.008429890519872352,0.002555405154871993,0.005874485365000359,1.1593665015835526,1.2179657314025965
MatrixSensing,Matrix sensing kappa=1e+05,4,Muon,3,2,own_preserved,Muon,True,0.00400834687306521,0.0014143769655266744,0.0025939699075385354,1.150979787524829,1.1586232966212102
MatrixSensing,Matrix sensing kappa=1e+05,4,Muon,3,2,own_fresh,Muon,False,0.00400834687306521,0.0014143769655266744,0.0025939699075385354,1.150979787524829,1.1586232966212102
MatrixSensing,Matrix sensing kappa=1e+05,4,Muon,3,2,switched_fresh,Adam,False,0.00400834687306521,0.003142021226014166,0.0008663256470510436,1.150979787524829,1.2222898298274156
SmallMLPDigits,Small MLP digits hidden=16,0,Adam,0,10,own_preserved,Adam,True,2.302579040308706,2.2051502604999174,0.0974287798087885,0.8955078125,0.5791015625
SmallMLPDigits,Small MLP digits hidden=16,0,Adam,0,10,own_fresh,Adam,False,2.302579040308706,2.2051502604999174,0.0974287798087885,0.8955078125,0.5791015625
SmallMLPDigits,Small MLP digits hidden=16,0,Adam,0,10,switched_fresh,Muon,False,2.302579040308706,2.289578937908419,0.013000102400286817,0.8955078125,0.2431640625
SmallMLPDigits,Small MLP digits hidden=16,0,Adam,1,9,own_preserved,Adam,True,2.300720142542111,2.2051502604999174,0.09556988204219374,0.8212890625,0.5791015625
SmallMLPDigits,Small MLP digits hidden=16,0,Adam,1,9,own_fresh,Adam,False,2.300720142542111,2.201045740328491,0.09967440221362,0.8212890625,0.5673828125
SmallMLPDigits,Small MLP digits hidden=16,0,Adam,1,9,switched_fresh,Muon,False,2.300720142542111,2.2879629915058373,0.01275715103627384,0.8212890625,0.4248046875
SmallMLPDigits,Small MLP digits hidden=16,0,Adam,3,7,own_preserved,Adam,True,2.2938467416170822,2.2051502604999174,0.08869648111716488,0.71484375,0.5791015625
SmallMLPDigits,Small MLP digits hidden=16,0,Adam,3,7,own_fresh,Adam,False,2.2938467416170822,2.186584817941986,0.10726192367509624,0.71484375,0.6259765625
SmallMLPDigits,Small MLP digits hidden=16,0,Adam,3,7,switched_fresh,Muon,False,2.2938467416170822,2.2801168821552267,0.013729859461855565,0.71484375,0.51953125
SmallMLPDigits,Small MLP digits hidden=16,0,Muon,0,10,own_preserved,Muon,True,2.302579040308706,2.289578937908419,0.013000102400286817,0.8955078125,0.2431640625
SmallMLPDigits,Small MLP digits hidden=16,0,Muon,0,10,own_fresh,Muon,False,2.302579040308706,2.289578937908419,0.013000102400286817,0.8955078125,0.2431640625
SmallMLPDigits,Small MLP digits hidden=16,0,Muon,0,10,switched_fresh,Adam,False,2.302579040308706,2.2051502604999174,0.0974287798087885,0.8955078125,0.5791015625
SmallMLPDigits,Small MLP digits hidden=16,0,Muon,1,9,own_preserved,Muon,True,2.301953568864346,2.289578937908419,0.012374630955926946,0.8193359375,0.2431640625
SmallMLPDigits,Small MLP digits hidden=16,0,Muon,1,9,own_fresh,Muon,False,2.301953568864346,2.289578937908419,0.012374630955926946,0.8193359375,0.2431640625
SmallMLPDigits,Small MLP digits hidden=16,0,Muon,1,9,switched_fresh,Adam,False,2.301953568864346,2.1626686318699915,0.1392849369943545,0.8193359375,0.4501953125
SmallMLPDigits,Small MLP digits hidden=16,0,Muon,3,7,own_preserved,Muon,True,2.3005820382248823,2.289578937908419,0.011003100316463232,0.6494140625,0.2431640625
SmallMLPDigits,Small MLP digits hidden=16,0,Muon,3,7,own_fresh,Muon,False,2.3005820382248823,2.289578937908419,0.011003100316463232,0.6494140625,0.2431640625
SmallMLPDigits,Small MLP digits hidden=16,0,Muon,3,7,switched_fresh,Adam,False,2.3005820382248823,2.1837268848920197,0.11685515333286256,0.6494140625,0.498046875
SmallMLPDigits,Small MLP digits hidden=16,1,Adam,0,10,own_preserved,Adam,True,2.3025328074664575,2.0968587946321304,0.20567401283432707,0.9150390625,0.6494140625
SmallMLPDigits,Small MLP digits hidden=16,1,Adam,0,10,own_fresh,Adam,False,2.3025328074664575,2.0968587946321304,0.20567401283432707,0.9150390625,0.6494140625
SmallMLPDigits,Small MLP digits hidden=16,1,Adam,0,10,switched_fresh,Muon,False,2.3025328074664575,2.288467972435114,0.014064835031343481,0.9150390625,0.2373046875
SmallMLPDigits,Small MLP digits hidden=16,1,Adam,1,9,own_preserved,Adam,True,2.3004705095234006,2.0968587946321304,0.20361171489127017,0.849609375,0.6494140625
SmallMLPDigits,Small MLP digits hidden=16,1,Adam,1,9,own_fresh,Adam,False,2.3004705095234006,2.066486961252901,0.2339835482704995,0.849609375,0.5927734375
SmallMLPDigits,Small MLP digits hidden=16,1,Adam,1,9,switched_fresh,Muon,False,2.3004705095234006,2.2812128001002403,0.019257709423160296,0.849609375,0.552734375
SmallMLPDigits,Small MLP digits hidden=16,1,Adam,3,7,own_preserved,Adam,True,2.289549028796929,2.0968587946321304,0.19269023416479847,0.6767578125,0.6494140625
SmallMLPDigits,Small MLP digits hidden=16,1,Adam,3,7,own_fresh,Adam,False,2.289549028796929,2.084105753496077,0.2054432753008517,0.6767578125,0.619140625
SmallMLPDigits,Small MLP digits hidden=16,1,Adam,3,7,switched_fresh,Muon,False,2.289549028796929,2.2593803722713,0.030168656525628723,0.6767578125,0.6201171875
SmallMLPDigits,Small MLP digits hidden=16,1,Muon,0,10,own_preserved,Muon,True,2.3025328074664575,2.288467972435114,0.014064835031343481,0.9150390625,0.2373046875
SmallMLPDigits,Small MLP digits hidden=16,1,Muon,0,10,own_fresh,Muon,False,2.3025328074664575,2.288467972435114,0.014064835031343481,0.9150390625,0.2373046875
SmallMLPDigits,Small MLP digits hidden=16,1,Muon,0,10,switched_fresh,Adam,False,2.3025328074664575,2.0968587946321304,0.20567401283432707,0.9150390625,0.6494140625
SmallMLPDigits,Small MLP digits hidden=16,1,Muon,1,9,own_preserved,Muon,True,2.302055103484397,2.288467972435114,0.013587131049282775,0.8251953125,0.2373046875
SmallMLPDigits,Small MLP digits hidden=16,1,Muon,1,9,own_fresh,Muon,False,2.302055103484397,2.288467972435114,0.013587131049282775,0.8251953125,0.2373046875
SmallMLPDigits,Small MLP digits hidden=16,1,Muon,1,9,switched_fresh,Adam,False,2.302055103484397,2.1194319509902217,0.18262315249417505,0.8251953125,0.541015625
SmallMLPDigits,Small MLP digits hidden=16,1,Muon,3,7,own_preserved,Muon,True,2.300705702569859,2.288467972435114,0.01223773013474494,0.712890625,0.2373046875
SmallMLPDigits,Small MLP digits hidden=16,1,Muon,3,7,own_fresh,Muon,False,2.300705702569859,2.288467972435114,0.01223773013474494,0.712890625,0.2373046875
SmallMLPDigits,Small MLP digits hidden=16,1,Muon,3,7,switched_fresh,Adam,False,2.300705702569859,2.17160907026225,0.12909663230760904,0.712890625,0.5810546875
SmallMLPDigits,Small MLP digits hidden=16,2,Adam,0,10,own_preserved,Adam,True,2.302489903378648,2.114841215824968,0.18764868755368003,0.87109375,0.5908203125
SmallMLPDigits,Small MLP digits hidden=16,2,Adam,0,10,own_fresh,Adam,False,2.302489903378648,2.114841215824968,0.18764868755368003,0.87109375,0.5908203125
SmallMLPDigits,Small MLP digits hidden=16,2,Adam,0,10,switched_fresh,Muon,False,2.302489903378648,2.288790272109171,0.013699631269477042,0.87109375,0.310546875
SmallMLPDigits,Small MLP digits hidden=16,2,Adam,1,9,own_preserved,Adam,True,2.2992968083453706,2.114841215824968,0.18445559252040278,0.833984375,0.5908203125
SmallMLPDigits,Small MLP digits hidden=16,2,Adam,1,9,own_fresh,Adam,False,2.2992968083453706,2.0938564483580806,0.20544035998729004,0.833984375,0.5703125
SmallMLPDigits,Small MLP digits hidden=16,2,Adam,1,9,switched_fresh,Muon,False,2.2992968083453706,2.283699250930421,0.015597557414949836,0.833984375,0.650390625
SmallMLPDigits,Small MLP digits hidden=16,2,Adam,3,7,own_preserved,Adam,True,2.2840285278215364,2.114841215824968,0.16918731199656856,0.775390625,0.5908203125
SmallMLPDigits,Small MLP digits hidden=16,2,Adam,3,7,own_fresh,Adam,False,2.2840285278215364,2.092184355278836,0.19184417254270025,0.775390625,0.5634765625
SmallMLPDigits,Small MLP digits hidden=16,2,Adam,3,7,switched_fresh,Muon,False,2.2840285278215364,2.2651609044214673,0.01886762340006909,0.775390625,0.70703125
SmallMLPDigits,Small MLP digits hidden=16,2,Muon,0,10,own_preserved,Muon,True,2.302489903378648,2.288790272109171,0.013699631269477042,0.87109375,0.310546875
SmallMLPDigits,Small MLP digits hidden=16,2,Muon,0,10,own_fresh,Muon,False,2.302489903378648,2.288790272109171,0.013699631269477042,0.87109375,0.310546875
SmallMLPDigits,Small MLP digits hidden=16,2,Muon,0,10,switched_fresh,Adam,False,2.302489903378648,2.114841215824968,0.18764868755368003,0.87109375,0.5908203125
SmallMLPDigits,Small MLP digits hidden=16,2,Muon,1,9,own_preserved,Muon,True,2.301859511732533,2.288790272109171,0.013069239623362261,0.732421875,0.310546875
SmallMLPDigits,Small MLP digits hidden=16,2,Muon,1,9,own_fresh,Muon,False,2.301859511732533,2.288790272109171,0.013069239623362261,0.732421875,0.310546875
SmallMLPDigits,Small MLP digits hidden=16,2,Muon,1,9,switched_fresh,Adam,False,2.301859511732533,2.1219979143776153,0.1798615973549178,0.732421875,0.5009765625
SmallMLPDigits,Small MLP digits hidden=16,2,Muon,3,7,own_preserved,Muon,True,2.3002771282117433,2.288790272109171,0.011486856102572496,0.4541015625,0.310546875
SmallMLPDigits,Small MLP digits hidden=16,2,Muon,3,7,own_fresh,Muon,False,2.3002771282117433,2.288790272109171,0.011486856102572496,0.4541015625,0.310546875
SmallMLPDigits,Small MLP digits hidden=16,2,Muon,3,7,switched_fresh,Adam,False,2.3002771282117433,2.1638450110758454,0.13643211713589798,0.4541015625,0.4609375
SmallMLPDigits,Small MLP digits hidden=16,3,Adam,0,10,own_preserved,Adam,True,2.3026929964434295,2.127369996478564,0.17532299996486556,0.91796875,0.6474609375
SmallMLPDigits,Small MLP digits hidden=16,3,Adam,0,10,own_fresh,Adam,False,2.3026929964434295,2.127369996478564,0.17532299996486556,0.91796875,0.6474609375
SmallMLPDigits,Small MLP digits hidden=16,3,Adam,0,10,switched_fresh,Muon,False,2.3026929964434295,2.2895738806767114,0.013119115766718092,0.91796875,0.46875
SmallMLPDigits,Small MLP digits hidden=16,3,Adam,1,9,own_preserved,Adam,True,2.300317721236734,2.127369996478564,0.1729477247581701,0.8408203125,0.6474609375
SmallMLPDigits,Small MLP digits hidden=16,3,Adam,1,9,own_fresh,Adam,False,2.300317721236734,2.1118598266391504,0.18845789459758366,0.8408203125,0.646484375
SmallMLPDigits,Small MLP digits hidden=16,3,Adam,1,9,switched_fresh,Muon,False,2.300317721236734,2.2841557153570733,0.016162005879660768,0.8408203125,0.5498046875
SmallMLPDigits,Small MLP digits hidden=16,3,Adam,3,7,own_preserved,Adam,True,2.286018651918292,2.127369996478564,0.15864865543972817,0.7294921875,0.6474609375
SmallMLPDigits,Small MLP digits hidden=16,3,Adam,3,7,own_fresh,Adam,False,2.286018651918292,2.1146362485276446,0.17138240339064748,0.7294921875,0.66796875
SmallMLPDigits,Small MLP digits hidden=16,3,Adam,3,7,switched_fresh,Muon,False,2.286018651918292,2.266306255319348,0.019712396598944082,0.7294921875,0.6337890625
SmallMLPDigits,Small MLP digits hidden=16,3,Muon,0,10,own_preserved,Muon,True,2.3026929964434295,2.2895738806767114,0.013119115766718092,0.91796875,0.46875
SmallMLPDigits,Small MLP digits hidden=16,3,Muon,0,10,own_fresh,Muon,False,2.3026929964434295,2.2895738806767114,0.013119115766718092,0.91796875,0.46875
SmallMLPDigits,Small MLP digits hidden=16,3,Muon,0,10,switched_fresh,Adam,False,2.3026929964434295,2.127369996478564,0.17532299996486556,0.91796875,0.6474609375
SmallMLPDigits,Small MLP digits hidden=16,3,Muon,1,9,own_preserved,Muon,True,2.3020778286669836,2.2895738806767114,0.012503947990272213,0.7705078125,0.46875
SmallMLPDigits,Small MLP digits hidden=16,3,Muon,1,9,own_fresh,Muon,False,2.3020778286669836,2.2895738806767114,0.012503947990272213,0.7705078125,0.46875
SmallMLPDigits,Small MLP digits hidden=16,3,Muon,1,9,switched_fresh,Adam,False,2.3020778286669836,2.126431822076711,0.17564600659027274,0.7705078125,0.6982421875
SmallMLPDigits,Small MLP digits hidden=16,3,Muon,3,7,own_preserved,Muon,True,2.3004689537592125,2.2895738806767114,0.010895073082501039,0.572265625,0.46875
SmallMLPDigits,Small MLP digits hidden=16,3,Muon,3,7,own_fresh,Muon,False,2.3004689537592125,2.2895738806767114,0.010895073082501039,0.572265625,0.46875
SmallMLPDigits,Small MLP digits hidden=16,3,Muon,3,7,switched_fresh,Adam,False,2.3004689537592125,2.1640513393708254,0.13641761438838707,0.572265625,0.7578125
SmallMLPDigits,Small MLP digits hidden=16,4,Adam,0,10,own_preserved,Adam,True,2.3027054241295115,2.1489048205770733,0.1538006035524382,0.9755859375,0.5830078125
SmallMLPDigits,Small MLP digits hidden=16,4,Adam,0,10,own_fresh,Adam,False,2.3027054241295115,2.1489048205770733,0.1538006035524382,0.9755859375,0.5830078125
SmallMLPDigits,Small MLP digits hidden=16,4,Adam,0,10,switched_fresh,Muon,False,2.3027054241295115,2.2885112827187726,0.014194141410738936,0.9755859375,0.3896484375
SmallMLPDigits,Small MLP digits hidden=16,4,Adam,1,9,own_preserved,Adam,True,2.3011543617547345,2.1489048205770733,0.1522495411776612,0.84375,0.5830078125
SmallMLPDigits,Small MLP digits hidden=16,4,Adam,1,9,own_fresh,Adam,False,2.3011543617547345,2.1584503995239395,0.14270396223079507,0.84375,0.646484375
SmallMLPDigits,Small MLP digits hidden=16,4,Adam,1,9,switched_fresh,Muon,False,2.3011543617547345,2.2825564089929076,0.018597952761826964,0.84375,0.55078125
SmallMLPDigits,Small MLP digits hidden=16,4,Adam,3,7,own_preserved,Adam,True,2.2894376219604453,2.1489048205770733,0.14053280138337199,0.8154296875,0.5830078125
SmallMLPDigits,Small MLP digits hidden=16,4,Adam,3,7,own_fresh,Adam,False,2.2894376219604453,2.1335502292366333,0.15588739272381202,0.8154296875,0.5576171875
SmallMLPDigits,Small MLP digits hidden=16,4,Adam,3,7,switched_fresh,Muon,False,2.2894376219604453,2.2666968058756733,0.022740816084771964,0.8154296875,0.615234375
SmallMLPDigits,Small MLP digits hidden=16,4,Muon,0,10,own_preserved,Muon,True,2.3027054241295115,2.2885112827187726,0.014194141410738936,0.9755859375,0.3896484375
SmallMLPDigits,Small MLP digits hidden=16,4,Muon,0,10,own_fresh,Muon,False,2.3027054241295115,2.2885112827187726,0.014194141410738936,0.9755859375,0.3896484375
SmallMLPDigits,Small MLP digits hidden=16,4,Muon,0,10,switched_fresh,Adam,False,2.3027054241295115,2.1489048205770733,0.1538006035524382,0.9755859375,0.5830078125
SmallMLPDigits,Small MLP digits hidden=16,4,Muon,1,9,own_preserved,Muon,True,2.302189660529771,2.2885112827187726,0.013678377810998565,0.830078125,0.3896484375
SmallMLPDigits,Small MLP digits hidden=16,4,Muon,1,9,own_fresh,Muon,False,2.302189660529771,2.2885112827187726,0.013678377810998565,0.830078125,0.3896484375
SmallMLPDigits,Small MLP digits hidden=16,4,Muon,1,9,switched_fresh,Adam,False,2.302189660529771,2.16785486634119,0.13433479418858107,0.830078125,0.7568359375
SmallMLPDigits,Small MLP digits hidden=16,4,Muon,3,7,own_preserved,Muon,True,2.3007188316381137,2.2885112827187726,0.012207548919341171,0.439453125,0.3896484375
SmallMLPDigits,Small MLP digits hidden=16,4,Muon,3,7,own_fresh,Muon,False,2.3007188316381137,2.2885112827187726,0.012207548919341171,0.439453125,0.3896484375
SmallMLPDigits,Small MLP digits hidden=16,4,Muon,3,7,switched_fresh,Adam,False,2.3007188316381137,2.175658568001655,0.12506026363645883,0.439453125,0.6484375
SmallMLPDigits,Small MLP digits hidden=64,0,Adam,0,10,own_preserved,Adam,True,2.3026985408830147,1.8391860560647995,0.4635124848182153,0.953125,0.361328125
SmallMLPDigits,Small MLP digits hidden=64,0,Adam,0,10,own_fresh,Adam,False,2.3026985408830147,1.8391860560647995,0.4635124848182153,0.953125,0.361328125
SmallMLPDigits,Small MLP digits hidden=64,0,Adam,0,10,switched_fresh,Muon,False,2.3026985408830147,2.2841771005881157,0.018521440294898994,0.953125,0.15625
SmallMLPDigits,Small MLP digits hidden=64,0,Adam,1,9,own_preserved,Adam,True,2.2982433051923334,1.8391860560647995,0.459057249127534,0.84765625,0.361328125
SmallMLPDigits,Small MLP digits hidden=64,0,Adam,1,9,own_fresh,Adam,False,2.2982433051923334,1.8098390634884187,0.4884042417039147,0.84765625,0.4189453125
SmallMLPDigits,Small MLP digits hidden=64,0,Adam,1,9,switched_fresh,Muon,False,2.2982433051923334,2.2676114367154607,0.030631868476872715,0.84765625,0.458984375
SmallMLPDigits,Small MLP digits hidden=64,0,Adam,3,7,own_preserved,Adam,True,2.26216288036547,1.8391860560647995,0.4229768243006704,0.7177734375,0.361328125
SmallMLPDigits,Small MLP digits hidden=64,0,Adam,3,7,own_fresh,Adam,False,2.26216288036547,1.7846584102593415,0.4775044701061284,0.7177734375,0.3388671875
SmallMLPDigits,Small MLP digits hidden=64,0,Adam,3,7,switched_fresh,Muon,False,2.26216288036547,2.2283429411126217,0.03381993925284821,0.7177734375,0.4072265625
SmallMLPDigits,Small MLP digits hidden=64,0,Muon,0,10,own_preserved,Muon,True,2.3026985408830147,2.2841771005881157,0.018521440294898994,0.953125,0.15625
SmallMLPDigits,Small MLP digits hidden=64,0,Muon,0,10,own_fresh,Muon,False,2.3026985408830147,2.2841771005881157,0.018521440294898994,0.953125,0.15625
SmallMLPDigits,Small MLP digits hidden=64,0,Muon,0,10,switched_fresh,Adam,False,2.3026985408830147,1.8391860560647995,0.4635124848182153,0.953125,0.361328125
SmallMLPDigits,Small MLP digits hidden=64,0,Muon,1,9,own_preserved,Muon,True,2.3019113345206415,2.2841771005881157,0.01773423393252571,0.8662109375,0.15625
SmallMLPDigits,Small MLP digits hidden=64,0,Muon,1,9,own_fresh,Muon,False,2.3019113345206415,2.2841771005881157,0.01773423393252571,0.8662109375,0.15625
SmallMLPDigits,Small MLP digits hidden=64,0,Muon,1,9,switched_fresh,Adam,False,2.3019113345206415,1.8838479018437568,0.4180634326768846,0.8662109375,0.484375
SmallMLPDigits,Small MLP digits hidden=64,0,Muon,3,7,own_preserved,Muon,True,2.298858405886954,2.2841771005881157,0.014681305298838154,0.505859375,0.15625
SmallMLPDigits,Small MLP digits hidden=64,0,Muon,3,7,own_fresh,Muon,False,2.298858405886954,2.2841771005881157,0.014681305298838154,0.505859375,0.15625
SmallMLPDigits,Small MLP digits hidden=64,0,Muon,3,7,switched_fresh,Adam,False,2.298858405886954,1.9283494073271057,0.3705089985598482,0.505859375,0.33203125
SmallMLPDigits,Small MLP digits hidden=64,1,Adam,0,10,own_preserved,Adam,True,2.3028649017923835,1.7446025269370993,0.5582623748552842,0.927734375,0.275390625
SmallMLPDigits,Small MLP digits hidden=64,1,Adam,0,10,own_fresh,Adam,False,2.3028649017923835,1.7446025269370993,0.5582623748552842,0.927734375,0.275390625
SmallMLPDigits,Small MLP digits hidden=64,1,Adam,0,10,switched_fresh,Muon,False,2.3028649017923835,2.2840802125584596,0.018784689233923846,0.927734375,0.1904296875
SmallMLPDigits,Small MLP digits hidden=64,1,Adam,1,9,own_preserved,Adam,True,2.295356398175137,1.7446025269370993,0.5507538712380375,0.62109375,0.275390625
SmallMLPDigits,Small MLP digits hidden=64,1,Adam,1,9,own_fresh,Adam,False,2.295356398175137,1.7135873210270256,0.5817690771481112,0.62109375,0.2275390625
SmallMLPDigits,Small MLP digits hidden=64,1,Adam,1,9,switched_fresh,Muon,False,2.295356398175137,2.263851004255457,0.03150539391967966,0.62109375,0.443359375
SmallMLPDigits,Small MLP digits hidden=64,1,Adam,3,7,own_preserved,Adam,True,2.248834901400788,1.7446025269370993,0.5042323744636885,0.5576171875,0.275390625
SmallMLPDigits,Small MLP digits hidden=64,1,Adam,3,7,own_fresh,Adam,False,2.248834901400788,1.7274368243534572,0.5213980770473305,0.5576171875,0.236328125
SmallMLPDigits,Small MLP digits hidden=64,1,Adam,3,7,switched_fresh,Muon,False,2.248834901400788,2.2022815279255927,0.04655337347519506,0.5576171875,0.45703125
SmallMLPDigits,Small MLP digits hidden=64,1,Muon,0,10,own_preserved,Muon,True,2.3028649017923835,2.2840802125584596,0.018784689233923846,0.927734375,0.1904296875
SmallMLPDigits,Small MLP digits hidden=64,1,Muon,0,10,own_fresh,Muon,False,2.3028649017923835,2.2840802125584596,0.018784689233923846,0.927734375,0.1904296875
SmallMLPDigits,Small MLP digits hidden=64,1,Muon,0,10,switched_fresh,Adam,False,2.3028649017923835,1.7446025269370993,0.5582623748552842,0.927734375,0.275390625
SmallMLPDigits,Small MLP digits hidden=64,1,Muon,1,9,own_preserved,Muon,True,2.30150997123183,2.2840802125584596,0.017429758673370266,0.8642578125,0.1904296875
SmallMLPDigits,Small MLP digits hidden=64,1,Muon,1,9,own_fresh,Muon,False,2.30150997123183,2.2840802125584596,0.017429758673370266,0.8642578125,0.1904296875
SmallMLPDigits,Small MLP digits hidden=64,1,Muon,1,9,switched_fresh,Adam,False,2.30150997123183,1.8352218021367352,0.46628816909509463,0.8642578125,0.29296875
SmallMLPDigits,Small MLP digits hidden=64,1,Muon,3,7,own_preserved,Muon,True,2.2989807473281108,2.2840802125584596,0.014900534769651141,0.568359375,0.1904296875
SmallMLPDigits,Small MLP digits hidden=64,1,Muon,3,7,own_fresh,Muon,False,2.2989807473281108,2.2840802125584596,0.014900534769651141,0.568359375,0.1904296875
SmallMLPDigits,Small MLP digits hidden=64,1,Muon,3,7,switched_fresh,Adam,False,2.2989807473281108,1.9637458980447695,0.33523484928334124,0.568359375,0.2939453125
SmallMLPDigits,Small MLP digits hidden=64,2,Adam,0,10,own_preserved,Adam,True,2.302544621857513,1.7471047710903846,0.5554398507671285,0.87890625,0.3505859375
SmallMLPDigits,Small MLP digits hidden=64,2,Adam,0,10,own_fresh,Adam,False,2.302544621857513,1.7471047710903846,0.5554398507671285,0.87890625,0.3505859375
SmallMLPDigits,Small MLP digits hidden=64,2,Adam,0,10,switched_fresh,Muon,False,2.302544621857513,2.2829039810916383,0.019640640765874906,0.87890625,0.212890625
SmallMLPDigits,Small MLP digits hidden=64,2,Adam,1,9,own_preserved,Adam,True,2.2917420975710088,1.7471047710903846,0.5446373264806241,0.8916015625,0.3505859375
SmallMLPDigits,Small MLP digits hidden=64,2,Adam,1,9,own_fresh,Adam,False,2.2917420975710088,1.7243015521921015,0.5674405453789073,0.8916015625,0.3876953125
SmallMLPDigits,Small MLP digits hidden=64,2,Adam,1,9,switched_fresh,Muon,False,2.2917420975710088,2.26578476132914,0.025957336241868578,0.8916015625,0.6376953125
SmallMLPDigits,Small MLP digits hidden=64,2,Adam,3,7,own_preserved,Adam,True,2.2415724672076243,1.7471047710903846,0.4944676961172396,0.6884765625,0.3505859375
SmallMLPDigits,Small MLP digits hidden=64,2,Adam,3,7,own_fresh,Adam,False,2.2415724672076243,1.7085265839304111,0.5330458832772131,0.6884765625,0.341796875
SmallMLPDigits,Small MLP digits hidden=64,2,Adam,3,7,switched_fresh,Muon,False,2.2415724672076243,2.205505097397215,0.03606736981040948,0.6884765625,0.5478515625
SmallMLPDigits,Small MLP digits hidden=64,2,Muon,0,10,own_preserved,Muon,True,2.302544621857513,2.2829039810916383,0.019640640765874906,0.87890625,0.212890625
SmallMLPDigits,Small MLP digits hidden=64,2,Muon,0,10,own_fresh,Muon,False,2.302544621857513,2.2829039810916383,0.019640640765874906,0.87890625,0.212890625
SmallMLPDigits,Small MLP digits hidden=64,2,Muon,0,10,switched_fresh,Adam,False,2.302544621857513,1.7471047710903846,0.5554398507671285,0.87890625,0.3505859375
SmallMLPDigits,Small MLP digits hidden=64,2,Muon,1,9,own_preserved,Muon,True,2.301209895221747,2.2829039810916383,0.018305914130108736,0.71875,0.212890625
SmallMLPDigits,Small MLP digits hidden=64,2,Muon,1,9,own_fresh,Muon,False,2.301209895221747,2.2829039810916383,0.018305914130108736,0.71875,0.212890625
SmallMLPDigits,Small MLP digits hidden=64,2,Muon,1,9,switched_fresh,Adam,False,2.301209895221747,1.8007900989959453,0.5004197962258017,0.71875,0.427734375
SmallMLPDigits,Small MLP digits hidden=64,2,Muon,3,7,own_preserved,Muon,True,2.298131421878585,2.2829039810916383,0.015227440786946822,0.36328125,0.212890625
SmallMLPDigits,Small MLP digits hidden=64,2,Muon,3,7,own_fresh,Muon,False,2.298131421878585,2.2829039810916383,0.015227440786946822,0.36328125,0.212890625
SmallMLPDigits,Small MLP digits hidden=64,2,Muon,3,7,switched_fresh,Adam,False,2.298131421878585,1.918871922389446,0.3792594994891392,0.36328125,0.431640625
SmallMLPDigits,Small MLP digits hidden=64,3,Adam,0,10,own_preserved,Adam,True,2.30239590189129,1.728482050299324,0.573913851591966,0.869140625,0.4599609375
SmallMLPDigits,Small MLP digits hidden=64,3,Adam,0,10,own_fresh,Adam,False,2.30239590189129,1.728482050299324,0.573913851591966,0.869140625,0.4599609375
SmallMLPDigits,Small MLP digits hidden=64,3,Adam,0,10,switched_fresh,Muon,False,2.30239590189129,2.2817718959838182,0.0206240059074716,0.869140625,0.2998046875
SmallMLPDigits,Small MLP digits hidden=64,3,Adam,1,9,own_preserved,Adam,True,2.2895254542776304,1.728482050299324,0.5610434039783065,0.6572265625,0.4599609375
SmallMLPDigits,Small MLP digits hidden=64,3,Adam,1,9,own_fresh,Adam,False,2.2895254542776304,1.7077383196669886,0.5817871346106418,0.6572265625,0.4599609375
SmallMLPDigits,Small MLP digits hidden=64,3,Adam,1,9,switched_fresh,Muon,False,2.2895254542776304,2.2601244493933317,0.029401004884298754,0.6572265625,0.5146484375
SmallMLPDigits,Small MLP digits hidden=64,3,Adam,3,7,own_preserved,Adam,True,2.2397838256804548,1.728482050299324,0.5113017753811309,0.7998046875,0.4599609375
SmallMLPDigits,Small MLP digits hidden=64,3,Adam,3,7,own_fresh,Adam,False,2.2397838256804548,1.7058825181350876,0.5339013075453671,0.7998046875,0.484375
SmallMLPDigits,Small MLP digits hidden=64,3,Adam,3,7,switched_fresh,Muon,False,2.2397838256804548,2.2010902361980587,0.038693589482396096,0.7998046875,0.671875
SmallMLPDigits,Small MLP digits hidden=64,3,Muon,0,10,own_preserved,Muon,True,2.30239590189129,2.2817718959838182,0.0206240059074716,0.869140625,0.2998046875
SmallMLPDigits,Small MLP digits hidden=64,3,Muon,0,10,own_fresh,Muon,False,2.30239590189129,2.2817718959838182,0.0206240059074716,0.869140625,0.2998046875
SmallMLPDigits,Small MLP digits hidden=64,3,Muon,0,10,switched_fresh,Adam,False,2.30239590189129,1.728482050299324,0.573913851591966,0.869140625,0.4599609375
SmallMLPDigits,Small MLP digits hidden=64,3,Muon,1,9,own_preserved,Muon,True,2.300967026917182,2.2817718959838182,0.019195130933363558,0.787109375,0.2998046875
SmallMLPDigits,Small MLP digits hidden=64,3,Muon,1,9,own_fresh,Muon,False,2.300967026917182,2.2817718959838182,0.019195130933363558,0.787109375,0.2998046875
SmallMLPDigits,Small MLP digits hidden=64,3,Muon,1,9,switched_fresh,Adam,False,2.300967026917182,1.7634004690268856,0.5375665578902962,0.787109375,0.48046875
SmallMLPDigits,Small MLP digits hidden=64,3,Muon,3,7,own_preserved,Muon,True,2.2981456234168167,2.2817718959838182,0.016373727432998475,0.556640625,0.2998046875
SmallMLPDigits,Small MLP digits hidden=64,3,Muon,3,7,own_fresh,Muon,False,2.2981456234168167,2.2817718959838182,0.016373727432998475,0.556640625,0.2998046875
SmallMLPDigits,Small MLP digits hidden=64,3,Muon,3,7,switched_fresh,Adam,False,2.2981456234168167,1.8920492473718684,0.4060963760449483,0.556640625,0.5556640625
SmallMLPDigits,Small MLP digits hidden=64,4,Adam,0,10,own_preserved,Adam,True,2.302424395280005,1.6767227818541495,0.6257016134258555,0.8681640625,0.400390625
SmallMLPDigits,Small MLP digits hidden=64,4,Adam,0,10,own_fresh,Adam,False,2.302424395280005,1.6767227818541495,0.6257016134258555,0.8681640625,0.400390625
SmallMLPDigits,Small MLP digits hidden=64,4,Adam,0,10,switched_fresh,Muon,False,2.302424395280005,2.282512691132385,0.01991170414761978,0.8681640625,0.3623046875
SmallMLPDigits,Small MLP digits hidden=64,4,Adam,1,9,own_preserved,Adam,True,2.2964024154425524,1.6767227818541495,0.619679633588403,0.7734375,0.400390625
SmallMLPDigits,Small MLP digits hidden=64,4,Adam,1,9,own_fresh,Adam,False,2.2964024154425524,1.6549521512558067,0.6414502641867457,0.7734375,0.4130859375
SmallMLPDigits,Small MLP digits hidden=64,4,Adam,1,9,switched_fresh,Muon,False,2.2964024154425524,2.2624480063395564,0.033954409102995964,0.7734375,0.6044921875
SmallMLPDigits,Small MLP digits hidden=64,4,Adam,3,7,own_preserved,Adam,True,2.243545457182543,1.6767227818541495,0.5668226753283936,0.75390625,0.400390625
SmallMLPDigits,Small MLP digits hidden=64,4,Adam,3,7,own_fresh,Adam,False,2.243545457182543,1.6296743037420025,0.6138711534405406,0.75390625,0.373046875
SmallMLPDigits,Small MLP digits hidden=64,4,Adam,3,7,switched_fresh,Muon,False,2.243545457182543,2.194685768998606,0.048859688183937156,0.75390625,0.6748046875
SmallMLPDigits,Small MLP digits hidden=64,4,Muon,0,10,own_preserved,Muon,True,2.302424395280005,2.282512691132385,0.01991170414761978,0.8681640625,0.3623046875
SmallMLPDigits,Small MLP digits hidden=64,4,Muon,0,10,own_fresh,Muon,False,2.302424395280005,2.282512691132385,0.01991170414761978,0.8681640625,0.3623046875
SmallMLPDigits,Small MLP digits hidden=64,4,Muon,0,10,switched_fresh,Adam,False,2.302424395280005,1.6767227818541495,0.6257016134258555,0.8681640625,0.400390625
SmallMLPDigits,Small MLP digits hidden=64,4,Muon,1,9,own_preserved,Muon,True,2.3013948618182476,2.282512691132385,0.0188821706858624,0.6953125,0.3623046875
SmallMLPDigits,Small MLP digits hidden=64,4,Muon,1,9,own_fresh,Muon,False,2.3013948618182476,2.282512691132385,0.0188821706858624,0.6953125,0.3623046875
SmallMLPDigits,Small MLP digits hidden=64,4,Muon,1,9,switched_fresh,Adam,False,2.3013948618182476,1.7135496644839165,0.587845197334331,0.6953125,0.3798828125
SmallMLPDigits,Small MLP digits hidden=64,4,Muon,3,7,own_preserved,Muon,True,2.2982374147277427,2.282512691132385,0.01572472359535748,0.591796875,0.3623046875
SmallMLPDigits,Small MLP digits hidden=64,4,Muon,3,7,own_fresh,Muon,False,2.2982374147277427,2.282512691132385,0.01572472359535748,0.591796875,0.3623046875
SmallMLPDigits,Small MLP digits hidden=64,4,Muon,3,7,switched_fresh,Adam,False,2.2982374147277427,1.8586178352243743,0.4396195795033684,0.591796875,0.3974609375
