run_id,hidden_dim,target_layer_relative_update_norm,algo,seed,final_loss,final_recovery_error,initial_loss,total_loss_decrease
0,16,0.001,Adam,0,2.3025614781049617,0.8955078125,2.302579040308706,1.7562203744159177e-05
1,16,0.001,Muon,0,2.302567159969153,0.8955078125,2.302579040308706,1.1880339553016483e-05
2,16,0.001,Adam,1,2.3025929429289387,0.9072265625,2.3025328074664575,-6.013546248118118e-05
3,16,0.001,Muon,1,2.30259984964772,0.908203125,2.3025328074664575,-6.704218126252215e-05
4,16,0.001,Adam,2,2.3024471484789566,0.8525390625,2.302489903378648,4.275489969129964e-05
5,16,0.001,Muon,2,2.302455610309206,0.8583984375,2.302489903378648,3.4293069441915236e-05
6,16,0.001,Adam,3,2.3025349292385675,0.912109375,2.3026929964434295,0.0001580672048620002
7,16,0.001,Muon,3,2.302534844820358,0.9140625,2.3026929964434295,0.00015815162307131203
8,16,0.001,Adam,4,2.3026133785072282,0.9697265625,2.3027054241295115,9.204562228326552e-05
9,16,0.001,Muon,4,2.3026228661282593,0.9716796875,2.3027054241295115,8.25580012522309e-05
10,16,0.003,Adam,0,2.302490682950166,0.89453125,2.302579040308706,8.835735853995885e-05
11,16,0.003,Muon,0,2.3025082713875027,0.89453125,2.302579040308706,7.076892120316813e-05
12,16,0.003,Adam,1,2.302499024099814,0.900390625,2.3025328074664575,3.378336664328074e-05
13,16,0.003,Muon,1,2.302518138333663,0.90234375,2.3025328074664575,1.4669132794686846e-05
14,16,0.003,Adam,2,2.3023537896268524,0.8212890625,2.302489903378648,0.0001361137517954525
15,16,0.003,Muon,2,2.3023793045446017,0.8427734375,2.302489903378648,0.00011059883404618276
16,16,0.003,Adam,3,2.302476593174128,0.904296875,2.3026929964434295,0.00021640326930150167
17,16,0.003,Muon,3,2.3024766286848113,0.9072265625,2.3026929964434295,0.00021636775861821889
18,16,0.003,Adam,4,2.3025116793839557,0.9599609375,2.3027054241295115,0.00019374474555577947
19,16,0.003,Muon,4,2.3025372399212425,0.962890625,2.3027054241295115,0.0001681842082690288
20,16,0.01,Adam,0,2.302238388673166,0.8798828125,2.302579040308706,0.0003406516355397571
21,16,0.01,Muon,0,2.3022920172848886,0.8818359375,2.302579040308706,0.00028702302381722333
22,16,0.01,Adam,1,2.3021673649003254,0.857421875,2.3025328074664575,0.00036544256613213477
23,16,0.01,Muon,1,2.302236612093239,0.8681640625,2.3025328074664575,0.00029619537321856626
24,16,0.01,Adam,2,2.3020294402083494,0.755859375,2.302489903378648,0.00046046317029846406
25,16,0.01,Muon,2,2.3020983508886235,0.77734375,2.302489903378648,0.00039155249002442716
26,16,0.01,Adam,3,2.3022461786051136,0.8173828125,2.3026929964434295,0.00044681783831590494
27,16,0.01,Muon,3,2.3022646132090063,0.8388671875,2.3026929964434295,0.0004283832344231797
28,16,0.01,Adam,4,2.3021802077697275,0.8779296875,2.3027054241295115,0.0005252163597839754
29,16,0.01,Muon,4,2.3022529728775107,0.9111328125,2.3027054241295115,0.00045245125200077396
30,16,0.03,Adam,0,2.3014574616460455,0.7099609375,2.302579040308706,0.001121578662660383
31,16,0.03,Muon,0,2.3015275824600416,0.7099609375,2.302579040308706,0.0010514578486642279
32,16,0.03,Adam,1,2.3009567253493253,0.7021484375,2.3025328074664575,0.001576082117132227
33,16,0.03,Muon,1,2.3013320195224933,0.7373046875,2.3025328074664575,0.0012007879439641655
34,16,0.03,Adam,2,2.3009610791662194,0.6630859375,2.302489903378648,0.0015288242124285034
35,16,0.03,Muon,2,2.301197341172435,0.5986328125,2.302489903378648,0.0012925622062129882
36,16,0.03,Adam,3,2.3012614882156033,0.6484375,2.3026929964434295,0.001431508227826228
37,16,0.03,Muon,3,2.3014821192089925,0.6005859375,2.3026929964434295,0.0012108772344370244
38,16,0.03,Adam,4,2.3010537035755996,0.615234375,2.3027054241295115,0.0016517205539119395
39,16,0.03,Muon,4,2.301335785869953,0.5751953125,2.3027054241295115,0.0013696382595584922
40,16,0.1,Adam,0,2.2950704832092135,0.529296875,2.302579040308706,0.007508557099492386
41,16,0.1,Muon,0,2.2960685708840645,0.3857421875,2.302579040308706,0.006510469424641396
42,16,0.1,Adam,1,2.291741597215465,0.666015625,2.3025328074664575,0.010791210250992389
43,16,0.1,Muon,1,2.294885096158346,0.3115234375,2.3025328074664575,0.007647711308111482
44,16,0.1,Adam,2,2.2922101002708426,0.5859375,2.302489903378648,0.010279803107805296
45,16,0.1,Muon,2,2.2947151505209344,0.3740234375,2.302489903378648,0.007774752857713452
46,16,0.1,Adam,3,2.2936253410160994,0.751953125,2.3026929964434295,0.009067655427330124
47,16,0.1,Muon,3,2.295682024594522,0.4365234375,2.3026929964434295,0.00701097184890731
48,16,0.1,Adam,4,2.2917756322908485,0.7421875,2.3027054241295115,0.01092979183866305
49,16,0.1,Muon,4,2.2945372144658127,0.3974609375,2.3027054241295115,0.0081682096636988
50,64,0.001,Adam,0,2.302332970417701,0.9326171875,2.3026985408830147,0.0003655704653136027
51,64,0.001,Muon,0,2.3023872345945113,0.9453125,2.3026985408830147,0.00031130628850339903
52,64,0.001,Adam,1,2.3026605340078357,0.92578125,2.3028649017923835,0.0002043677845477987
53,64,0.001,Muon,1,2.30271519005174,0.9248046875,2.3028649017923835,0.00014971174064326576
54,64,0.001,Adam,2,2.3020609342172675,0.86328125,2.302544621857513,0.0004836876402456447
55,64,0.001,Muon,2,2.3021290407475705,0.8740234375,2.302544621857513,0.0004155811099426643
56,64,0.001,Adam,3,2.302200176995143,0.859375,2.30239590189129,0.00019572489614683164
57,64,0.001,Muon,3,2.302260314661431,0.86328125,2.30239590189129,0.00013558722985873572
58,64,0.001,Adam,4,2.3026297413850405,0.826171875,2.302424395280005,-0.00020534610503553097
59,64,0.001,Muon,4,2.3026891159543146,0.83984375,2.302424395280005,-0.0002647206743096042
60,64,0.003,Adam,0,2.3020274040734576,0.8955078125,2.3026985408830147,0.0006711368095571046
61,64,0.003,Muon,0,2.3021889577054377,0.9169921875,2.3026985408830147,0.0005095831775769888
62,64,0.003,Adam,1,2.3023569878091594,0.9140625,2.3028649017923835,0.0005079139832240287
63,64,0.003,Muon,1,2.3025212927970036,0.9169921875,2.3028649017923835,0.0003436089953798849
64,64,0.003,Adam,2,2.301712203562176,0.8291015625,2.302544621857513,0.0008324182953369785
65,64,0.003,Muon,2,2.3019187150748674,0.84765625,2.302544621857513,0.0006259067826457354
66,64,0.003,Adam,3,2.301866892542332,0.833984375,2.30239590189129,0.0005290093489578318
67,64,0.003,Muon,3,2.3020462457544264,0.849609375,2.30239590189129,0.000349656136863441
68,64,0.003,Adam,4,2.3022955686246473,0.7744140625,2.302424395280005,0.00012882665535762783
69,64,0.003,Muon,4,2.3024787324247624,0.794921875,2.302424395280005,-5.433714475744367e-05
70,64,0.01,Adam,0,2.3009518306490295,0.779296875,2.3026985408830147,0.0017467102339852048
71,64,0.01,Muon,0,2.3014977490574897,0.826171875,2.3026985408830147,0.001200791825525016
72,64,0.01,Adam,1,2.301269368577218,0.7783203125,2.3028649017923835,0.0015955332151653678
73,64,0.01,Muon,1,2.301837388953335,0.8671875,2.3028649017923835,0.001027512839048672
74,64,0.01,Adam,2,2.3004873208827052,0.6904296875,2.302544621857513,0.0020573009748079407
75,64,0.01,Muon,2,2.301175304451311,0.7958984375,2.302544621857513,0.001369317406202164
76,64,0.01,Adam,3,2.3006254218992392,0.763671875,2.30239590189129,0.0017704799920505998
77,64,0.01,Muon,3,2.301284116657158,0.7900390625,2.30239590189129,0.0011117852341318013
78,64,0.01,Adam,4,2.3010552311200363,0.6865234375,2.302424395280005,0.0013691641599686832
79,64,0.01,Muon,4,2.3017288531530418,0.6904296875,2.302424395280005,0.0006955421269632112
80,64,0.03,Adam,0,2.297426828135387,0.42578125,2.3026985408830147,0.0052717127476276104
81,64,0.03,Muon,0,2.299396431689631,0.595703125,2.3026985408830147,0.0033021091933838065
82,64,0.03,Adam,1,2.2975482420665525,0.3974609375,2.3028649017923835,0.005316659725830952
83,64,0.03,Muon,1,2.2997232387312527,0.5986328125,2.3028649017923835,0.0031416630611307284
84,64,0.03,Adam,2,2.296673541936117,0.4716796875,2.302544621857513,0.005871079921396127
85,64,0.03,Muon,2,2.2988852690739243,0.5625,2.302544621857513,0.003659352783588865
86,64,0.03,Adam,3,2.2962491080251612,0.4697265625,2.30239590189129,0.006146793866128597
87,64,0.03,Muon,3,2.298884347393019,0.56640625,2.30239590189129,0.003511554498270897
88,64,0.03,Adam,4,2.296842678313272,0.533203125,2.302424395280005,0.00558171696673293
89,64,0.03,Muon,4,2.2993926375170934,0.560546875,2.302424395280005,0.0030317577629115355
90,64,0.1,Adam,0,2.2697201760061687,0.2548828125,2.3026985408830147,0.03297836487684602
91,64,0.1,Muon,0,2.287174874376159,0.1708984375,2.3026985408830147,0.015523666506855882
92,64,0.1,Adam,1,2.2675293517981445,0.3876953125,2.3028649017923835,0.035335549994238935
93,64,0.1,Muon,1,2.2868949598688926,0.197265625,2.3028649017923835,0.015969941923490882
94,64,0.1,Adam,2,2.2673618547688537,0.330078125,2.302544621857513,0.03518276708865953
95,64,0.1,Muon,2,2.285980016073434,0.21484375,2.302544621857513,0.016564605784079145
96,64,0.1,Adam,3,2.2644933822444218,0.5302734375,2.30239590189129,0.03790251964686808
97,64,0.1,Muon,3,2.284709353128056,0.3212890625,2.30239590189129,0.017686548763233834
98,64,0.1,Adam,4,2.2650120786075076,0.55859375,2.302424395280005,0.03741231667249734
99,64,0.1,Muon,4,2.285509046936581,0.376953125,2.302424395280005,0.016915348343423897
