metric,problem_family,n_pairs,muon_lower_pairs,muon_higher_pairs,geomean_ratio_muon_over_adam,ratio_ci95_low,ratio_ci95_high,mean_delta_muon_minus_adam,delta_ci95_low,delta_ci95_high,ratio_ci95_below_one,delta_ci95_below_zero
norm_rank_plane_mean_speed,All,90,41,49,1.9267703750143896,1.4712088356577258,2.523397078684202,0.057262840311850305,0.0030795560809224742,0.11144612454277814,False,False
norm_rank_plane_mean_speed,MatrixFactorizationInput,30,30,0,0.49422298385337676,0.4271699648157082,0.5718013387816566,-0.19987462534991796,-0.24032437765857553,-0.15942487304126038,True,True
norm_rank_plane_mean_speed,MatrixSensing,45,0,45,6.062849039393493,4.936046691946603,7.446878193929416,0.2762149310323592,0.23008154995655902,0.3223483121081594,False,False
norm_rank_plane_mean_speed,SmallMLPDigits,15,11,4,0.9399475500181621,0.8784509443668918,1.0057492708621236,-0.0853185005261399,-0.14701603908750122,-0.023620961964778572,False,True
norm_condition_mean_speed,All,90,42,48,1.8497558911722447,1.3928748071873152,2.4564999232312807,0.005414290363948583,-0.06730919635799634,0.0781377770858935,False,False
norm_condition_mean_speed,MatrixFactorizationInput,30,30,0,0.437982435703088,0.35253125589660034,0.5441464005695829,-0.32978281522414626,-0.45010684102738724,-0.2094587894209053,True,True
norm_condition_mean_speed,MatrixSensing,45,0,45,6.062849039393583,4.936046691946638,7.446878193929589,0.25954163263931346,0.2145230903782043,0.30456017490042264,False,False
norm_condition_mean_speed,SmallMLPDigits,15,12,3,0.9370070570291895,0.8703612733576371,1.0087560784218557,-0.08657352528595658,-0.1606793436545184,-0.012467706917394766,False,True
condition_score_mean_abs_speed,All,90,42,48,1.8497558911722491,1.3928748071873172,2.456499923231289,-0.027238349725043836,-0.04027379419264605,-0.014202905257441624,False,True
condition_score_mean_abs_speed,MatrixFactorizationInput,30,30,0,0.4379824357030879,0.35253125589660034,0.5441464005695829,-0.06770826252378433,-0.0971270841543553,-0.03828944089321336,True,True
condition_score_mean_abs_speed,MatrixSensing,45,0,45,6.0628490393936145,4.93604669194665,7.446878193929645,0.0022389726953788284,0.0016682664890635764,0.0028096789016940804,False,False
condition_score_mean_abs_speed,SmallMLPDigits,15,12,3,0.9370070570291894,0.8703612733576371,1.0087560784218554,-0.0347304913888309,-0.07027258610999115,0.0008116033323293595,False,False
condition_score_std_speed,All,90,46,44,1.2128853235875343,0.9543956366937265,1.5413846748820823,-0.03524948205947991,-0.0520169963210385,-0.01848196779792133,False,True
condition_score_std_speed,MatrixFactorizationInput,30,29,1,0.40628453579103335,0.3234461435319707,0.5103388224711344,-0.08594902427194452,-0.12516114410267995,-0.0467369044412091,True,True
condition_score_std_speed,MatrixSensing,45,6,39,2.7419442532753315,2.0694553923850347,3.632964651344752,0.00014718953941623064,4.5396642133660816e-05,0.00024898243669880046,False,False
condition_score_std_speed,SmallMLPDigits,15,11,4,0.9355823033126821,0.8624396957073531,1.0149280588875853,-0.04004041243123917,-0.08369091788980745,0.003610093027329113,False,False
delta_gd_pred_mean_rel_speed,All,90,38,52,0.8815660639350118,0.7951297800190655,0.977398589024341,-0.09290308917860908,-0.15337329514947978,-0.032432883207738385,True,True
delta_gd_pred_mean_rel_speed,MatrixFactorizationInput,30,17,13,0.7126653324642249,0.5278629113023383,0.9621662466174756,-0.24839746112737207,-0.4169557986307954,-0.07983912362394874,True,True
delta_gd_pred_mean_rel_speed,MatrixSensing,45,8,37,1.0290503103747914,1.015768898092298,1.042505380181697,0.0004792712939379908,-0.00138053986057569,0.0023390824484516718,False,False
delta_gd_pred_mean_rel_speed,SmallMLPDigits,15,13,2,0.8481020076913015,0.7793800592425006,0.9228835237959515,-0.06206142669872434,-0.09411005362930194,-0.030012799768146727,True,True
delta_spec_pred_mean_rel_speed,All,90,33,57,0.9195826521720853,0.8240889039143411,1.026142022006578,-0.05565154348938057,-0.09545878692608512,-0.01584430005267603,False,True
delta_spec_pred_mean_rel_speed,MatrixFactorizationInput,30,20,10,0.7015779110278797,0.5175514312157675,0.9510389413589317,-0.16123470423349148,-0.27078226203888606,-0.051687146428096895,True,True
delta_spec_pred_mean_rel_speed,MatrixSensing,45,0,45,1.141389541866281,1.1226254065587995,1.160467310529805,0.012638399746716367,0.009791268767865327,0.015485530725567407,False,False
delta_spec_pred_mean_rel_speed,SmallMLPDigits,15,13,2,0.8262113139350459,0.7413598568708382,0.9207743431854092,-0.0493550517094495,-0.07544193214322177,-0.02326817127567723,True,True
loss_mean_rel_speed,All,90,51,39,0.8385947993051204,0.753474202183538,0.93333153993014,0.007295086424452309,0.0011902385529764144,0.013399934295928204,True,False
loss_mean_rel_speed,MatrixFactorizationInput,30,20,10,0.8032986628596526,0.6048249361964224,1.066901682014219,0.024278983289410576,0.007613186176041814,0.04094478040277934,False,False
loss_mean_rel_speed,MatrixSensing,45,16,29,1.0092264514171967,0.9951962188854309,1.0234544815502393,-0.0009093166605571036,-0.0027134093661193644,0.0008947760450051574,False,False
loss_mean_rel_speed,SmallMLPDigits,15,15,0,0.5243158978205573,0.4376793185975507,0.6281017837174899,-0.002059498050435985,-0.0036294504180962835,-0.000489545682775687,True,True
median_relative_update_fro_norm,All,90,38,28,1.0,0.9999999999999999,1.0,-7.19910242530375e-18,-1.636189608739855e-17,1.963691236791051e-18,False,False
median_relative_update_fro_norm,MatrixFactorizationInput,30,10,11,1.0,0.9999999999999999,1.0,1.4456028966473392e-19,-6.028630633683683e-19,8.919836426978362e-19,False,False
median_relative_update_fro_norm,MatrixSensing,45,22,15,1.0,0.9999999999999999,1.0,-1.1873218457796812e-17,-2.922026583682397e-17,5.473828921230344e-18,False,False
median_relative_update_fro_norm,SmallMLPDigits,15,6,2,0.9999999999999999,0.9999999999999998,1.0,-7.864079757761525e-18,-2.5614816200656492e-17,9.886656685133441e-18,False,False
median_mean_relative_layer_update_norm,All,90,46,36,0.9780312629134897,0.9599913701095304,0.9964101564027793,0.00044004145322354275,-0.00044484128672080505,0.0013249241931678904,True,False
median_mean_relative_layer_update_norm,MatrixFactorizationInput,30,24,6,0.8956589226537924,0.8667299075669181,0.9255535071834542,-0.0028413311433041,-0.0036478570442576327,-0.002034805242350567,True,True
median_mean_relative_layer_update_norm,MatrixSensing,45,22,15,1.0,0.9999999999999999,1.0,-1.1873218457796812e-17,-2.922026583682397e-17,5.473828921230344e-18,False,False
median_mean_relative_layer_update_norm,SmallMLPDigits,15,0,15,1.0910159764322656,1.0571833189821749,1.125931368247894,0.00832291100594949,0.0063099550479489945,0.010335866963949985,False,False
relative_update_fro_norm_mean_abs_speed,All,90,30,37,0.9999999999999982,0.9999999999999887,1.0000000000000078,-6.279196410154005e-19,-4.2968006374669136e-18,3.040961355436113e-18,False,False
relative_update_fro_norm_mean_abs_speed,MatrixFactorizationInput,30,8,16,0.9999999999999917,0.9999999999999625,1.0000000000000207,3.6234657761960214e-19,5.394964886380958e-20,6.707435063753947e-19,False,False
relative_update_fro_norm_mean_abs_speed,MatrixSensing,45,16,18,1.0000000000000016,0.9999999999999982,1.000000000000005,-1.4648776019359704e-18,-8.78592081009855e-18,5.85616560622661e-18,False,False
relative_update_fro_norm_mean_abs_speed,SmallMLPDigits,15,6,3,1.0000000000000013,0.9999999999999973,1.0000000000000053,-9.75781955236954e-20,-2.645828075071917e-18,2.4506716840245264e-18,False,False
mean_relative_layer_update_norm_mean_abs_speed,All,90,46,33,0.9207613938455478,0.8649579722631504,0.9801650156228227,5.8966585750967015e-05,-0.0005396765895292701,0.0006576097610312041,True,False
mean_relative_layer_update_norm_mean_abs_speed,MatrixFactorizationInput,30,30,0,0.6491154809042216,0.6149156637969543,0.6852173921668863,-0.0020047163578520892,-0.0026153768693651367,-0.0013940558463390418,True,True
mean_relative_layer_update_norm_mean_abs_speed,MatrixSensing,45,16,18,1.0000000000000016,0.9999999999999982,1.000000000000005,-1.4648776019359704e-18,-8.78592081009855e-18,5.85616560622661e-18,False,False
mean_relative_layer_update_norm_mean_abs_speed,SmallMLPDigits,15,0,15,1.446234363361215,1.3354794076688612,1.5661745301021066,0.004363232230209985,0.0021951257729258306,0.006531338687494139,False,False
update_normalized_rank_plane_mean_speed,All,90,41,49,1.9267703750143896,1.4712088356577258,2.523397078684202,-10.115357839053114,-15.750922499899396,-4.479793178206832,False,True
update_normalized_rank_plane_mean_speed,MatrixFactorizationInput,30,30,0,0.49422298385337676,0.4271699648157082,0.5718013387816566,-31.779546214116138,-45.86099072336669,-17.698101704865586,True,True
update_normalized_rank_plane_mean_speed,MatrixSensing,45,0,45,6.062849039393493,4.936046691946603,7.446878193929416,1.4780930120060718,1.213935495941054,1.7422505280710896,False,False
update_normalized_rank_plane_mean_speed,SmallMLPDigits,15,11,4,0.9399475500181621,0.8784509443668919,1.0057492708621236,-1.5673336421046171,-2.5680946938560716,-0.5665725903531627,False,True
update_normalized_condition_mean_speed,All,90,42,48,1.8497558911722445,1.392874807187315,2.4564999232312807,-7.242859707570511,-10.339690178750788,-4.146029236390234,False,True
update_normalized_condition_mean_speed,MatrixFactorizationInput,30,30,0,0.437982435703088,0.35253125589660034,0.5441464005695829,-22.904692502520767,-29.113374667827603,-16.69601033721393,True,True
update_normalized_condition_mean_speed,MatrixSensing,45,0,45,6.062849039393583,4.936046691946638,7.446878193929589,1.3714360732898354,1.1225607759176568,1.620311370662014,False,False
update_normalized_condition_mean_speed,SmallMLPDigits,15,12,3,0.9370070570291895,0.8703612733576372,1.0087560784218557,-1.7620814602510362,-3.0174703594158836,-0.5066925610861888,False,True
per_update_rank_plane_mean_speed,All,90,40,50,1.939018722494589,1.4786164990550357,2.5427780689498474,-10.022186320009515,-15.661522619245215,-4.382850020773817,False,True
per_update_rank_plane_mean_speed,MatrixFactorizationInput,30,30,0,0.49707011710385224,0.42867318363833506,0.5763801206797527,-31.616282841076075,-45.73276593523661,-17.499799746915542,True,True
per_update_rank_plane_mean_speed,MatrixSensing,45,0,45,6.053014741336142,4.8678768798268806,7.526687375900859,1.5137719885783434,1.2487528550920284,1.7787911220646584,False,False
per_update_rank_plane_mean_speed,SmallMLPDigits,15,10,5,0.9699324968406682,0.8969699974915406,1.0488300066429428,-1.4418682036399575,-2.506250838340007,-0.37748556893990837,False,True
per_update_condition_mean_speed,All,90,41,49,1.8516470806798855,1.3913681701928207,2.4641909918890814,-7.263729814824043,-10.379313591456567,-4.148146038191518,False,True
per_update_condition_mean_speed,MatrixFactorizationInput,30,30,0,0.43706574776706164,0.3511707219706847,0.5439703708759849,-23.04055592637075,-29.276059102031724,-16.805052750709777,True,True
per_update_condition_mean_speed,MatrixSensing,45,0,45,6.053014741336241,4.867876879826919,7.526687375901045,1.4048340827877135,1.1548691084115021,1.6547990571639248,False,False
per_update_condition_mean_speed,SmallMLPDigits,15,11,4,0.9513504948936439,0.8794818983053744,1.0290919754895544,-1.7157692845659016,-3.0090061018641094,-0.42253246726769356,False,True
