metric,problem_family,layer_group,n_pairs,muon_higher_pairs,muon_lower_pairs,geomean_ratio_muon_over_adam,ratio_ci95_low,ratio_ci95_high,mean_delta_muon_minus_adam,delta_ci95_low,delta_ci95_high,ratio_ci95_above_one,ratio_ci95_below_one
relative_activation_delta_fro_norm,All,all_layers,7800,1059,6741,0.5244001365516828,0.5178113533158204,0.5310727573941393,-0.0696940984532793,-0.07800610490640618,-0.061382092000152426,False,True
relative_activation_delta_fro_norm,MatrixFactorizationInput,all_layers,7500,1004,6496,0.5268237361382421,0.5202967635284895,0.5334325877340554,-0.05416639285931064,-0.05946903215543022,-0.04886375356319105,False,True
relative_activation_delta_fro_norm,SmallMLPDigits,all_layers,300,55,245,0.467303840341031,0.4210157026039716,0.5186810797004601,-0.45788673830249554,-0.6228440654859184,-0.29292941111907267,False,True
relative_activation_delta_fro_norm,MatrixFactorizationInput,layer_1,750,30,720,0.35819300425341366,0.34211465178308187,0.375026990593306,-0.2714198067998376,-0.30557540180155246,-0.2372642117981228,False,True
relative_activation_delta_fro_norm,MatrixFactorizationInput,layer_2,750,93,657,0.544368377390689,0.5254334975439997,0.5639856074805287,-0.00945961782039559,-0.01034775774077804,-0.00857147790001314,False,True
relative_activation_delta_fro_norm,MatrixFactorizationInput,layer_3,750,89,661,0.5479429285109313,0.5290461032054503,0.5675147233596379,-0.009292939616170833,-0.010172985043737766,-0.0084128941886039,False,True
relative_activation_delta_fro_norm,MatrixFactorizationInput,layer_4,750,88,662,0.5517349222198573,0.5328320750631045,0.5713083702044398,-0.00910689780943008,-0.009981844932509016,-0.008231950686351143,False,True
relative_activation_delta_fro_norm,MatrixFactorizationInput,layer_5,750,97,653,0.5563533038093287,0.5372848632565653,0.5760984904422074,-0.008955416145251707,-0.009834365961528306,-0.008076466328975108,False,True
relative_activation_delta_fro_norm,MatrixFactorizationInput,layer_6,750,105,645,0.561223530395907,0.5420085427463294,0.5811197171802854,-0.008801374086278643,-0.009682383243629475,-0.00792036492892781,False,True
relative_activation_delta_fro_norm,MatrixFactorizationInput,layer_7,750,105,645,0.5633637890589592,0.5443042599447738,0.5830907126375777,-0.008796861428970019,-0.009678002717001356,-0.007915720140938682,False,True
relative_activation_delta_fro_norm,MatrixFactorizationInput,layer_8,750,97,653,0.5637082122923166,0.5451410162957336,0.5829077965276676,-0.008847904815351863,-0.009720644115232482,-0.007975165515471243,False,True
relative_activation_delta_fro_norm,MatrixFactorizationInput,layer_9,750,81,669,0.5598481402336924,0.5422790522145671,0.5779864422996506,-0.009126822246800882,-0.009983301294743705,-0.008270343198858058,False,True
relative_activation_delta_fro_norm,MatrixFactorizationInput,layer_10,750,219,531,0.5032426930475264,0.47581539879506474,0.5322509711687661,-0.19785628782461914,-0.23265451096209955,-0.16305806468713874,False,True
relative_activation_delta_fro_norm,SmallMLPDigits,layer_1,150,30,120,0.3859108900485147,0.32418957188707775,0.4593831139945222,-0.5300093155893818,-0.8016174318653386,-0.258401199313425,False,True
relative_activation_delta_fro_norm,SmallMLPDigits,layer_2,150,25,125,0.5658634799604206,0.5077677186084527,0.6306062126801516,-0.38576416101560934,-0.5733001126239088,-0.19822820940730987,False,True
relative_activation_delta_op_norm,All,all_layers,7800,744,7056,0.4256145045653184,0.4197769895890864,0.4315331973620191,-0.09804357298870008,-0.10897185579655898,-0.08711529018084117,False,True
relative_activation_delta_op_norm,MatrixFactorizationInput,all_layers,7500,653,6847,0.42303719419655555,0.4173160921402426,0.42883672842779585,-0.08233086551916884,-0.09065836462804469,-0.07400336641029298,False,True
relative_activation_delta_op_norm,SmallMLPDigits,all_layers,300,91,209,0.4954080877889044,0.44223145463146296,0.554979006753803,-0.49086125972698125,-0.6791416162710888,-0.3025809031828737,False,True
relative_activation_delta_op_norm,MatrixFactorizationInput,layer_1,750,23,727,0.2951554773490054,0.279764499489914,0.31139317521685755,-0.3748201457875095,-0.42834094098133524,-0.32129935059368375,False,True
relative_activation_delta_op_norm,MatrixFactorizationInput,layer_2,750,77,673,0.45576816453492863,0.4389827793940285,0.4731953724706028,-0.01336002635748255,-0.014490130947520063,-0.012229921767445036,False,True
relative_activation_delta_op_norm,MatrixFactorizationInput,layer_3,750,82,668,0.4560841497659943,0.4393390914291638,0.47346743261817975,-0.013322572547392005,-0.014451530897640799,-0.01219361419714321,False,True
relative_activation_delta_op_norm,MatrixFactorizationInput,layer_4,750,71,679,0.4561515662165578,0.4394500996018055,0.4734877783629107,-0.013285504949176132,-0.014415362458753191,-0.012155647439599073,False,True
relative_activation_delta_op_norm,MatrixFactorizationInput,layer_5,750,78,672,0.45659409414785457,0.43979922845914293,0.47403031501695175,-0.013307494775390888,-0.014447155247250463,-0.012167834303531314,False,True
relative_activation_delta_op_norm,MatrixFactorizationInput,layer_6,750,74,676,0.45678655048055605,0.43995257436585494,0.47426464773090177,-0.013350797798479093,-0.014500370456679637,-0.012201225140278549,False,True
relative_activation_delta_op_norm,MatrixFactorizationInput,layer_7,750,74,676,0.4544510001449063,0.43782332992082695,0.4717101566288219,-0.013587730057222363,-0.014746818217078834,-0.012428641897365892,False,True
relative_activation_delta_op_norm,MatrixFactorizationInput,layer_8,750,68,682,0.4499879939939587,0.43389955791286855,0.46667296853842133,-0.013933268036653916,-0.015096537351277566,-0.012769998722030267,False,True
relative_activation_delta_op_norm,MatrixFactorizationInput,layer_9,750,45,705,0.4405984829466486,0.4256679894112888,0.4560526701652419,-0.01463924814199661,-0.015796778151119552,-0.013481718132873667,False,True
relative_activation_delta_op_norm,MatrixFactorizationInput,layer_10,750,61,689,0.3490293602332962,0.3282350547728922,0.3711410238895814,-0.33970186674038544,-0.39534107736556123,-0.28406265611520964,False,True
relative_activation_delta_op_norm,SmallMLPDigits,layer_1,150,34,116,0.39118027170802133,0.32558828763182635,0.46998620892222603,-0.598460863303651,-0.9160314751994126,-0.28089025140788937,False,True
relative_activation_delta_op_norm,SmallMLPDigits,layer_2,150,57,93,0.6274068279952734,0.5538228671837511,0.7107675597015142,-0.38326165615031166,-0.5853153748911039,-0.18120793740951946,False,True
max_relative_sample_activation_delta,All,all_layers,7800,226,7574,0.3059674675067657,0.30137201454757967,0.3106329939528074,-0.03304004665735246,-0.03427650242399538,-0.03180359089070954,False,True
max_relative_sample_activation_delta,MatrixFactorizationInput,all_layers,7500,226,7274,0.32064445131154334,0.3159880279324584,0.3253694920962534,-0.028493177538268296,-0.029435510447555123,-0.02755084462898147,False,True
max_relative_sample_activation_delta,SmallMLPDigits,all_layers,300,0,300,0.09483383752140714,0.08992656584665462,0.10000889786420344,-0.14671177463445664,-0.16424392418794131,-0.12917962508097197,False,True
max_relative_sample_activation_delta,MatrixFactorizationInput,layer_1,750,0,750,0.1074049635041392,0.10384494537726763,0.11108702636816777,-0.10166100425276473,-0.10763942248645025,-0.0956825860190792,False,True
max_relative_sample_activation_delta,MatrixFactorizationInput,layer_2,750,38,712,0.4041283834224383,0.3905109371404115,0.4182206815603485,-0.017383718198299633,-0.01867203320890003,-0.016095403187699236,False,True
max_relative_sample_activation_delta,MatrixFactorizationInput,layer_3,750,36,714,0.4044080161517455,0.3908290542355927,0.41845876542536825,-0.017340675757290366,-0.018623757591405395,-0.016057593923175337,False,True
max_relative_sample_activation_delta,MatrixFactorizationInput,layer_4,750,30,720,0.4036305282397084,0.3902033409737224,0.417519755009062,-0.017356017402471953,-0.01863315436439087,-0.016078880440553035,False,True
max_relative_sample_activation_delta,MatrixFactorizationInput,layer_5,750,27,723,0.40263158689298295,0.3893011520424825,0.4164184819732339,-0.01745478866239721,-0.018735335087601293,-0.016174242237193125,False,True
max_relative_sample_activation_delta,MatrixFactorizationInput,layer_6,750,25,725,0.401731698321098,0.3884829983299564,0.4154322277416094,-0.01754608135157559,-0.018829775933767976,-0.016262386769383203,False,True
max_relative_sample_activation_delta,MatrixFactorizationInput,layer_7,750,25,725,0.39949970056574335,0.38647432841693546,0.41296406777098843,-0.017785277931560577,-0.01907113510368652,-0.016499420759434634,False,True
max_relative_sample_activation_delta,MatrixFactorizationInput,layer_8,750,23,727,0.3969752336618425,0.38424648083808294,0.4101256459061255,-0.018031067068788823,-0.01931308583443263,-0.016749048303145015,False,True
max_relative_sample_activation_delta,MatrixFactorizationInput,layer_9,750,22,728,0.39382023211930334,0.3814347898001367,0.4066078380206692,-0.018375100978362046,-0.019659216546749625,-0.017090985409974467,False,True
max_relative_sample_activation_delta,MatrixFactorizationInput,layer_10,750,0,750,0.16049739341573724,0.15615733270965074,0.16495807687200567,-0.041998043779172045,-0.0446016501500492,-0.03939443740829489,False,True
max_relative_sample_activation_delta,SmallMLPDigits,layer_1,150,0,150,0.06300630238422664,0.060460940117862946,0.06565882257857487,-0.21216035650549628,-0.24221895981997366,-0.1821017531910189,False,True
max_relative_sample_activation_delta,SmallMLPDigits,layer_2,150,0,150,0.14273900226984482,0.13838345889952497,0.14723163397573308,-0.08126319276341694,-0.09171457142935537,-0.07081181409747851,False,True
mean_relative_sample_activation_delta,All,all_layers,7800,1070,6730,0.4752343688606916,0.4676787512887194,0.4829120517536488,-0.0168326052478993,-0.017774118326242053,-0.015891092169556545,False,True
mean_relative_sample_activation_delta,MatrixFactorizationInput,all_layers,7500,1070,6430,0.503199277790885,0.4956318946835654,0.510882200853779,-0.012672864011032785,-0.01327118388143788,-0.01207454414062769,False,True
mean_relative_sample_activation_delta,SmallMLPDigits,all_layers,300,0,300,0.1137898809998945,0.10778792537411112,0.12012604355292732,-0.12082613616956218,-0.1360642055557963,-0.10558806678332809,False,True
mean_relative_sample_activation_delta,MatrixFactorizationInput,layer_1,750,0,750,0.15536713594654528,0.15039452495992756,0.16050416023232283,-0.06678060097409566,-0.0704983569013919,-0.06306284504679942,False,True
mean_relative_sample_activation_delta,MatrixFactorizationInput,layer_2,750,120,630,0.6160710153309455,0.5947471963065004,0.6381593697085813,-0.00675474814677412,-0.007541376535451501,-0.00596811975809674,False,True
mean_relative_sample_activation_delta,MatrixFactorizationInput,layer_3,750,127,623,0.6223416118474095,0.6010355205425583,0.6444029821851553,-0.0065161809347127194,-0.007292811302100218,-0.005739550567325221,False,True
mean_relative_sample_activation_delta,MatrixFactorizationInput,layer_4,750,131,619,0.6288886505561766,0.6075132298518682,0.6510161678204194,-0.0062621340983550575,-0.007031932041694112,-0.005492336155016003,False,True
mean_relative_sample_activation_delta,MatrixFactorizationInput,layer_5,750,138,612,0.6363364841867848,0.6147245065762261,0.6587082778958439,-0.0060381385204993,-0.006806678593223769,-0.0052695984477748314,False,True
mean_relative_sample_activation_delta,MatrixFactorizationInput,layer_6,750,142,608,0.6440816919472979,0.6222710258434897,0.6666568242340639,-0.005811837552366032,-0.006575817183348814,-0.005047857921383249,False,True
mean_relative_sample_activation_delta,MatrixFactorizationInput,layer_7,750,137,613,0.6491040241885576,0.6274404043431583,0.6715156233186146,-0.005704036312732951,-0.006457846516596995,-0.004950226108868906,False,True
mean_relative_sample_activation_delta,MatrixFactorizationInput,layer_8,750,140,610,0.6527427711402138,0.6315260497380416,0.6746722885818275,-0.005626452115265152,-0.006362202883129596,-0.004890701347400708,False,True
mean_relative_sample_activation_delta,MatrixFactorizationInput,layer_9,750,135,615,0.653671498991457,0.6332494251658835,0.6747521775985951,-0.005670481212127359,-0.006382465891137399,-0.004958496533117319,False,True
mean_relative_sample_activation_delta,MatrixFactorizationInput,layer_10,750,0,750,0.24477319482893767,0.2388200529293563,0.25087473255224424,-0.011564030243399505,-0.012329031055934928,-0.010799029430864082,False,True
mean_relative_sample_activation_delta,SmallMLPDigits,layer_1,150,0,150,0.0759021394693174,0.07249948083858875,0.07946449697820836,-0.17730617058573225,-0.20347872665172517,-0.15113361451973933,False,True
mean_relative_sample_activation_delta,SmallMLPDigits,layer_2,150,0,150,0.1705898820309841,0.16481681450126545,0.17656516381173987,-0.06434610175339207,-0.07342446772578688,-0.055267735780997265,False,True
