hidden_dim,num_factors,target_relative_update_norm,seed,step,delta_loss_Adam,delta_loss_Muon,recovery_error_Adam,recovery_error_Muon,relative_update_fro_norm_Adam,relative_update_fro_norm_Muon,update_grad_cosine_Adam,update_grad_cosine_Muon,update_grad_inner_Adam,update_grad_inner_Muon,delta_loss_ratio,delta_loss_muon_higher,update_grad_inner_ratio,update_grad_inner_muon_higher,update_grad_cosine_ratio,update_grad_cosine_muon_higher
64,3,0.0001,0,0,0.00040392795509980317,0.00039544933646995517,0.859375,0.859375,0.05022317701728696,0.05022317701728694,0.4713416810686498,0.42177461591688686,0.00046471696348382506,0.0004158465645114555,0.9790095770228305,False,0.8948383579415633,False,0.8948383579415637,False
64,3,0.0001,0,1,0.0004641625767196622,0.00046317461469103094,0.8515625,0.7646484375,0.0501636138229288,0.05016361382292885,0.41375754314757296,0.4353249715013381,0.00044174223393798537,0.00045763599070665036,0.9978715172696312,False,1.035979708408176,True,1.0521257647406148,True
64,3,0.0001,0,2,0.000681210231355589,0.0005739214403441828,0.87890625,0.6708984375,0.050056097584389156,0.050056097584389225,0.42792073656694074,0.43124601246431693,0.0006122414001287756,0.0005369851899935655,0.842502672342568,False,0.8770808211934359,False,1.0077707753170686,True
64,3,0.0001,0,3,0.0009347943415742854,0.0006771967285499336,0.857421875,0.5498046875,0.04991080811974144,0.049910808119741336,0.42149544504606035,0.42684327344288897,0.000811134219151487,0.000623354952647902,0.7244339192398918,False,0.76849791061704,False,1.0126877489654584,True
64,3,0.0001,0,4,0.001148818862693357,0.000770641375540837,0.84375,0.537109375,0.04971565342299445,0.049715653422994346,0.40723799504541164,0.43848333544345786,0.0010151640926505117,0.0007196834326205503,0.6708119100117323,False,0.7089331053283365,False,1.0767250128381611,True
64,3,0.0001,1,0,0.0002782115688906295,0.00029093298620797015,0.900390625,0.900390625,0.05039347137262234,0.05039347137262237,0.5145700137800667,0.49909699477544506,0.000328843960597051,0.00031895568744546416,1.0457256949021474,True,0.969930196882334,False,0.9699301968823333,False
64,3,0.0001,1,1,0.0003334168964728157,0.00033617701902155517,0.7734375,0.7744140625,0.050345668828720797,0.0503456688287209,0.47033396862532173,0.49259104045116453,0.0003308889826678212,0.0003348280490363023,1.0082782923659195,True,1.0119044953891243,True,1.047321846412444,True
64,3,0.0001,1,2,0.0004508011343848928,0.00040032562803338223,0.689453125,0.6787109375,0.05024980098657846,0.05024980098657844,0.4309883891253553,0.48001528431727347,0.0004014354358893486,0.00037361608197525634,0.8880315453944384,False,0.930700303393843,False,1.113754561442857,True
64,3,0.0001,1,3,0.0006667177508865585,0.0005147145655075569,0.6943359375,0.6259765625,0.05007182661507285,0.050071826615072854,0.42778117625729734,0.47947776598915093,0.000565589318547445,0.00047819408935056024,0.7720126917621775,False,0.8454793498905983,False,1.1208482107234183,True
64,3,0.0001,1,4,0.0011630823168227167,0.00070331003856694,0.6494140625,0.509765625,0.04990235429775566,0.04990235429775555,0.3938614136783369,0.4022270478147989,0.0009998158034785006,0.0006561168434316056,0.6046949802213718,False,0.6562377201369315,False,1.0212400449648875,True
64,3,0.0001,2,0,0.0002852086608187143,0.00030604626088193143,0.900390625,0.900390625,0.04973859498055438,0.04973859498055437,0.5300146906763876,0.5004085239219431,0.0003590411231899809,0.0003389853935057712,1.0730608951474374,True,0.9441408563286008,False,0.9441408563286009,False
64,3,0.0001,2,1,0.0003691223431738777,0.0003741412718945014,0.837890625,0.8056640625,0.04968217300183851,0.049682173001838636,0.44213862369314827,0.48651859937760605,0.00037306353012461313,0.00037044436907202776,1.0135969247417231,True,0.992979316279695,False,1.1003757041485211,True
64,3,0.0001,2,2,0.0005415140768096904,0.00046631904500049615,0.6982421875,0.58203125,0.04959521938524455,0.04959521938524461,0.4040528204986116,0.4586685068506017,0.0004823523199843679,0.000432243176257695,0.8611392851461905,False,0.8961150560480421,False,1.1351696698579976,True
64,3,0.0001,2,3,0.000812142259142945,0.0005763273499086452,0.634765625,0.4453125,0.04947301107042026,0.04947301107042018,0.41136548998701217,0.42970444171399536,0.0007155893101137976,0.000532423232395141,0.709638420388128,False,0.7440346367254587,False,1.0445806762438001,True
64,3,0.0001,2,4,0.0009927093213670801,0.0006935986683398454,0.7353515625,0.4619140625,0.04929859799119183,0.04929859799119182,0.4279345107362427,0.4379203515299145,0.0008977741637432274,0.0006469280345766525,0.6986926116344678,False,0.7205910580889477,False,1.0233349742615794,True
64,3,0.0003,0,0,0.00040392795509980317,0.00039544933646995517,0.859375,0.859375,0.05022317701728696,0.05022317701728694,0.4713416810686498,0.42177461591688686,0.00046471696348382506,0.0004158465645114555,0.9790095770228305,False,0.8948383579415633,False,0.8948383579415637,False
64,3,0.0003,0,1,0.0004641625767196622,0.00046317461469103094,0.8515625,0.7646484375,0.0501636138229288,0.05016361382292885,0.41375754314757296,0.4353249715013381,0.00044174223393798537,0.00045763599070665036,0.9978715172696312,False,1.035979708408176,True,1.0521257647406148,True
64,3,0.0003,0,2,0.000681210231355589,0.0005739214403441828,0.87890625,0.6708984375,0.050056097584389156,0.050056097584389225,0.42792073656694074,0.43124601246431693,0.0006122414001287756,0.0005369851899935655,0.842502672342568,False,0.8770808211934359,False,1.0077707753170686,True
64,3,0.0003,0,3,0.0009347943415742854,0.0006771967285499336,0.857421875,0.5498046875,0.04991080811974144,0.049910808119741336,0.42149544504606035,0.42684327344288897,0.000811134219151487,0.000623354952647902,0.7244339192398918,False,0.76849791061704,False,1.0126877489654584,True
64,3,0.0003,0,4,0.001148818862693357,0.000770641375540837,0.84375,0.537109375,0.04971565342299445,0.049715653422994346,0.40723799504541164,0.43848333544345786,0.0010151640926505117,0.0007196834326205503,0.6708119100117323,False,0.7089331053283365,False,1.0767250128381611,True
64,3,0.0003,1,0,0.0002782115688906295,0.00029093298620797015,0.900390625,0.900390625,0.05039347137262234,0.05039347137262237,0.5145700137800667,0.49909699477544506,0.000328843960597051,0.00031895568744546416,1.0457256949021474,True,0.969930196882334,False,0.9699301968823333,False
64,3,0.0003,1,1,0.0003334168964728157,0.00033617701902155517,0.7734375,0.7744140625,0.050345668828720797,0.0503456688287209,0.47033396862532173,0.49259104045116453,0.0003308889826678212,0.0003348280490363023,1.0082782923659195,True,1.0119044953891243,True,1.047321846412444,True
64,3,0.0003,1,2,0.0004508011343848928,0.00040032562803338223,0.689453125,0.6787109375,0.05024980098657846,0.05024980098657844,0.4309883891253553,0.48001528431727347,0.0004014354358893486,0.00037361608197525634,0.8880315453944384,False,0.930700303393843,False,1.113754561442857,True
64,3,0.0003,1,3,0.0006667177508865585,0.0005147145655075569,0.6943359375,0.6259765625,0.05007182661507285,0.050071826615072854,0.42778117625729734,0.47947776598915093,0.000565589318547445,0.00047819408935056024,0.7720126917621775,False,0.8454793498905983,False,1.1208482107234183,True
64,3,0.0003,1,4,0.0011630823168227167,0.00070331003856694,0.6494140625,0.509765625,0.04990235429775566,0.04990235429775555,0.3938614136783369,0.4022270478147989,0.0009998158034785006,0.0006561168434316056,0.6046949802213718,False,0.6562377201369315,False,1.0212400449648875,True
64,3,0.0003,2,0,0.0002852086608187143,0.00030604626088193143,0.900390625,0.900390625,0.04973859498055438,0.04973859498055437,0.5300146906763876,0.5004085239219431,0.0003590411231899809,0.0003389853935057712,1.0730608951474374,True,0.9441408563286008,False,0.9441408563286009,False
64,3,0.0003,2,1,0.0003691223431738777,0.0003741412718945014,0.837890625,0.8056640625,0.04968217300183851,0.049682173001838636,0.44213862369314827,0.48651859937760605,0.00037306353012461313,0.00037044436907202776,1.0135969247417231,True,0.992979316279695,False,1.1003757041485211,True
64,3,0.0003,2,2,0.0005415140768096904,0.00046631904500049615,0.6982421875,0.58203125,0.04959521938524455,0.04959521938524461,0.4040528204986116,0.4586685068506017,0.0004823523199843679,0.000432243176257695,0.8611392851461905,False,0.8961150560480421,False,1.1351696698579976,True
64,3,0.0003,2,3,0.000812142259142945,0.0005763273499086452,0.634765625,0.4453125,0.04947301107042026,0.04947301107042018,0.41136548998701217,0.42970444171399536,0.0007155893101137976,0.000532423232395141,0.709638420388128,False,0.7440346367254587,False,1.0445806762438001,True
64,3,0.0003,2,4,0.0009927093213670801,0.0006935986683398454,0.7353515625,0.4619140625,0.04929859799119183,0.04929859799119182,0.4279345107362427,0.4379203515299145,0.0008977741637432274,0.0006469280345766525,0.6986926116344678,False,0.7205910580889477,False,1.0233349742615794,True
64,3,0.001,0,0,0.00040392795509980317,0.00039544933646995517,0.859375,0.859375,0.05022317701728696,0.05022317701728694,0.4713416810686498,0.42177461591688686,0.00046471696348382506,0.0004158465645114555,0.9790095770228305,False,0.8948383579415633,False,0.8948383579415637,False
64,3,0.001,0,1,0.0004641625767196622,0.00046317461469103094,0.8515625,0.7646484375,0.0501636138229288,0.05016361382292885,0.41375754314757296,0.4353249715013381,0.00044174223393798537,0.00045763599070665036,0.9978715172696312,False,1.035979708408176,True,1.0521257647406148,True
64,3,0.001,0,2,0.000681210231355589,0.0005739214403441828,0.87890625,0.6708984375,0.050056097584389156,0.050056097584389225,0.42792073656694074,0.43124601246431693,0.0006122414001287756,0.0005369851899935655,0.842502672342568,False,0.8770808211934359,False,1.0077707753170686,True
64,3,0.001,0,3,0.0009347943415742854,0.0006771967285499336,0.857421875,0.5498046875,0.04991080811974144,0.049910808119741336,0.42149544504606035,0.42684327344288897,0.000811134219151487,0.000623354952647902,0.7244339192398918,False,0.76849791061704,False,1.0126877489654584,True
64,3,0.001,0,4,0.001148818862693357,0.000770641375540837,0.84375,0.537109375,0.04971565342299445,0.049715653422994346,0.40723799504541164,0.43848333544345786,0.0010151640926505117,0.0007196834326205503,0.6708119100117323,False,0.7089331053283365,False,1.0767250128381611,True
64,3,0.001,1,0,0.0002782115688906295,0.00029093298620797015,0.900390625,0.900390625,0.05039347137262234,0.05039347137262237,0.5145700137800667,0.49909699477544506,0.000328843960597051,0.00031895568744546416,1.0457256949021474,True,0.969930196882334,False,0.9699301968823333,False
64,3,0.001,1,1,0.0003334168964728157,0.00033617701902155517,0.7734375,0.7744140625,0.050345668828720797,0.0503456688287209,0.47033396862532173,0.49259104045116453,0.0003308889826678212,0.0003348280490363023,1.0082782923659195,True,1.0119044953891243,True,1.047321846412444,True
64,3,0.001,1,2,0.0004508011343848928,0.00040032562803338223,0.689453125,0.6787109375,0.05024980098657846,0.05024980098657844,0.4309883891253553,0.48001528431727347,0.0004014354358893486,0.00037361608197525634,0.8880315453944384,False,0.930700303393843,False,1.113754561442857,True
64,3,0.001,1,3,0.0006667177508865585,0.0005147145655075569,0.6943359375,0.6259765625,0.05007182661507285,0.050071826615072854,0.42778117625729734,0.47947776598915093,0.000565589318547445,0.00047819408935056024,0.7720126917621775,False,0.8454793498905983,False,1.1208482107234183,True
64,3,0.001,1,4,0.0011630823168227167,0.00070331003856694,0.6494140625,0.509765625,0.04990235429775566,0.04990235429775555,0.3938614136783369,0.4022270478147989,0.0009998158034785006,0.0006561168434316056,0.6046949802213718,False,0.6562377201369315,False,1.0212400449648875,True
64,3,0.001,2,0,0.0002852086608187143,0.00030604626088193143,0.900390625,0.900390625,0.04973859498055438,0.04973859498055437,0.5300146906763876,0.5004085239219431,0.0003590411231899809,0.0003389853935057712,1.0730608951474374,True,0.9441408563286008,False,0.9441408563286009,False
64,3,0.001,2,1,0.0003691223431738777,0.0003741412718945014,0.837890625,0.8056640625,0.04968217300183851,0.049682173001838636,0.44213862369314827,0.48651859937760605,0.00037306353012461313,0.00037044436907202776,1.0135969247417231,True,0.992979316279695,False,1.1003757041485211,True
64,3,0.001,2,2,0.0005415140768096904,0.00046631904500049615,0.6982421875,0.58203125,0.04959521938524455,0.04959521938524461,0.4040528204986116,0.4586685068506017,0.0004823523199843679,0.000432243176257695,0.8611392851461905,False,0.8961150560480421,False,1.1351696698579976,True
64,3,0.001,2,3,0.000812142259142945,0.0005763273499086452,0.634765625,0.4453125,0.04947301107042026,0.04947301107042018,0.41136548998701217,0.42970444171399536,0.0007155893101137976,0.000532423232395141,0.709638420388128,False,0.7440346367254587,False,1.0445806762438001,True
64,3,0.001,2,4,0.0009927093213670801,0.0006935986683398454,0.7353515625,0.4619140625,0.04929859799119183,0.04929859799119182,0.4279345107362427,0.4379203515299145,0.0008977741637432274,0.0006469280345766525,0.6986926116344678,False,0.7205910580889477,False,1.0233349742615794,True
64,4,0.0001,0,0,2.8796459230484572e-05,2.6249768593888945e-05,0.8818359375,0.8818359375,0.058616998523306395,0.05861699852330651,0.48607729525908794,0.3866361922933864,3.804714725899996e-05,3.0263508062034905e-05,0.9115623689630687,False,0.7954212140011666,False,0.795421214001165,False
64,4,0.0001,0,1,4.485633610773476e-05,3.673025965467147e-05,0.8193359375,0.6748046875,0.05849966994407641,0.05849966994407638,0.43335275746715884,0.38226617434551,4.31500037599043e-05,3.482444355923984e-05,0.8188421712922274,False,0.8070554003427293,False,0.8821131693721359,False
64,4,0.0001,0,2,9.123915914432956e-05,5.451187907867805e-05,0.771484375,0.61328125,0.058328925773103245,0.058328925773103286,0.42317430523971855,0.39124342832657993,6.779835379343041e-05,4.727959329393037e-05,0.5974614364041508,False,0.6973560661661922,False,0.9245443862782489,False
64,4,0.0001,0,3,0.00014166373435386959,6.829787405182586e-05,0.7236328125,0.525390625,0.05808792833168803,0.05808792833168795,0.4200980517473713,0.3951748712125946,0.00011066665079885936,6.130289465871811e-05,0.4821126194599732,False,0.553941898631579,False,0.9406729442540609,False
64,4,0.0001,0,4,0.00022799051824673455,9.056349123248708e-05,0.783203125,0.4541015625,0.057809607001102485,0.05780960700110246,0.39817273330752845,0.38782130337369974,0.00018527426820474024,8.224891456567378e-05,0.39722481412353294,False,0.44393058659815254,False,0.974002665004603,False
64,4,0.0001,1,0,2.1126109929880954e-05,1.9988061233267018e-05,0.892578125,0.892578125,0.058817259479531175,0.058817259479531085,0.573381410720389,0.49461729690727346,2.694886713908735e-05,2.3246961917202295e-05,0.9461307026995883,False,0.8626322508185988,False,0.8626322508186004,False
64,4,0.0001,1,1,3.566008739630533e-05,2.7406926287110167e-05,0.8203125,0.7802734375,0.05873343988748632,0.05873343988748635,0.503204575573706,0.4757610463675547,3.0273311711539623e-05,2.616063634866397e-05,0.7685602669036011,False,0.86414848160441,False,0.9454624807915094,False
64,4,0.0001,1,2,6.285694888896742e-05,3.718595345247877e-05,0.7255859375,0.6318359375,0.0585291296860728,0.05852912968607275,0.4785183890217151,0.4615588488811429,5.070199840790577e-05,3.3606812908202364e-05,0.5915965395992296,False,0.6628301440473829,False,0.9645582269570782,False
64,4,0.0001,1,3,0.00012874634800663642,5.5800113339721236e-05,0.625,0.462890625,0.05828158059137937,0.05828158059137934,0.4322240235259808,0.39435390337145554,0.0001015702439264961,5.0383482624614164e-05,0.4334112322692441,False,0.49604569878827365,False,0.9123831205734706,False
64,4,0.0001,1,4,0.000223779273049729,8.07220137510889e-05,0.6767578125,0.5205078125,0.05803507041146416,0.05803507041146436,0.41324612638488023,0.3886367283124782,0.0001769547728349483,7.025679212889186e-05,0.3607215835988106,False,0.39703247899632943,False,0.9404485692638245,False
64,4,0.0001,2,0,1.7420989344429927e-05,1.84057826779771e-05,0.884765625,0.884765625,0.05814417243328687,0.05814417243328691,0.5576715428650222,0.4806843302560309,2.6378655844902916e-05,2.2737051370273164e-05,1.0565291278283253,True,0.8619488234714806,False,0.86194882347148,False
64,4,0.0001,2,1,3.4715385770045515e-05,2.5930092781845104e-05,0.75390625,0.66796875,0.05808025374287647,0.058080253742876405,0.43618037209158383,0.4411869082338431,2.8638752960819894e-05,2.5040577288288395e-05,0.7469337357679349,False,0.8743599039576168,False,1.011478132585957,True
64,4,0.0001,2,2,6.606407468989772e-05,3.718702920529893e-05,0.7373046875,0.595703125,0.05792640500389863,0.05792640500389857,0.42247372829158125,0.42631974852500076,5.28400821759426e-05,3.3780401876327116e-05,0.5628933634483407,False,0.6392950291759177,False,1.0091035725439597,True
64,4,0.0001,2,3,0.00011678802933534627,5.3031613984622084e-05,0.6064453125,0.5068359375,0.057720286066237754,0.057720286066237816,0.3826712763610362,0.39395971468769575,9.19128712734122e-05,4.7057564142361955e-05,0.45408432941655863,False,0.5119801339072559,False,1.0294990479400636,True
64,4,0.0001,2,4,0.00020997935749056396,7.78186019210203e-05,0.5947265625,0.4267578125,0.0574793264953539,0.05747932649535401,0.402545902323093,0.38124342585448123,0.00016675858164395932,6.823123576128436e-05,0.37060120028473426,False,0.4091617660011201,False,0.9470806277105911,False
64,4,0.0003,0,0,2.8796459230484572e-05,2.6249768593888945e-05,0.8818359375,0.8818359375,0.058616998523306395,0.05861699852330651,0.48607729525908794,0.3866361922933864,3.804714725899996e-05,3.0263508062034905e-05,0.9115623689630687,False,0.7954212140011666,False,0.795421214001165,False
64,4,0.0003,0,1,4.485633610773476e-05,3.673025965467147e-05,0.8193359375,0.6748046875,0.05849966994407641,0.05849966994407638,0.43335275746715884,0.38226617434551,4.31500037599043e-05,3.482444355923984e-05,0.8188421712922274,False,0.8070554003427293,False,0.8821131693721359,False
64,4,0.0003,0,2,9.123915914432956e-05,5.451187907867805e-05,0.771484375,0.61328125,0.058328925773103245,0.058328925773103286,0.42317430523971855,0.39124342832657993,6.779835379343041e-05,4.727959329393037e-05,0.5974614364041508,False,0.6973560661661922,False,0.9245443862782489,False
64,4,0.0003,0,3,0.00014166373435386959,6.829787405182586e-05,0.7236328125,0.525390625,0.05808792833168803,0.05808792833168795,0.4200980517473713,0.3951748712125946,0.00011066665079885936,6.130289465871811e-05,0.4821126194599732,False,0.553941898631579,False,0.9406729442540609,False
64,4,0.0003,0,4,0.00022799051824673455,9.056349123248708e-05,0.783203125,0.4541015625,0.057809607001102485,0.05780960700110246,0.39817273330752845,0.38782130337369974,0.00018527426820474024,8.224891456567378e-05,0.39722481412353294,False,0.44393058659815254,False,0.974002665004603,False
64,4,0.0003,1,0,2.1126109929880954e-05,1.9988061233267018e-05,0.892578125,0.892578125,0.058817259479531175,0.058817259479531085,0.573381410720389,0.49461729690727346,2.694886713908735e-05,2.3246961917202295e-05,0.9461307026995883,False,0.8626322508185988,False,0.8626322508186004,False
64,4,0.0003,1,1,3.566008739630533e-05,2.7406926287110167e-05,0.8203125,0.7802734375,0.05873343988748632,0.05873343988748635,0.503204575573706,0.4757610463675547,3.0273311711539623e-05,2.616063634866397e-05,0.7685602669036011,False,0.86414848160441,False,0.9454624807915094,False
64,4,0.0003,1,2,6.285694888896742e-05,3.718595345247877e-05,0.7255859375,0.6318359375,0.0585291296860728,0.05852912968607275,0.4785183890217151,0.4615588488811429,5.070199840790577e-05,3.3606812908202364e-05,0.5915965395992296,False,0.6628301440473829,False,0.9645582269570782,False
64,4,0.0003,1,3,0.00012874634800663642,5.5800113339721236e-05,0.625,0.462890625,0.05828158059137937,0.05828158059137934,0.4322240235259808,0.39435390337145554,0.0001015702439264961,5.0383482624614164e-05,0.4334112322692441,False,0.49604569878827365,False,0.9123831205734706,False
64,4,0.0003,1,4,0.000223779273049729,8.07220137510889e-05,0.6767578125,0.5205078125,0.05803507041146416,0.05803507041146436,0.41324612638488023,0.3886367283124782,0.0001769547728349483,7.025679212889186e-05,0.3607215835988106,False,0.39703247899632943,False,0.9404485692638245,False
64,4,0.0003,2,0,1.7420989344429927e-05,1.84057826779771e-05,0.884765625,0.884765625,0.05814417243328687,0.05814417243328691,0.5576715428650222,0.4806843302560309,2.6378655844902916e-05,2.2737051370273164e-05,1.0565291278283253,True,0.8619488234714806,False,0.86194882347148,False
64,4,0.0003,2,1,3.4715385770045515e-05,2.5930092781845104e-05,0.75390625,0.66796875,0.05808025374287647,0.058080253742876405,0.43618037209158383,0.4411869082338431,2.8638752960819894e-05,2.5040577288288395e-05,0.7469337357679349,False,0.8743599039576168,False,1.011478132585957,True
64,4,0.0003,2,2,6.606407468989772e-05,3.718702920529893e-05,0.7373046875,0.595703125,0.05792640500389863,0.05792640500389857,0.42247372829158125,0.42631974852500076,5.28400821759426e-05,3.3780401876327116e-05,0.5628933634483407,False,0.6392950291759177,False,1.0091035725439597,True
64,4,0.0003,2,3,0.00011678802933534627,5.3031613984622084e-05,0.6064453125,0.5068359375,0.057720286066237754,0.057720286066237816,0.3826712763610362,0.39395971468769575,9.19128712734122e-05,4.7057564142361955e-05,0.45408432941655863,False,0.5119801339072559,False,1.0294990479400636,True
64,4,0.0003,2,4,0.00020997935749056396,7.78186019210203e-05,0.5947265625,0.4267578125,0.0574793264953539,0.05747932649535401,0.402545902323093,0.38124342585448123,0.00016675858164395932,6.823123576128436e-05,0.37060120028473426,False,0.4091617660011201,False,0.9470806277105911,False
64,4,0.001,0,0,2.8796459230484572e-05,2.6249768593888945e-05,0.8818359375,0.8818359375,0.058616998523306395,0.05861699852330651,0.48607729525908794,0.3866361922933864,3.804714725899996e-05,3.0263508062034905e-05,0.9115623689630687,False,0.7954212140011666,False,0.795421214001165,False
64,4,0.001,0,1,4.485633610773476e-05,3.673025965467147e-05,0.8193359375,0.6748046875,0.05849966994407641,0.05849966994407638,0.43335275746715884,0.38226617434551,4.31500037599043e-05,3.482444355923984e-05,0.8188421712922274,False,0.8070554003427293,False,0.8821131693721359,False
64,4,0.001,0,2,9.123915914432956e-05,5.451187907867805e-05,0.771484375,0.61328125,0.058328925773103245,0.058328925773103286,0.42317430523971855,0.39124342832657993,6.779835379343041e-05,4.727959329393037e-05,0.5974614364041508,False,0.6973560661661922,False,0.9245443862782489,False
64,4,0.001,0,3,0.00014166373435386959,6.829787405182586e-05,0.7236328125,0.525390625,0.05808792833168803,0.05808792833168795,0.4200980517473713,0.3951748712125946,0.00011066665079885936,6.130289465871811e-05,0.4821126194599732,False,0.553941898631579,False,0.9406729442540609,False
64,4,0.001,0,4,0.00022799051824673455,9.056349123248708e-05,0.783203125,0.4541015625,0.057809607001102485,0.05780960700110246,0.39817273330752845,0.38782130337369974,0.00018527426820474024,8.224891456567378e-05,0.39722481412353294,False,0.44393058659815254,False,0.974002665004603,False
64,4,0.001,1,0,2.1126109929880954e-05,1.9988061233267018e-05,0.892578125,0.892578125,0.058817259479531175,0.058817259479531085,0.573381410720389,0.49461729690727346,2.694886713908735e-05,2.3246961917202295e-05,0.9461307026995883,False,0.8626322508185988,False,0.8626322508186004,False
64,4,0.001,1,1,3.566008739630533e-05,2.7406926287110167e-05,0.8203125,0.7802734375,0.05873343988748632,0.05873343988748635,0.503204575573706,0.4757610463675547,3.0273311711539623e-05,2.616063634866397e-05,0.7685602669036011,False,0.86414848160441,False,0.9454624807915094,False
64,4,0.001,1,2,6.285694888896742e-05,3.718595345247877e-05,0.7255859375,0.6318359375,0.0585291296860728,0.05852912968607275,0.4785183890217151,0.4615588488811429,5.070199840790577e-05,3.3606812908202364e-05,0.5915965395992296,False,0.6628301440473829,False,0.9645582269570782,False
64,4,0.001,1,3,0.00012874634800663642,5.5800113339721236e-05,0.625,0.462890625,0.05828158059137937,0.05828158059137934,0.4322240235259808,0.39435390337145554,0.0001015702439264961,5.0383482624614164e-05,0.4334112322692441,False,0.49604569878827365,False,0.9123831205734706,False
64,4,0.001,1,4,0.000223779273049729,8.07220137510889e-05,0.6767578125,0.5205078125,0.05803507041146416,0.05803507041146436,0.41324612638488023,0.3886367283124782,0.0001769547728349483,7.025679212889186e-05,0.3607215835988106,False,0.39703247899632943,False,0.9404485692638245,False
64,4,0.001,2,0,1.7420989344429927e-05,1.84057826779771e-05,0.884765625,0.884765625,0.05814417243328687,0.05814417243328691,0.5576715428650222,0.4806843302560309,2.6378655844902916e-05,2.2737051370273164e-05,1.0565291278283253,True,0.8619488234714806,False,0.86194882347148,False
64,4,0.001,2,1,3.4715385770045515e-05,2.5930092781845104e-05,0.75390625,0.66796875,0.05808025374287647,0.058080253742876405,0.43618037209158383,0.4411869082338431,2.8638752960819894e-05,2.5040577288288395e-05,0.7469337357679349,False,0.8743599039576168,False,1.011478132585957,True
64,4,0.001,2,2,6.606407468989772e-05,3.718702920529893e-05,0.7373046875,0.595703125,0.05792640500389863,0.05792640500389857,0.42247372829158125,0.42631974852500076,5.28400821759426e-05,3.3780401876327116e-05,0.5628933634483407,False,0.6392950291759177,False,1.0091035725439597,True
64,4,0.001,2,3,0.00011678802933534627,5.3031613984622084e-05,0.6064453125,0.5068359375,0.057720286066237754,0.057720286066237816,0.3826712763610362,0.39395971468769575,9.19128712734122e-05,4.7057564142361955e-05,0.45408432941655863,False,0.5119801339072559,False,1.0294990479400636,True
64,4,0.001,2,4,0.00020997935749056396,7.78186019210203e-05,0.5947265625,0.4267578125,0.0574793264953539,0.05747932649535401,0.402545902323093,0.38124342585448123,0.00016675858164395932,6.823123576128436e-05,0.37060120028473426,False,0.4091617660011201,False,0.9470806277105911,False
128,3,0.0001,0,0,0.001043363683220555,0.0008039227699656593,0.8984375,0.8984375,0.04760667529995048,0.04760667529995041,0.5020921108134585,0.34756839858524946,0.0012496258862617058,0.0008650414112561504,0.770510592705496,False,0.6922403102931457,False,0.6922403102931466,False
128,3,0.0001,0,1,0.0011310013529453045,0.0008378886819375708,0.75390625,0.83984375,0.04755500667748722,0.047555006677487126,0.45309858609361,0.37098488711039684,0.001138983386340905,0.0008647242157784415,0.7408379130189169,False,0.7592070491532386,False,0.8187729966426148,False
128,3,0.0001,0,2,0.0017267759997046106,0.0009537528002105944,0.6865234375,0.76953125,0.04748677365887789,0.047486773658877796,0.4676361085425653,0.37178734822502263,0.001523656423416049,0.00093737612994689,0.5523315128156444,False,0.6152148972307587,False,0.7950355873581599,False
128,3,0.0001,0,3,0.0024180806188844883,0.0010925411815576602,0.6123046875,0.552734375,0.04738787522555353,0.0473878752255535,0.4764153086054341,0.3694092445802035,0.0021019080003236877,0.0010556482155478974,0.45182165268818564,False,0.502233311536628,False,0.775393313161033,False
128,3,0.0001,0,4,0.0032554168424687724,0.0012155533293287668,0.5517578125,0.431640625,0.04726808764998051,0.04726808764998057,0.46050222379401223,0.3664550086820736,0.002886939625839575,0.0011844337066834402,0.37339406538394077,False,0.4102731127738722,False,0.7957725060758729,False
128,3,0.0001,1,0,0.0008283026842366148,0.0007030164737709121,0.94921875,0.94921875,0.04758025095776999,0.04758025095777001,0.5528820780000507,0.40449634384197386,0.0010674397655033984,0.0007809540218404748,0.848743445059375,False,0.731614136065262,False,0.7316141360652619,False
128,3,0.0001,1,1,0.0009542976470156006,0.0007454658782410917,0.783203125,0.7841796875,0.04752594674824716,0.047525946748247165,0.5128954311685288,0.42066898999140506,0.0009882196539421956,0.0007737500858727378,0.7811670505239179,False,0.7829737880501586,False,0.8201847090604719,False
128,3,0.0001,1,2,0.0013625218734416578,0.0008371111617950788,0.6572265625,0.5078125,0.04743796504994876,0.0474379650499488,0.4778760986123097,0.3972417857793367,0.0012124537147032753,0.0008380398114623386,0.6143836499891048,False,0.69119324003839,False,0.8312652315796405,False
128,3,0.0001,1,3,0.001979275144416981,0.0009117217803056299,0.4990234375,0.43359375,0.047336457829748387,0.047336457829748414,0.4810333445244786,0.4089689177941884,0.0016830049647576994,0.0009023328979891291,0.46063417856651173,False,0.5361439311731544,False,0.8501882924529299,False
128,3,0.0001,1,4,0.003440855943199317,0.0011302315954671016,0.4580078125,0.390625,0.04722873279992232,0.047228732799922415,0.45604973125152143,0.3530732281598208,0.0029424089910523032,0.0010959722496369727,0.32847396523558303,False,0.3724744768554478,False,0.7741989611328006,False
128,3,0.0001,2,0,0.0009900650866376814,0.0007608198697348634,0.8994140625,0.8994140625,0.0473199639410331,0.04731996394103308,0.5552306647191434,0.4064045214779752,0.001101005928839348,0.0008058881039661374,0.7684543975978911,False,0.7319561892057055,False,0.7319561892057059,False
128,3,0.0001,2,1,0.0014008194067258728,0.0008920401108949427,0.6533203125,0.697265625,0.04725405075491316,0.04725405075491319,0.49948460462474803,0.37821688422072036,0.0013238164270476908,0.0009064020286818097,0.6367987954849248,False,0.6846886095100226,False,0.7572142979359023,False
128,3,0.0001,2,2,0.0019176287316464702,0.0009742871566942313,0.6220703125,0.6357421875,0.047176003670258884,0.04717600367025878,0.479249131191552,0.36564476794975503,0.001703840174835047,0.0009549646455014071,0.5080687103898945,False,0.5604778309643155,False,0.7629534289204789,False
128,3,0.0001,2,3,0.0025834469255294756,0.001101270095209994,0.615234375,0.515625,0.04709962039903951,0.047099620399039574,0.43928623951323753,0.3527411913309629,0.002272777711260036,0.0010707495203591236,0.4262793573683692,False,0.47111933342812323,False,0.8029871177431528,False
128,3,0.0001,2,4,0.0036781511024446267,0.0012545725804296026,0.5703125,0.4443359375,0.04700338033771193,0.04700338033771189,0.46598560368623626,0.34670679571513896,0.0032287439629266534,0.0012026685371534275,0.34108783067551796,False,0.3724880482821822,False,0.7440289849567719,False
128,3,0.0003,0,0,0.001043363683220555,0.0008039227699656593,0.8984375,0.8984375,0.04760667529995048,0.04760667529995041,0.5020921108134585,0.34756839858524946,0.0012496258862617058,0.0008650414112561504,0.770510592705496,False,0.6922403102931457,False,0.6922403102931466,False
128,3,0.0003,0,1,0.0011310013529453045,0.0008378886819375708,0.75390625,0.83984375,0.04755500667748722,0.047555006677487126,0.45309858609361,0.37098488711039684,0.001138983386340905,0.0008647242157784415,0.7408379130189169,False,0.7592070491532386,False,0.8187729966426148,False
128,3,0.0003,0,2,0.0017267759997046106,0.0009537528002105944,0.6865234375,0.76953125,0.04748677365887789,0.047486773658877796,0.4676361085425653,0.37178734822502263,0.001523656423416049,0.00093737612994689,0.5523315128156444,False,0.6152148972307587,False,0.7950355873581599,False
128,3,0.0003,0,3,0.0024180806188844883,0.0010925411815576602,0.6123046875,0.552734375,0.04738787522555353,0.0473878752255535,0.4764153086054341,0.3694092445802035,0.0021019080003236877,0.0010556482155478974,0.45182165268818564,False,0.502233311536628,False,0.775393313161033,False
128,3,0.0003,0,4,0.0032554168424687724,0.0012155533293287668,0.5517578125,0.431640625,0.04726808764998051,0.04726808764998057,0.46050222379401223,0.3664550086820736,0.002886939625839575,0.0011844337066834402,0.37339406538394077,False,0.4102731127738722,False,0.7957725060758729,False
128,3,0.0003,1,0,0.0008283026842366148,0.0007030164737709121,0.94921875,0.94921875,0.04758025095776999,0.04758025095777001,0.5528820780000507,0.40449634384197386,0.0010674397655033984,0.0007809540218404748,0.848743445059375,False,0.731614136065262,False,0.7316141360652619,False
128,3,0.0003,1,1,0.0009542976470156006,0.0007454658782410917,0.783203125,0.7841796875,0.04752594674824716,0.047525946748247165,0.5128954311685288,0.42066898999140506,0.0009882196539421956,0.0007737500858727378,0.7811670505239179,False,0.7829737880501586,False,0.8201847090604719,False
128,3,0.0003,1,2,0.0013625218734416578,0.0008371111617950788,0.6572265625,0.5078125,0.04743796504994876,0.0474379650499488,0.4778760986123097,0.3972417857793367,0.0012124537147032753,0.0008380398114623386,0.6143836499891048,False,0.69119324003839,False,0.8312652315796405,False
128,3,0.0003,1,3,0.001979275144416981,0.0009117217803056299,0.4990234375,0.43359375,0.047336457829748387,0.047336457829748414,0.4810333445244786,0.4089689177941884,0.0016830049647576994,0.0009023328979891291,0.46063417856651173,False,0.5361439311731544,False,0.8501882924529299,False
128,3,0.0003,1,4,0.003440855943199317,0.0011302315954671016,0.4580078125,0.390625,0.04722873279992232,0.047228732799922415,0.45604973125152143,0.3530732281598208,0.0029424089910523032,0.0010959722496369727,0.32847396523558303,False,0.3724744768554478,False,0.7741989611328006,False
128,3,0.0003,2,0,0.0009900650866376814,0.0007608198697348634,0.8994140625,0.8994140625,0.0473199639410331,0.04731996394103308,0.5552306647191434,0.4064045214779752,0.001101005928839348,0.0008058881039661374,0.7684543975978911,False,0.7319561892057055,False,0.7319561892057059,False
128,3,0.0003,2,1,0.0014008194067258728,0.0008920401108949427,0.6533203125,0.697265625,0.04725405075491316,0.04725405075491319,0.49948460462474803,0.37821688422072036,0.0013238164270476908,0.0009064020286818097,0.6367987954849248,False,0.6846886095100226,False,0.7572142979359023,False
128,3,0.0003,2,2,0.0019176287316464702,0.0009742871566942313,0.6220703125,0.6357421875,0.047176003670258884,0.04717600367025878,0.479249131191552,0.36564476794975503,0.001703840174835047,0.0009549646455014071,0.5080687103898945,False,0.5604778309643155,False,0.7629534289204789,False
128,3,0.0003,2,3,0.0025834469255294756,0.001101270095209994,0.615234375,0.515625,0.04709962039903951,0.047099620399039574,0.43928623951323753,0.3527411913309629,0.002272777711260036,0.0010707495203591236,0.4262793573683692,False,0.47111933342812323,False,0.8029871177431528,False
128,3,0.0003,2,4,0.0036781511024446267,0.0012545725804296026,0.5703125,0.4443359375,0.04700338033771193,0.04700338033771189,0.46598560368623626,0.34670679571513896,0.0032287439629266534,0.0012026685371534275,0.34108783067551796,False,0.3724880482821822,False,0.7440289849567719,False
128,3,0.001,0,0,0.001043363683220555,0.0008039227699656593,0.8984375,0.8984375,0.04760667529995048,0.04760667529995041,0.5020921108134585,0.34756839858524946,0.0012496258862617058,0.0008650414112561504,0.770510592705496,False,0.6922403102931457,False,0.6922403102931466,False
128,3,0.001,0,1,0.0011310013529453045,0.0008378886819375708,0.75390625,0.83984375,0.04755500667748722,0.047555006677487126,0.45309858609361,0.37098488711039684,0.001138983386340905,0.0008647242157784415,0.7408379130189169,False,0.7592070491532386,False,0.8187729966426148,False
128,3,0.001,0,2,0.0017267759997046106,0.0009537528002105944,0.6865234375,0.76953125,0.04748677365887789,0.047486773658877796,0.4676361085425653,0.37178734822502263,0.001523656423416049,0.00093737612994689,0.5523315128156444,False,0.6152148972307587,False,0.7950355873581599,False
128,3,0.001,0,3,0.0024180806188844883,0.0010925411815576602,0.6123046875,0.552734375,0.04738787522555353,0.0473878752255535,0.4764153086054341,0.3694092445802035,0.0021019080003236877,0.0010556482155478974,0.45182165268818564,False,0.502233311536628,False,0.775393313161033,False
128,3,0.001,0,4,0.0032554168424687724,0.0012155533293287668,0.5517578125,0.431640625,0.04726808764998051,0.04726808764998057,0.46050222379401223,0.3664550086820736,0.002886939625839575,0.0011844337066834402,0.37339406538394077,False,0.4102731127738722,False,0.7957725060758729,False
128,3,0.001,1,0,0.0008283026842366148,0.0007030164737709121,0.94921875,0.94921875,0.04758025095776999,0.04758025095777001,0.5528820780000507,0.40449634384197386,0.0010674397655033984,0.0007809540218404748,0.848743445059375,False,0.731614136065262,False,0.7316141360652619,False
128,3,0.001,1,1,0.0009542976470156006,0.0007454658782410917,0.783203125,0.7841796875,0.04752594674824716,0.047525946748247165,0.5128954311685288,0.42066898999140506,0.0009882196539421956,0.0007737500858727378,0.7811670505239179,False,0.7829737880501586,False,0.8201847090604719,False
128,3,0.001,1,2,0.0013625218734416578,0.0008371111617950788,0.6572265625,0.5078125,0.04743796504994876,0.0474379650499488,0.4778760986123097,0.3972417857793367,0.0012124537147032753,0.0008380398114623386,0.6143836499891048,False,0.69119324003839,False,0.8312652315796405,False
128,3,0.001,1,3,0.001979275144416981,0.0009117217803056299,0.4990234375,0.43359375,0.047336457829748387,0.047336457829748414,0.4810333445244786,0.4089689177941884,0.0016830049647576994,0.0009023328979891291,0.46063417856651173,False,0.5361439311731544,False,0.8501882924529299,False
128,3,0.001,1,4,0.003440855943199317,0.0011302315954671016,0.4580078125,0.390625,0.04722873279992232,0.047228732799922415,0.45604973125152143,0.3530732281598208,0.0029424089910523032,0.0010959722496369727,0.32847396523558303,False,0.3724744768554478,False,0.7741989611328006,False
128,3,0.001,2,0,0.0009900650866376814,0.0007608198697348634,0.8994140625,0.8994140625,0.0473199639410331,0.04731996394103308,0.5552306647191434,0.4064045214779752,0.001101005928839348,0.0008058881039661374,0.7684543975978911,False,0.7319561892057055,False,0.7319561892057059,False
128,3,0.001,2,1,0.0014008194067258728,0.0008920401108949427,0.6533203125,0.697265625,0.04725405075491316,0.04725405075491319,0.49948460462474803,0.37821688422072036,0.0013238164270476908,0.0009064020286818097,0.6367987954849248,False,0.6846886095100226,False,0.7572142979359023,False
128,3,0.001,2,2,0.0019176287316464702,0.0009742871566942313,0.6220703125,0.6357421875,0.047176003670258884,0.04717600367025878,0.479249131191552,0.36564476794975503,0.001703840174835047,0.0009549646455014071,0.5080687103898945,False,0.5604778309643155,False,0.7629534289204789,False
128,3,0.001,2,3,0.0025834469255294756,0.001101270095209994,0.615234375,0.515625,0.04709962039903951,0.047099620399039574,0.43928623951323753,0.3527411913309629,0.002272777711260036,0.0010707495203591236,0.4262793573683692,False,0.47111933342812323,False,0.8029871177431528,False
128,3,0.001,2,4,0.0036781511024446267,0.0012545725804296026,0.5703125,0.4443359375,0.04700338033771193,0.04700338033771189,0.46598560368623626,0.34670679571513896,0.0032287439629266534,0.0012026685371534275,0.34108783067551796,False,0.3724880482821822,False,0.7440289849567719,False
128,4,0.0001,0,0,9.791424626248713e-05,7.416994109599173e-05,0.908203125,0.908203125,0.054264277367396016,0.05426427736739592,0.5008135219901892,0.32209982548636384,0.00013351085734120374,8.586793679061025e-05,0.7574989741243373,False,0.6431532124100138,False,0.6431532124100149,False
128,4,0.0001,0,1,0.0001486399232204505,8.779840617423318e-05,0.806640625,0.7158203125,0.05418076278162335,0.054180762781623426,0.40654184382198727,0.33553413828604084,0.00012900606014350907,8.949242224848107e-05,0.59067849519821,False,0.6937071184789909,False,0.8253372768018472,False
128,4,0.0001,0,2,0.00030706232886279494,0.00011584342368697875,0.8271484375,0.587890625,0.05405925731117713,0.05405925731117704,0.46373981789264884,0.3372275718831713,0.0002323187375771529,0.00010921038640642955,0.3772635481402254,False,0.47008858409520604,False,0.7271913233925411,False
128,4,0.0001,0,3,0.0005910444427730255,0.0001452290050587557,0.76171875,0.40234375,0.053909766846151196,0.053909766846151314,0.4719027189391181,0.32666242919946603,0.00045236652188393044,0.00013434577554582178,0.24571587946479845,False,0.29698434576087535,False,0.6922240879091225,False
128,4,0.0001,0,4,0.0008857939468138731,0.00017866765938290285,0.822265625,0.4228515625,0.053730805612867395,0.05373080561286745,0.43746650923590324,0.3141998055614578,0.0006912647445414302,0.00016841226399958933,0.2017034097213641,False,0.24362918162607922,False,0.7182259645664121,False
128,4,0.0001,1,0,7.975088263689756e-05,6.440208345326326e-05,0.888671875,0.888671875,0.05426425793008258,0.054264257930082466,0.571788639676827,0.3964441199443117,0.00010853948630414928,7.525480245878331e-05,0.8075406982827169,False,0.6933403226905308,False,0.6933403226905323,False
128,4,0.0001,1,1,0.00015175534696121318,8.291335777022013e-05,0.8369140625,0.677734375,0.05419352875311427,0.05419352875311432,0.4924492861248861,0.38114762880250175,0.00013142106764398514,8.346518669226092e-05,0.5463620190688357,False,0.6350974633562182,False,0.7739835137172724,False
128,4,0.0001,1,2,0.0002904826086242984,0.00010351413872955462,0.7626953125,0.52734375,0.054086412943115676,0.054086412943115836,0.47338018954990846,0.3536222949163382,0.00022441905140184503,0.0001000852537079195,0.3563522760270882,False,0.44597485410766985,False,0.7470154069027761,False
128,4,0.0001,1,3,0.0005128194106096551,0.00012754024427374944,0.6103515625,0.4189453125,0.053929155973256857,0.05392915597325681,0.4809134087720544,0.3477436189486109,0.0003948518255168686,0.00012172056761657562,0.24870401087612065,False,0.30826897522188496,False,0.7230898798112656,False
128,4,0.0001,1,4,0.0011423265145205086,0.00017599683268976207,0.5654296875,0.3916015625,0.053787853860043366,0.05378785386004338,0.4352545971421434,0.291177398637839,0.0008935912954049778,0.0001641863372706575,0.15406876269841002,False,0.18373761932880942,False,0.6689817880148607,False
128,4,0.0001,2,0,9.241849521712808e-05,7.523582772428483e-05,0.8642578125,0.8642578125,0.053997044736424984,0.053997044736425054,0.5769672952695959,0.3842045770279199,0.00013276875065951687,8.84111839750463e-05,0.8140776101961595,False,0.6659035619140171,False,0.6659035619140163,False
128,4,0.0001,2,1,0.000182515118759774,9.430670349086512e-05,0.8076171875,0.734375,0.05390872460797027,0.05390872460797034,0.4998020007378408,0.36678151740970105,0.00016364930927176987,9.819743229729586e-05,0.5167062549760132,False,0.600047948471453,False,0.7338536397778198,False
128,4,0.0001,2,2,0.00044597429156167934,0.00012375430643141172,0.68359375,0.5634765625,0.05380588354397677,0.05380588354397661,0.4475957945808094,0.32154235588265057,0.0003237379310882302,0.00011934989295214117,0.2774920186499051,False,0.3686620611645721,False,0.7183766241230826,False
128,4,0.0001,2,3,0.0007088281496949733,0.00014979276057358604,0.7412109375,0.5,0.053681951172247194,0.05368195117224727,0.46128964964149594,0.3221880474280898,0.0005376937356497255,0.00014280446317279874,0.21132450882212514,False,0.26558699442581396,False,0.6984506322187962,False
128,4,0.0001,2,4,0.001009497871482079,0.00017893708893801374,0.7744140625,0.419921875,0.05354413728396396,0.05354413728396385,0.44849414341892424,0.33684029948567445,0.0007968073120590704,0.0001667113430045199,0.17725355742980414,False,0.20922416308368535,False,0.7510472643363875,False
128,4,0.0003,0,0,9.791424626248713e-05,7.416994109599173e-05,0.908203125,0.908203125,0.054264277367396016,0.05426427736739592,0.5008135219901892,0.32209982548636384,0.00013351085734120374,8.586793679061025e-05,0.7574989741243373,False,0.6431532124100138,False,0.6431532124100149,False
128,4,0.0003,0,1,0.0001486399232204505,8.779840617423318e-05,0.806640625,0.7158203125,0.05418076278162335,0.054180762781623426,0.40654184382198727,0.33553413828604084,0.00012900606014350907,8.949242224848107e-05,0.59067849519821,False,0.6937071184789909,False,0.8253372768018472,False
128,4,0.0003,0,2,0.00030706232886279494,0.00011584342368697875,0.8271484375,0.587890625,0.05405925731117713,0.05405925731117704,0.46373981789264884,0.3372275718831713,0.0002323187375771529,0.00010921038640642955,0.3772635481402254,False,0.47008858409520604,False,0.7271913233925411,False
128,4,0.0003,0,3,0.0005910444427730255,0.0001452290050587557,0.76171875,0.40234375,0.053909766846151196,0.053909766846151314,0.4719027189391181,0.32666242919946603,0.00045236652188393044,0.00013434577554582178,0.24571587946479845,False,0.29698434576087535,False,0.6922240879091225,False
128,4,0.0003,0,4,0.0008857939468138731,0.00017866765938290285,0.822265625,0.4228515625,0.053730805612867395,0.05373080561286745,0.43746650923590324,0.3141998055614578,0.0006912647445414302,0.00016841226399958933,0.2017034097213641,False,0.24362918162607922,False,0.7182259645664121,False
128,4,0.0003,1,0,7.975088263689756e-05,6.440208345326326e-05,0.888671875,0.888671875,0.05426425793008258,0.054264257930082466,0.571788639676827,0.3964441199443117,0.00010853948630414928,7.525480245878331e-05,0.8075406982827169,False,0.6933403226905308,False,0.6933403226905323,False
128,4,0.0003,1,1,0.00015175534696121318,8.291335777022013e-05,0.8369140625,0.677734375,0.05419352875311427,0.05419352875311432,0.4924492861248861,0.38114762880250175,0.00013142106764398514,8.346518669226092e-05,0.5463620190688357,False,0.6350974633562182,False,0.7739835137172724,False
128,4,0.0003,1,2,0.0002904826086242984,0.00010351413872955462,0.7626953125,0.52734375,0.054086412943115676,0.054086412943115836,0.47338018954990846,0.3536222949163382,0.00022441905140184503,0.0001000852537079195,0.3563522760270882,False,0.44597485410766985,False,0.7470154069027761,False
128,4,0.0003,1,3,0.0005128194106096551,0.00012754024427374944,0.6103515625,0.4189453125,0.053929155973256857,0.05392915597325681,0.4809134087720544,0.3477436189486109,0.0003948518255168686,0.00012172056761657562,0.24870401087612065,False,0.30826897522188496,False,0.7230898798112656,False
128,4,0.0003,1,4,0.0011423265145205086,0.00017599683268976207,0.5654296875,0.3916015625,0.053787853860043366,0.05378785386004338,0.4352545971421434,0.291177398637839,0.0008935912954049778,0.0001641863372706575,0.15406876269841002,False,0.18373761932880942,False,0.6689817880148607,False
128,4,0.0003,2,0,9.241849521712808e-05,7.523582772428483e-05,0.8642578125,0.8642578125,0.053997044736424984,0.053997044736425054,0.5769672952695959,0.3842045770279199,0.00013276875065951687,8.84111839750463e-05,0.8140776101961595,False,0.6659035619140171,False,0.6659035619140163,False
128,4,0.0003,2,1,0.000182515118759774,9.430670349086512e-05,0.8076171875,0.734375,0.05390872460797027,0.05390872460797034,0.4998020007378408,0.36678151740970105,0.00016364930927176987,9.819743229729586e-05,0.5167062549760132,False,0.600047948471453,False,0.7338536397778198,False
128,4,0.0003,2,2,0.00044597429156167934,0.00012375430643141172,0.68359375,0.5634765625,0.05380588354397677,0.05380588354397661,0.4475957945808094,0.32154235588265057,0.0003237379310882302,0.00011934989295214117,0.2774920186499051,False,0.3686620611645721,False,0.7183766241230826,False
128,4,0.0003,2,3,0.0007088281496949733,0.00014979276057358604,0.7412109375,0.5,0.053681951172247194,0.05368195117224727,0.46128964964149594,0.3221880474280898,0.0005376937356497255,0.00014280446317279874,0.21132450882212514,False,0.26558699442581396,False,0.6984506322187962,False
128,4,0.0003,2,4,0.001009497871482079,0.00017893708893801374,0.7744140625,0.419921875,0.05354413728396396,0.05354413728396385,0.44849414341892424,0.33684029948567445,0.0007968073120590704,0.0001667113430045199,0.17725355742980414,False,0.20922416308368535,False,0.7510472643363875,False
128,4,0.001,0,0,9.791424626248713e-05,7.416994109599173e-05,0.908203125,0.908203125,0.054264277367396016,0.05426427736739592,0.5008135219901892,0.32209982548636384,0.00013351085734120374,8.586793679061025e-05,0.7574989741243373,False,0.6431532124100138,False,0.6431532124100149,False
128,4,0.001,0,1,0.0001486399232204505,8.779840617423318e-05,0.806640625,0.7158203125,0.05418076278162335,0.054180762781623426,0.40654184382198727,0.33553413828604084,0.00012900606014350907,8.949242224848107e-05,0.59067849519821,False,0.6937071184789909,False,0.8253372768018472,False
128,4,0.001,0,2,0.00030706232886279494,0.00011584342368697875,0.8271484375,0.587890625,0.05405925731117713,0.05405925731117704,0.46373981789264884,0.3372275718831713,0.0002323187375771529,0.00010921038640642955,0.3772635481402254,False,0.47008858409520604,False,0.7271913233925411,False
128,4,0.001,0,3,0.0005910444427730255,0.0001452290050587557,0.76171875,0.40234375,0.053909766846151196,0.053909766846151314,0.4719027189391181,0.32666242919946603,0.00045236652188393044,0.00013434577554582178,0.24571587946479845,False,0.29698434576087535,False,0.6922240879091225,False
128,4,0.001,0,4,0.0008857939468138731,0.00017866765938290285,0.822265625,0.4228515625,0.053730805612867395,0.05373080561286745,0.43746650923590324,0.3141998055614578,0.0006912647445414302,0.00016841226399958933,0.2017034097213641,False,0.24362918162607922,False,0.7182259645664121,False
128,4,0.001,1,0,7.975088263689756e-05,6.440208345326326e-05,0.888671875,0.888671875,0.05426425793008258,0.054264257930082466,0.571788639676827,0.3964441199443117,0.00010853948630414928,7.525480245878331e-05,0.8075406982827169,False,0.6933403226905308,False,0.6933403226905323,False
128,4,0.001,1,1,0.00015175534696121318,8.291335777022013e-05,0.8369140625,0.677734375,0.05419352875311427,0.05419352875311432,0.4924492861248861,0.38114762880250175,0.00013142106764398514,8.346518669226092e-05,0.5463620190688357,False,0.6350974633562182,False,0.7739835137172724,False
128,4,0.001,1,2,0.0002904826086242984,0.00010351413872955462,0.7626953125,0.52734375,0.054086412943115676,0.054086412943115836,0.47338018954990846,0.3536222949163382,0.00022441905140184503,0.0001000852537079195,0.3563522760270882,False,0.44597485410766985,False,0.7470154069027761,False
128,4,0.001,1,3,0.0005128194106096551,0.00012754024427374944,0.6103515625,0.4189453125,0.053929155973256857,0.05392915597325681,0.4809134087720544,0.3477436189486109,0.0003948518255168686,0.00012172056761657562,0.24870401087612065,False,0.30826897522188496,False,0.7230898798112656,False
128,4,0.001,1,4,0.0011423265145205086,0.00017599683268976207,0.5654296875,0.3916015625,0.053787853860043366,0.05378785386004338,0.4352545971421434,0.291177398637839,0.0008935912954049778,0.0001641863372706575,0.15406876269841002,False,0.18373761932880942,False,0.6689817880148607,False
128,4,0.001,2,0,9.241849521712808e-05,7.523582772428483e-05,0.8642578125,0.8642578125,0.053997044736424984,0.053997044736425054,0.5769672952695959,0.3842045770279199,0.00013276875065951687,8.84111839750463e-05,0.8140776101961595,False,0.6659035619140171,False,0.6659035619140163,False
128,4,0.001,2,1,0.000182515118759774,9.430670349086512e-05,0.8076171875,0.734375,0.05390872460797027,0.05390872460797034,0.4998020007378408,0.36678151740970105,0.00016364930927176987,9.819743229729586e-05,0.5167062549760132,False,0.600047948471453,False,0.7338536397778198,False
128,4,0.001,2,2,0.00044597429156167934,0.00012375430643141172,0.68359375,0.5634765625,0.05380588354397677,0.05380588354397661,0.4475957945808094,0.32154235588265057,0.0003237379310882302,0.00011934989295214117,0.2774920186499051,False,0.3686620611645721,False,0.7183766241230826,False
128,4,0.001,2,3,0.0007088281496949733,0.00014979276057358604,0.7412109375,0.5,0.053681951172247194,0.05368195117224727,0.46128964964149594,0.3221880474280898,0.0005376937356497255,0.00014280446317279874,0.21132450882212514,False,0.26558699442581396,False,0.6984506322187962,False
128,4,0.001,2,4,0.001009497871482079,0.00017893708893801374,0.7744140625,0.419921875,0.05354413728396396,0.05354413728396385,0.44849414341892424,0.33684029948567445,0.0007968073120590704,0.0001667113430045199,0.17725355742980414,False,0.20922416308368535,False,0.7510472643363875,False
