group_type,problem_family,base_setting,source_algo,horizon,metric,n_pairs,switched_better_pairs,mean_signed_switched_over_own,signed_ratio_ci95_low,signed_ratio_ci95_high,geomean_switched_over_own,ratio_ci95_low,ratio_ci95_high,positive_ratio_pairs,mean_delta_switched_minus_own,delta_ci95_low,delta_ci95_high
setting_source_horizon,MatrixFactorizationInput,MF input kappa=1e+02,Adam,1,loss_after,5,0,1.431966674743458,1.2798438219450463,1.5840895275418698,1.4279942897411568,1.289376985788576,1.5815139513182852,5,3.2715840594878414e-05,2.670445863686552e-05,3.872722255289131e-05
setting_source_horizon,MatrixFactorizationInput,MF input kappa=1e+02,Adam,1,total_decrease,5,0,0.14003678408666917,0.1257716456570862,0.15430192251625213,0.13965590496590555,0.12601465161120654,0.15477384210862324,5,-3.2715840594878414e-05,-3.872722255289131e-05,-2.670445863686552e-05
setting_source_horizon,MatrixFactorizationInput,MF input kappa=1e+02,Adam,1,recovery_after,5,0,1.175060329527891,1.1156368918653612,1.2344837671904207,1.174304182039165,1.1176707996198383,1.2338072287687205,5,0.12625388631925263,0.09738136938426105,0.1551264032542442
setting_source_horizon,MatrixFactorizationInput,MF input kappa=1e+02,Adam,3,loss_after,5,0,2.539507753035186,1.6809986203832965,3.398016885687076,2.4735097554932985,1.8156508905760298,3.3697284771410287,5,5.7374775149233426e-05,4.9204034800383744e-05,6.55455154980831e-05
setting_source_horizon,MatrixFactorizationInput,MF input kappa=1e+02,Adam,3,total_decrease,5,0,0.231868810498216,0.1965319917964688,0.2672056291999632,0.23040088500017897,0.1966171563165611,0.26998950042486386,5,-5.7374775149233426e-05,-6.554551549808311e-05,-4.9204034800383744e-05
setting_source_horizon,MatrixFactorizationInput,MF input kappa=1e+02,Adam,3,recovery_after,5,0,1.581736241439831,1.3501034394515974,1.8133690434280647,1.5733706665892682,1.3661387138222756,1.8120379939731375,5,0.2933654137449858,0.2323835021521068,0.35434732533786484
setting_source_horizon,MatrixFactorizationInput,MF input kappa=1e+02,Adam,10,loss_after,5,0,3.8881887227837084,2.78518756992406,4.991189875643357,3.8022676794060986,2.8216088042884255,5.123757582512282,5,3.514657484944907e-05,2.504649295414231e-05,4.524665674475582e-05
setting_source_horizon,MatrixFactorizationInput,MF input kappa=1e+02,Adam,10,total_decrease,5,0,0.66163750389934,0.5780017199826117,0.7452732878160682,0.6589765093938704,0.5822723062359687,0.7457851511779573,5,-3.514657484944907e-05,-4.524665674475582e-05,-2.5046492954142313e-05
setting_source_horizon,MatrixFactorizationInput,MF input kappa=1e+02,Adam,10,recovery_after,5,0,1.9894886389623612,1.6869762608775463,2.292001017047176,1.977277171006199,1.6933330329057643,2.308834077531311,5,0.29138688101665433,0.21169651532580708,0.3710772467075016
setting_source_horizon,MatrixFactorizationInput,MF input kappa=1e+02,Adam,30,loss_after,5,5,0.5106882917750639,0.3309377925877891,0.6904387909623387,0.49326545941746835,0.3396036742417035,0.7164551855854078,5,-8.79004955874023e-07,-1.385743323349222e-06,-3.722665883988239e-07
setting_source_horizon,MatrixFactorizationInput,MF input kappa=1e+02,Adam,30,total_decrease,5,5,1.007663198238183,1.0034505855753177,1.0118758109010482,1.0076586296512595,1.0034555752277698,1.0118792889064159,5,8.790049558740252e-07,3.7226658839882996e-07,1.3857433233492205e-06
setting_source_horizon,MatrixFactorizationInput,MF input kappa=1e+02,Adam,30,recovery_after,5,5,0.6661357587718828,0.546067505713882,0.7862040118298836,0.6604909376779857,0.5508377646548235,0.7919723496592778,5,-0.03721693708189838,-0.05366982369272011,-0.020764050471076653
setting_source_horizon,MatrixFactorizationInput,MF input kappa=1e+02,Muon,1,loss_after,5,5,0.9182802942608153,0.9058078518576684,0.9307527366639621,0.9182366027410378,0.9059045809423815,0.9307364995729392,5,-1.2451406410327602e-05,-1.4867088021463509e-05,-1.0035724799191695e-05
setting_source_horizon,MatrixFactorizationInput,MF input kappa=1e+02,Muon,1,total_decrease,5,5,15.165979311293034,13.515951755787478,16.81600686679859,15.122087616398387,13.626222819056842,16.78216604224425,5,1.2451406410327602e-05,1.0035724799191695e-05,1.4867088021463509e-05
setting_source_horizon,MatrixFactorizationInput,MF input kappa=1e+02,Muon,1,recovery_after,5,5,0.961588614065519,0.9550293399615896,0.9681478881694484,0.9615770382496379,0.9550543921067366,0.9681442315021668,5,-0.03810333125658523,-0.04456794067107031,-0.03163872184210015
setting_source_horizon,MatrixFactorizationInput,MF input kappa=1e+02,Muon,3,loss_after,5,5,0.4743649884645156,0.4121156447013911,0.5366143322276401,0.47221479389973936,0.41342907962556574,0.539359282079838,5,-7.872211266111101e-05,-9.151415738135887e-05,-6.593006794086315e-05
setting_source_horizon,MatrixFactorizationInput,MF input kappa=1e+02,Muon,3,total_decrease,5,5,24.6182649149188,20.965542401044882,28.27098742879272,24.482595005057103,21.182431977826468,28.296914103587802,5,7.872211266111101e-05,6.593006794086315e-05,9.151415738135887e-05
setting_source_horizon,MatrixFactorizationInput,MF input kappa=1e+02,Muon,3,recovery_after,5,5,0.7132901643889078,0.6701768656055384,0.7564034631722772,0.7126193763398525,0.6710478796883773,0.7567662321961673,5,-0.28226808442114537,-0.32443830674734864,-0.24009786209494208
setting_source_horizon,MatrixFactorizationInput,MF input kappa=1e+02,Muon,10,loss_after,5,5,0.15952277234956772,0.13151007980868418,0.18753546489045125,0.1582862684283583,0.13327279437792286,0.1879944281946014,5,-0.00010873280105836748,-0.00011236882134242022,-0.00010509678077431475
setting_source_horizon,MatrixFactorizationInput,MF input kappa=1e+02,Muon,10,total_decrease,5,5,5.702908639903001,5.130990353119749,6.274826926686252,5.688735533251424,5.1640300971245985,6.266755103789345,5,0.00010873280105836748,0.00010509678077431475,0.00011236882134242022
setting_source_horizon,MatrixFactorizationInput,MF input kappa=1e+02,Muon,10,recovery_after,5,5,0.39816872874653464,0.354539503266488,0.4417979542265813,0.3969574427927824,0.35640782894520745,0.4421205108062035,5,-0.5547133432909942,-0.5957275587416803,-0.5136991278403081
setting_source_horizon,MatrixFactorizationInput,MF input kappa=1e+02,Muon,30,loss_after,5,2,1.0486618882338277,0.5087088946510377,1.5886148818166177,0.973214382577791,0.5598404689444381,1.691814520379504,5,-1.257933141690171e-07,-1.4603778236059303e-06,1.2087911952678959e-06
setting_source_horizon,MatrixFactorizationInput,MF input kappa=1e+02,Muon,30,total_decrease,5,2,1.0010676455345626,0.9920124741242344,1.0101228169448908,1.0010464509158732,0.9920508292864086,1.0101236421646675,5,1.2579331416902793e-07,-1.208791195267877e-06,1.460377823605933e-06
setting_source_horizon,MatrixFactorizationInput,MF input kappa=1e+02,Muon,30,recovery_after,5,3,0.943292683419315,0.6674596609900866,1.2191257058485436,0.9218563373977775,0.6822366874988933,1.2456367744102352,5,-0.011817939647905448,-0.05268485925497758,0.029048979959166683
setting_source_horizon,MatrixFactorizationInput,MF input kappa=1e+05,Adam,1,loss_after,5,0,1.4256722929157988,1.313353622885443,1.5379909629461546,1.4233856665344484,1.3158129744770806,1.5397528334153132,5,2.922258661309647e-05,2.395803289182185e-05,3.448714033437109e-05
setting_source_horizon,MatrixFactorizationInput,MF input kappa=1e+05,Adam,1,total_decrease,5,0,0.1428570230149264,0.12734643765768577,0.158367608372167,0.14241697182458085,0.12767544445146412,0.15886056986779393,5,-2.922258661309647e-05,-3.448714033437109e-05,-2.395803289182185e-05
setting_source_horizon,MatrixFactorizationInput,MF input kappa=1e+05,Adam,1,recovery_after,5,0,1.1733964224046687,1.1323804311156516,1.2144124136936858,1.1730245630897203,1.1327379379709057,1.2147440104960725,5,0.12503035450345887,0.10419247309772259,0.14586823590919515
setting_source_horizon,MatrixFactorizationInput,MF input kappa=1e+05,Adam,3,loss_after,5,0,2.6608436798540795,2.1400957701493235,3.1815915895588356,2.636718404211656,2.1950805829364746,3.1672112619246198,5,5.414745558248711e-05,5.080402183414746e-05,5.7490889330826755e-05
setting_source_horizon,MatrixFactorizationInput,MF input kappa=1e+05,Adam,3,total_decrease,5,0,0.22404814222513184,0.20154521933014918,0.2465510651201145,0.2234426069488715,0.20157777618125414,0.2476790822179476,5,-5.414745558248711e-05,-5.7490889330826755e-05,-5.080402183414746e-05
setting_source_horizon,MatrixFactorizationInput,MF input kappa=1e+05,Adam,3,recovery_after,5,0,1.6368072635186155,1.5152721650943946,1.7583423619428364,1.6344949597501526,1.518509051704926,1.7593400384733358,5,0.31248280107645315,0.2883164083094978,0.3366491938434085
setting_source_horizon,MatrixFactorizationInput,MF input kappa=1e+05,Adam,10,loss_after,5,0,5.912447464643495,5.074101663445177,6.750793265841812,5.882280646646381,5.115452262552098,6.764059916893451,5,3.534679482902055e-05,2.7304841213774655e-05,4.338874844426644e-05
setting_source_horizon,MatrixFactorizationInput,MF input kappa=1e+05,Adam,10,total_decrease,5,0,0.6349390678036775,0.5660444494946048,0.7038336861127502,0.6329526113943293,0.5666953174667442,0.7069566236435532,5,-3.534679482902055e-05,-4.338874844426644e-05,-2.7304841213774655e-05
setting_source_horizon,MatrixFactorizationInput,MF input kappa=1e+05,Adam,10,recovery_after,5,0,2.4038264907310336,2.2012214824368344,2.606431499025233,2.3994530354944406,2.2071824875449795,2.608472521883471,5,0.3405058119791152,0.2765233103814576,0.40448831357677284
setting_source_horizon,MatrixFactorizationInput,MF input kappa=1e+05,Adam,30,loss_after,5,2,1.130100744706389,0.6849015652310206,1.5752999241817576,1.0858309645508162,0.7337482870847629,1.6068574255372046,5,7.181714016162637e-08,-2.433008271043898e-07,3.869351074276425e-07
setting_source_horizon,MatrixFactorizationInput,MF input kappa=1e+05,Adam,30,total_decrease,5,2,0.9993300129410476,0.9963377277518843,1.002322298130211,0.9993276866125653,0.9963384598964962,1.0023258816428366,5,-7.181714016163182e-08,-3.8693510742764717e-07,2.4330082710438347e-07
setting_source_horizon,MatrixFactorizationInput,MF input kappa=1e+05,Adam,30,recovery_after,5,3,1.0055533079417078,0.807427541784206,1.2036790740992098,0.9955060827593821,0.817863011698313,1.2117339293202982,5,3.52752268415385e-05,-0.01452478130017221,0.014595331753855287
setting_source_horizon,MatrixFactorizationInput,MF input kappa=1e+05,Muon,1,loss_after,5,5,0.9112814071371131,0.8920876120376879,0.9304752022365383,0.911176844272753,0.8922303107677583,0.9305257079020707,5,-1.2242072113491181e-05,-1.4937256704961747e-05,-9.546887522020615e-06
setting_source_horizon,MatrixFactorizationInput,MF input kappa=1e+05,Muon,1,total_decrease,5,5,19.29714535154845,15.975611768388617,22.618678934708285,19.138335893424994,15.958869298982275,22.951243844883017,5,1.2242072113491181e-05,9.546887522020615e-06,1.4937256704961747e-05
setting_source_horizon,MatrixFactorizationInput,MF input kappa=1e+05,Muon,1,recovery_after,5,5,0.9581338345334791,0.9480633183388492,0.9682043507281091,0.9581063954426827,0.9480957898202327,0.9682226994829554,5,-0.04157932878177106,-0.05153301602592957,-0.031625641537612555
setting_source_horizon,MatrixFactorizationInput,MF input kappa=1e+05,Muon,3,loss_after,5,5,0.44416125309634225,0.4007715863031276,0.4875509198895569,0.44307566545440424,0.4021846630504055,0.48812414632842177,5,-7.565245111198536e-05,-8.210179411122776e-05,-6.920310811274296e-05
setting_source_horizon,MatrixFactorizationInput,MF input kappa=1e+05,Muon,3,total_decrease,5,5,30.932190470831063,25.462450323541315,36.401930618120815,30.694208431862947,25.8833208995771,36.39928720560891,5,7.565245111198536e-05,6.920310811274296e-05,8.210179411122776e-05
setting_source_horizon,MatrixFactorizationInput,MF input kappa=1e+05,Muon,3,recovery_after,5,5,0.6916305185005353,0.6533718332051984,0.7298892037958721,0.6910819997732955,0.6539114180906677,0.7303654855961496,5,-0.30432390404544674,-0.341607956336588,-0.26703985175430545
setting_source_horizon,MatrixFactorizationInput,MF input kappa=1e+05,Muon,10,loss_after,5,5,0.134329156549871,0.12050009071993903,0.14815822237980295,0.13394638964397698,0.12049477583388318,0.14889969440161335,5,-0.000104404349484906,-0.00010945864113147462,-9.93500578383374e-05
setting_source_horizon,MatrixFactorizationInput,MF input kappa=1e+05,Muon,10,total_decrease,5,5,6.8548263687019695,5.712126122915206,7.997526614488733,6.809069139014664,5.815343154434942,7.972603044847639,5,0.000104404349484906,9.93500578383374e-05,0.00010945864113147462
setting_source_horizon,MatrixFactorizationInput,MF input kappa=1e+05,Muon,10,recovery_after,5,5,0.3637011199721781,0.33767689682918833,0.3897253431151678,0.3632114899469137,0.3378780722973905,0.39044435625092166,5,-0.5941018667610779,-0.6242749772903269,-0.5639287562318289
setting_source_horizon,MatrixFactorizationInput,MF input kappa=1e+05,Muon,30,loss_after,5,2,0.9617957560989069,0.4134937462957595,1.5100977659020542,0.8593324558767991,0.4224887696918014,1.7478624822665456,5,-4.2928001207992527e-07,-1.784978809630021e-06,9.264187854701705e-07
setting_source_horizon,MatrixFactorizationInput,MF input kappa=1e+05,Muon,30,total_decrease,5,2,1.003378952731468,0.9929801549375648,1.0137777505253713,1.0033511480370203,0.9930502452999717,1.0137589019608044,5,4.292800120799293e-07,-9.264187854701656e-07,1.7849788096300243e-06
setting_source_horizon,MatrixFactorizationInput,MF input kappa=1e+05,Muon,30,recovery_after,5,3,0.9105419405941886,0.5970527433920434,1.2240311377963338,0.879014206462128,0.6001913975365155,1.2873659608145844,5,-0.01834780707539844,-0.06668944157900021,0.029993827428203324
setting_source_horizon,MatrixSensing,Matrix sensing kappa=1e+02,Adam,1,loss_after,5,2,1.0437366210226493,0.9224316417263847,1.165041600318914,1.0400110799770803,0.9242738176495588,1.1702409240864091,5,0.00012049371431128884,-0.0002533972449653512,0.0004943846735879289
setting_source_horizon,MatrixSensing,Matrix sensing kappa=1e+02,Adam,1,total_decrease,5,2,0.9581228958277437,0.7666773712205907,1.1495684204348968,0.9485851587518094,0.7808251561061647,1.1523883373473849,5,-0.00012049371431128884,-0.0004943846735879289,0.0002533972449653512
setting_source_horizon,MatrixSensing,Matrix sensing kappa=1e+02,Adam,1,recovery_after,5,0,1.0189667804343574,1.01437792125649,1.0235556396122247,1.0189614228916533,1.014385908642985,1.0235575755684203,5,0.022084228673142147,0.016543963357784887,0.027624493988499407
setting_source_horizon,MatrixSensing,Matrix sensing kappa=1e+02,Adam,3,loss_after,5,5,0.35771242060968506,0.3335638518868339,0.3818609893325362,0.3572807840007114,0.3336033254378728,0.38263874752631993,5,-0.0016038182983670614,-0.0016936398053471289,-0.001513996791386994
setting_source_horizon,MatrixSensing,Matrix sensing kappa=1e+02,Adam,3,total_decrease,5,5,1.616412495217919,1.5588254845061122,1.673999505929726,1.6158878794518436,1.5599328861647106,1.673849985545901,5,0.0016038182983670614,0.001513996791386994,0.0016936398053471289
setting_source_horizon,MatrixSensing,Matrix sensing kappa=1e+02,Adam,3,recovery_after,5,5,0.985853013363033,0.9798485135840053,0.9918575131420607,0.9858435331718374,0.9798616716464111,0.9918619127776669,5,-0.01654295691521899,-0.023478596683372665,-0.009607317147065312
setting_source_horizon,MatrixSensing,Matrix sensing kappa=1e+02,Adam,10,loss_after,5,5,0.16798497557662778,0.14995724187017687,0.1860127092830787,0.16748478925331148,0.15046023123916183,0.18643567406617806,5,-0.0005287738365511441,-0.0006109778329298455,-0.0004465698401724427
setting_source_horizon,MatrixSensing,Matrix sensing kappa=1e+02,Adam,10,total_decrease,5,5,1.1187466927015461,1.0957023163339792,1.141791069069113,1.1186245903286878,1.095964099757607,1.1417536161675164,5,0.0005287738365511441,0.000446569840172443,0.0006109778329298451
setting_source_horizon,MatrixSensing,Matrix sensing kappa=1e+02,Adam,10,recovery_after,5,5,0.9812014780691387,0.977144189554039,0.9852587665842384,0.9811971195271251,0.9771445239948552,0.985266522737425,5,-0.02175156134457055,-0.026677779096205192,-0.016825343592935905
setting_source_horizon,MatrixSensing,Matrix sensing kappa=1e+02,Adam,30,loss_after,5,3,0.961184540713963,0.7631230315157898,1.1592460499121362,0.9512051532222164,0.7804337714271932,1.159344042559681,5,-5.898937399607625e-06,-2.9302747438864435e-05,1.750487263964918e-05
setting_source_horizon,MatrixSensing,Matrix sensing kappa=1e+02,Adam,30,total_decrease,5,3,1.0011573893117645,0.9964133639206053,1.0059014147029235,1.0011515458871318,0.9964124151760431,1.0059132168230862,5,5.898937399607604e-06,-1.7504872639649306e-05,2.9302747438864512e-05
setting_source_horizon,MatrixSensing,Matrix sensing kappa=1e+02,Adam,30,recovery_after,5,5,0.986381244767502,0.9809506133250335,0.9918118762099705,0.9863734790597571,0.980953814074074,0.9918230871152726,5,-0.015678971594323476,-0.02206335242338893,-0.009294590765258022
setting_source_horizon,MatrixSensing,Matrix sensing kappa=1e+02,Muon,1,loss_after,5,0,1.4689322285024642,1.206484368859712,1.7313800881452164,1.4570291367050878,1.2216473008814477,1.7377633492709605,5,0.0013591448110314521,0.0007017171409188972,0.002016572481144007
setting_source_horizon,MatrixSensing,Matrix sensing kappa=1e+02,Muon,1,total_decrease,5,0,0.16707640477120517,-0.25667445215770074,0.5908272617001111,0.4033232189380917,0.21775115266258438,0.7470436640427253,3,-0.0013591448110314521,-0.002016572481144007,-0.0007017171409188972
setting_source_horizon,MatrixSensing,Matrix sensing kappa=1e+02,Muon,1,recovery_after,5,0,1.0309300886863213,1.0275041064263515,1.0343560709462911,1.0309271324715357,1.02750509192337,1.0343605699087342,5,0.034914888463774926,0.030982724672501863,0.03884705225504799
setting_source_horizon,MatrixSensing,Matrix sensing kappa=1e+02,Muon,3,loss_after,5,0,2.7184415524885304,2.3737948615068545,3.0630882434702063,2.7075020560770517,2.3927115763768843,3.0637070744488266,5,0.0015064348471369644,0.0013937279119778032,0.0016191417822961256
setting_source_horizon,MatrixSensing,Matrix sensing kappa=1e+02,Muon,3,total_decrease,5,0,0.5942047301524503,0.5548917148609053,0.6335177454439954,0.5935042621744023,0.5544528167842316,0.6353061947853007,5,-0.0015064348471369644,-0.0016191417822961256,-0.0013937279119778032
setting_source_horizon,MatrixSensing,Matrix sensing kappa=1e+02,Muon,3,recovery_after,5,0,1.040156331290835,1.0345132839347797,1.0457993786468904,1.0401483867847505,1.0345202595862388,1.0458071328285377,5,0.045736001033752326,0.038575402549199535,0.05289659951830512
setting_source_horizon,MatrixSensing,Matrix sensing kappa=1e+02,Muon,10,loss_after,5,0,10.154542225890083,8.234163299419889,12.074921152360277,10.056954443874119,8.277116103418615,12.219513586910493,5,0.0008090842028198712,0.0007362829360923153,0.0008818854695474271
setting_source_horizon,MatrixSensing,Matrix sensing kappa=1e+02,Muon,10,total_decrease,5,0,0.8203013215802681,0.7975313058196062,0.8430713373409301,0.8201352116761739,0.7974679111817786,0.8434468095830402,5,-0.0008090842028198715,-0.0008818854695474275,-0.0007362829360923155
setting_source_horizon,MatrixSensing,Matrix sensing kappa=1e+02,Muon,10,recovery_after,5,5,0.9931251312536601,0.9879723961965696,0.9982778663107506,0.9931181805807738,0.987971217395175,0.9982919575333807,5,-0.007939397160745232,-0.01378749516901677,-0.002091299152473694
setting_source_horizon,MatrixSensing,Matrix sensing kappa=1e+02,Muon,30,loss_after,5,0,1.2075580467278688,0.9923796870548223,1.4227364064009154,1.1979486370816868,1.0065133029068436,1.4257943068822936,5,1.8021630693255043e-05,2.1241912478898547e-06,3.391907013862023e-05
setting_source_horizon,MatrixSensing,Matrix sensing kappa=1e+02,Muon,30,total_decrease,5,0,0.996091389029691,0.9928001734830356,0.9993826045763463,0.9960885656782971,0.9928013524030624,0.9993866630756079,5,-1.802163069325527e-05,-3.391907013862036e-05,-2.12419124789018e-06
setting_source_horizon,MatrixSensing,Matrix sensing kappa=1e+02,Muon,30,recovery_after,5,5,0.9864930538005279,0.9817414995139413,0.9912446080871145,0.986487093991122,0.9817342545339852,0.9912629432218314,5,-0.015589432299563066,-0.020825955408855013,-0.010352909190271119
setting_source_horizon,MatrixSensing,Matrix sensing kappa=1e+05,Adam,1,loss_after,5,5,0.8942023644668385,0.8062903510385058,0.9821143778951713,0.891952698696753,0.8081664037076374,0.9844255008158317,5,-0.00036247699117542936,-0.0006824670329729482,-4.248694937791049e-05
setting_source_horizon,MatrixSensing,Matrix sensing kappa=1e+05,Adam,1,total_decrease,5,5,1.2921113791371297,0.9857379927496248,1.5984847655246346,1.2739301271977221,1.010039816241202,1.6067663302834085,5,0.00036247699117542936,4.248694937791049e-05,0.0006824670329729482
setting_source_horizon,MatrixSensing,Matrix sensing kappa=1e+05,Adam,1,recovery_after,5,1,1.0089303754302297,1.0024939924867282,1.0153667583737311,1.00891967762713,1.0024842045982831,1.0153964633399226,5,0.01072520338588312,0.0029772345082571747,0.018473172263509065
setting_source_horizon,MatrixSensing,Matrix sensing kappa=1e+05,Adam,3,loss_after,5,5,0.3339890968817418,0.31694310988633567,0.3510350838771479,0.3337583287784071,0.3168774789543796,0.35153846337243994,5,-0.0015260179919229242,-0.0016138944497319106,-0.0014381415341139377
setting_source_horizon,MatrixSensing,Matrix sensing kappa=1e+05,Adam,3,total_decrease,5,5,1.6284042922398114,1.5806724915436403,1.6761360929359825,1.6280451979543171,1.5813906120939596,1.6760761992082878,5,0.001526017991922924,0.0014381415341139375,0.0016138944497319104
setting_source_horizon,MatrixSensing,Matrix sensing kappa=1e+05,Adam,3,recovery_after,5,5,0.9769937489956961,0.9701506326299049,0.9838368653614874,0.97698130483793,0.9701592052084643,0.983851377050766,5,-0.027586199235333675,-0.03566727393003084,-0.019505124540636506
setting_source_horizon,MatrixSensing,Matrix sensing kappa=1e+05,Adam,10,loss_after,5,5,0.1944152466609092,0.18110209643444974,0.20772839688736866,0.19417638100503665,0.18122832315971826,0.20804952715356662,5,-0.0005564440622183867,-0.0006311311892846217,-0.00048175693515215175
setting_source_horizon,MatrixSensing,Matrix sensing kappa=1e+05,Adam,10,total_decrease,5,5,1.1385093422295551,1.1145150055321107,1.1625036789269996,1.1383786972717933,1.1147136256688084,1.1625461720042265,5,0.0005564440622183866,0.0004817569351521518,0.0006311311892846213
setting_source_horizon,MatrixSensing,Matrix sensing kappa=1e+05,Adam,10,recovery_after,5,5,0.9731004262642916,0.9697743429210743,0.9764265096075089,0.9730974752570075,0.9697761406896196,0.9764301848859644,5,-0.031842171218530654,-0.03549652360089534,-0.028187818836165963
setting_source_horizon,MatrixSensing,Matrix sensing kappa=1e+05,Adam,30,loss_after,5,0,1.209105248704148,1.066656376851868,1.351554120556428,1.2047878017458122,1.0715495276567626,1.3545931473738222,5,2.389475772325038e-05,9.088076626823793e-06,3.870143881967697e-05
setting_source_horizon,MatrixSensing,Matrix sensing kappa=1e+05,Adam,30,total_decrease,5,0,0.9947874249412679,0.9914938973722067,0.9980809525103291,0.9947845944384217,0.9914955380138452,0.9980845615446396,5,-2.3894757723250635e-05,-3.870143881967697e-05,-9.088076626824301e-06
setting_source_horizon,MatrixSensing,Matrix sensing kappa=1e+05,Adam,30,recovery_after,5,5,0.9788926230976257,0.9750957904965538,0.9826894556986976,0.9788888010206638,0.975098721791708,0.9826936117842229,5,-0.024841482482608424,-0.029138499392796186,-0.02054446557242066
setting_source_horizon,MatrixSensing,Matrix sensing kappa=1e+05,Muon,1,loss_after,5,0,1.8883630221939043,1.578374102556289,2.1983519418315196,1.8752609821599142,1.5922587399872092,2.208563007316019,5,0.0021904200111985466,0.0015681487627141266,0.002812691259682967
setting_source_horizon,MatrixSensing,Matrix sensing kappa=1e+05,Muon,1,total_decrease,5,0,-0.4598610665430898,-0.8987790882080793,-0.020943044878100225,,,,0,-0.0021904200111985466,-0.002812691259682967,-0.0015681487627141266
setting_source_horizon,MatrixSensing,Matrix sensing kappa=1e+05,Muon,1,recovery_after,5,0,1.0400013538710375,1.0354461749241324,1.0445565328179427,1.0399961703216776,1.0354466384458354,1.0445656918710777,5,0.04595773110486161,0.04039003618636011,0.0515254260233631
setting_source_horizon,MatrixSensing,Matrix sensing kappa=1e+05,Muon,3,loss_after,5,0,3.3819573059981245,3.0103519827034186,3.7535626292928304,3.37141619785942,3.021492433757993,3.7618651803313647,5,0.0015729613589288397,0.0014679574008467726,0.0016779653170109067
setting_source_horizon,MatrixSensing,Matrix sensing kappa=1e+05,Muon,3,total_decrease,5,0,0.5279525952884139,0.4964560189077412,0.5594491716690866,0.5274477978158668,0.49610938414473027,0.5607658075253172,5,-0.0015729613589288397,-0.0016779653170109065,-0.0014679574008467729
setting_source_horizon,MatrixSensing,Matrix sensing kappa=1e+05,Muon,3,recovery_after,5,0,1.0401224998536824,1.03408917235587,1.0461558273514948,1.040113416748474,1.0340964796478251,1.0461653636695658,5,0.04660617567723411,0.03911868590944324,0.054093665445024974
setting_source_horizon,MatrixSensing,Matrix sensing kappa=1e+05,Muon,10,loss_after,5,0,7.01808445699122,6.355593008373915,7.680575905608525,7.002307854840211,6.3835536675849545,7.6810375297599665,5,0.0007707650282163407,0.0006907555622233274,0.000850774494209354
setting_source_horizon,MatrixSensing,Matrix sensing kappa=1e+05,Muon,10,total_decrease,5,0,0.8000181528386016,0.7687497630652311,0.831286542611972,0.799701857293202,0.7691015572267941,0.831519653742702,5,-0.0007707650282163408,-0.0008507744942093542,-0.0006907555622233274
setting_source_horizon,MatrixSensing,Matrix sensing kappa=1e+05,Muon,10,recovery_after,5,4,0.9949448310242742,0.9897344628488911,1.0001551991996573,0.9949377517720255,0.9897414593731175,1.0001613254921706,5,-0.005952384350457774,-0.01203646886761274,0.00013170016669719273
setting_source_horizon,MatrixSensing,Matrix sensing kappa=1e+05,Muon,30,loss_after,5,5,0.8406746889261927,0.7232340739526757,0.9581153038997097,0.8365096948745074,0.7288986059634693,0.9600079680411836,5,-2.226014836380187e-05,-3.9662360133441556e-05,-4.857936594162179e-06
setting_source_horizon,MatrixSensing,Matrix sensing kappa=1e+05,Muon,30,total_decrease,5,5,1.0058797255824252,1.0012202647844801,1.0105391863803703,1.0058741192687062,1.0012218125438719,1.0105480435388146,5,2.2260148363801876e-05,4.857936594162033e-06,3.966236013344172e-05
setting_source_horizon,MatrixSensing,Matrix sensing kappa=1e+05,Muon,30,recovery_after,5,5,0.9877203288351465,0.9828902080519529,0.99255044961834,0.9877142037496519,0.9828981129496152,0.9925538928558494,5,-0.014465241898896152,-0.020034728686787184,-0.008895755111005118
setting_source_horizon,SmallMLPDigits,Small MLP digits hidden=16,Adam,1,loss_after,5,0,1.0039563514619234,1.0016765510691084,1.0062361518547385,1.0039550077145882,1.0016772436244206,1.0062379513266861,5,0.008998734079676485,0.0038415979760522082,0.014155870183300763
setting_source_horizon,SmallMLPDigits,Small MLP digits hidden=16,Adam,1,total_decrease,5,0,0.03417492710647691,-0.6770212780682772,0.7453711322812311,0.2576763138329352,0.11695320388703223,0.5677235039637201,4,-0.008998734079676485,-0.014155870183300763,-0.0038415979760522082
setting_source_horizon,SmallMLPDigits,Small MLP digits hidden=16,Adam,1,recovery_after,5,1,1.1021244503595344,0.9295651737823047,1.2746837269367641,1.0946302322640553,0.9280284667902292,1.2911407227956329,5,0.058984375,-0.049985871015146545,0.16795462101514655
setting_source_horizon,SmallMLPDigits,Small MLP digits hidden=16,Adam,3,loss_after,5,0,1.0190811438186738,1.0131867266809742,1.0249755609563733,1.0190722752192074,1.0131839217504557,1.0249948502205246,5,0.04261764672112367,0.02972760275474727,0.05550769068750007
setting_source_horizon,SmallMLPDigits,Small MLP digits hidden=16,Adam,3,total_decrease,5,0,0.17713976660128816,0.11389631312530486,0.24038322007727148,0.1715478437338713,0.1210449936127753,0.24312168402340906,5,-0.04261764672112367,-0.05550769068750007,-0.02972760275474727
setting_source_horizon,SmallMLPDigits,Small MLP digits hidden=16,Adam,3,recovery_after,5,2,1.0579285508736664,0.8643311535208581,1.2515259482264747,1.0490982993025644,0.8778940141043183,1.2536903360964824,5,0.0310546875,-0.08080360026513632,0.14291297526513633
setting_source_horizon,SmallMLPDigits,Small MLP digits hidden=16,Adam,10,loss_after,5,0,1.1239668359005908,1.0828920542753138,1.1650416175258678,1.1235770201664073,1.0832278019870603,1.1654292088240767,5,0.24726979222476975,0.17476969741279444,0.319769887036745
setting_source_horizon,SmallMLPDigits,Small MLP digits hidden=16,Adam,10,total_decrease,5,0,0.11829584675733193,0.10274073216504703,0.13385096134961683,0.11774669487533383,0.10285535993690252,0.13479398800966844,5,-0.24726979222476975,-0.319769887036745,-0.17476969741279444
setting_source_horizon,SmallMLPDigits,Small MLP digits hidden=16,Adam,10,recovery_after,5,3,0.9654999093075896,0.7768374296916913,1.1541623889234878,0.9554063639722549,0.7788437405173323,1.1719954502200578,5,-0.0234375,-0.1342647894734912,0.0873897894734912
setting_source_horizon,SmallMLPDigits,Small MLP digits hidden=16,Adam,30,loss_after,5,0,1.9272831528915966,1.6458110644509414,2.208755241332252,1.917396646858704,1.6698868253067864,2.201592255037753,5,1.0180962179150441,0.8758853572825925,1.1603070785474958
setting_source_horizon,SmallMLPDigits,Small MLP digits hidden=16,Adam,30,total_decrease,5,0,0.12826559190661957,0.11743320219703741,0.13909798161620174,0.1280250835117753,0.11755093990179794,0.13943250493692017,5,-1.0180962179150441,-1.1603070785474958,-0.8758853572825925
setting_source_horizon,SmallMLPDigits,Small MLP digits hidden=16,Adam,30,recovery_after,5,0,1.2817366656613136,0.9761485490511155,1.5873247822715117,1.2637647762230935,1.0033687506438678,1.591739237042549,5,0.061328125,0.009412433210762731,0.11324381678923726
setting_source_horizon,SmallMLPDigits,Small MLP digits hidden=16,Muon,1,loss_after,5,5,0.998277872539105,0.9972339956820454,0.9993217493961647,0.9982775893197858,0.9972342986522132,0.9993219714614668,5,-0.0039597839674122785,-0.006359718718175211,-0.0015598492166493463
setting_source_horizon,SmallMLPDigits,Small MLP digits hidden=16,Muon,1,total_decrease,5,5,4.489282718949764,2.935867496800867,6.042697941098661,4.348742660719515,3.0576568629976597,6.184985293157247,5,0.0039597839674122785,0.0015598492166493463,0.006359718718175211
setting_source_horizon,SmallMLPDigits,Small MLP digits hidden=16,Muon,1,recovery_after,5,1,1.5640528859122624,1.0348145242715154,2.0932912475530094,1.5127933369911049,1.0443999596066895,2.1912521724977134,5,0.23203125,0.029354266742807417,0.43470823325719254
setting_source_horizon,SmallMLPDigits,Small MLP digits hidden=16,Muon,3,loss_after,5,5,0.9886740599005792,0.9867174572317439,0.9906306625694146,0.9886730552565193,0.9867185173427032,0.9906314648099058,5,-0.026010342035208377,-0.030500862125830638,-0.021519821944586116
setting_source_horizon,SmallMLPDigits,Small MLP digits hidden=16,Muon,3,total_decrease,5,5,7.517801815159404,6.396898348794516,8.638705281524292,7.472774029021649,6.407235256704577,8.715514485032623,5,0.026010342035208377,0.021519821944586116,0.030500862125830638
setting_source_horizon,SmallMLPDigits,Small MLP digits hidden=16,Muon,3,recovery_after,5,0,1.7417164607322548,1.2169955461858843,2.2664373752786253,1.7066117112472152,1.3028048936215693,2.2355792085412296,5,0.2841796875,0.1282029824459079,0.4401563925540921
setting_source_horizon,SmallMLPDigits,Small MLP digits hidden=16,Muon,10,loss_after,5,5,0.9002171633557932,0.8884872496899261,0.9119470770216602,0.9001777598480646,0.8885802066329288,0.9119266817742903,5,-0.22761300052802538,-0.25424376927203574,-0.20098223178401503
setting_source_horizon,SmallMLPDigits,Small MLP digits hidden=16,Muon,10,total_decrease,5,5,12.726257451518553,12.019005165322508,13.433509737714598,12.715954304878746,12.023168907076391,13.448658596869278,5,0.22761300052802538,0.20098223178401503,0.25424376927203574
setting_source_horizon,SmallMLPDigits,Small MLP digits hidden=16,Muon,10,recovery_after,5,0,1.6656396240183864,1.4524413462707688,1.878837901766004,1.6589258215268108,1.466672302287381,1.8763802091553834,5,0.2072265625,0.10025130620114799,0.314201818798852
setting_source_horizon,SmallMLPDigits,Small MLP digits hidden=16,Muon,30,loss_after,5,5,0.42676608786390047,0.38354612332626464,0.4699860524015363,0.42557441034543386,0.3831129321806682,0.4727420129358992,5,-1.2515464600642363,-1.3439585430495964,-1.1591343770788762
setting_source_horizon,SmallMLPDigits,Small MLP digits hidden=16,Muon,30,total_decrease,5,5,11.68084066603165,11.168720898593483,12.192960433469816,11.67502628541042,11.17484246828145,12.1975982347773,5,1.2515464600642363,1.1591343770788762,1.3439585430495964
setting_source_horizon,SmallMLPDigits,Small MLP digits hidden=16,Muon,30,recovery_after,5,1,1.1690256799234702,0.8266412984312655,1.511410061415675,1.1416775881288697,0.8392125807797282,1.5531555950039666,5,0.0154296875,-0.03775860227041067,0.06861797727041066
setting_source_horizon,SmallMLPDigits,Small MLP digits hidden=64,Adam,1,loss_after,5,0,1.0187492323149776,1.0142751359506823,1.023223328679273,1.0187441330184552,1.0142793331477262,1.0232285866839863,5,0.04119407722525725,0.031628629022610905,0.0507595254279036
setting_source_horizon,SmallMLPDigits,Small MLP digits hidden=64,Adam,1,total_decrease,5,0,0.14580805937872127,0.06659955765481486,0.2250165611026277,0.13664725132710778,0.08447452253210949,0.2210426378930546,5,-0.04119407722525725,-0.0507595254279036,-0.031628629022610905
setting_source_horizon,SmallMLPDigits,Small MLP digits hidden=64,Adam,1,recovery_after,5,3,1.039553299523989,0.7764315664658321,1.3026750325821457,1.021889651828905,0.7886005923175449,1.324191828776246,5,0.0130859375,-0.1489288144287342,0.17510068942873422
setting_source_horizon,SmallMLPDigits,Small MLP digits hidden=64,Adam,3,loss_after,5,0,1.0804137768153037,1.0610176378456995,1.099809915784908,1.0803230510156265,1.0610420079637284,1.099954465323685,5,0.16520189586504969,0.1290986472877333,0.20130514444236608
setting_source_horizon,SmallMLPDigits,Small MLP digits hidden=64,Adam,3,total_decrease,5,0,0.1098314763909058,0.06843613027601379,0.15122682250579783,0.10484421111615508,0.06690870427194136,0.16428817033867743,5,-0.16520189586504969,-0.20130514444236608,-0.1290986472877333
setting_source_horizon,SmallMLPDigits,Small MLP digits hidden=64,Adam,3,recovery_after,5,1,1.2471572960855501,0.8153438312943072,1.6789707608767932,1.2054602320807193,0.8323825117140169,1.7457531251297573,5,0.1025390625,-0.10741075191466887,0.31248887691466887
setting_source_horizon,SmallMLPDigits,Small MLP digits hidden=64,Adam,10,loss_after,5,0,1.5517478764569461,1.5173778374936302,1.586117915420262,1.551550337592577,1.5175596911370444,1.5863023142634631,5,0.7775063856955967,0.7511266832191222,0.8038860881720712
setting_source_horizon,SmallMLPDigits,Small MLP digits hidden=64,Adam,10,total_decrease,5,0,0.07066036839877161,0.06451594631895835,0.07680479047858488,0.07052192215590429,0.0646505450615516,0.07692652087973077,5,-0.7775063856955967,-0.8038860881720712,-0.7511266832191222
setting_source_horizon,SmallMLPDigits,Small MLP digits hidden=64,Adam,10,recovery_after,5,0,1.9883171777307935,1.505638032499721,2.470996322961866,1.9585824072720888,1.5400800956122085,2.4908087942989976,5,0.251171875,0.14498614531162274,0.35735760468837724
setting_source_horizon,SmallMLPDigits,Small MLP digits hidden=64,Adam,30,loss_after,5,0,4.979117581112473,4.274283074845769,5.683952087379177,4.953730075921247,4.307790417641559,5.696526359451267,5,1.6096816308100792,1.5516212104316527,1.6677420511885057
setting_source_horizon,SmallMLPDigits,Small MLP digits hidden=64,Adam,30,total_decrease,5,0,0.12401373623440878,0.11816576241015021,0.12986171005866734,0.1239430884832737,0.11828595572445098,0.12987077873013414,5,-1.6096816308100792,-1.6677420511885057,-1.5516212104316527
setting_source_horizon,SmallMLPDigits,Small MLP digits hidden=64,Adam,30,recovery_after,5,0,2.137679392250363,1.4120036899489263,2.8633550945518,2.0644367570281807,1.4093631013475627,3.0239894316049685,5,0.1236328125,0.04298709211263614,0.20427853288736386
setting_source_horizon,SmallMLPDigits,Small MLP digits hidden=64,Muon,1,loss_after,5,5,0.9945773319022033,0.992479104483839,0.9966755593205676,0.9945761834930495,0.9924804157188045,0.9966763767879336,5,-0.01245486977283088,-0.017272815057347693,-0.007636924488314068
setting_source_horizon,SmallMLPDigits,Small MLP digits hidden=64,Muon,1,total_decrease,5,5,8.65192587443165,6.007700555166201,11.296151193697098,8.410657284765287,5.963785592371751,11.861451902673615,5,0.01245486977283088,0.007636924488314068,0.017272815057347693
setting_source_horizon,SmallMLPDigits,Small MLP digits hidden=64,Muon,1,recovery_after,5,1,1.7528895892054481,1.0796623965059846,2.426116781904912,1.675870919172708,1.0868043195169954,2.5842217290569542,5,0.3064453125,0.054565224895810616,0.5583254001041894
setting_source_horizon,SmallMLPDigits,Small MLP digits hidden=64,Muon,3,loss_after,5,5,0.9636052977276457,0.9530761278068046,0.9741344676484868,0.9635754629860677,0.9531085777955489,0.974157293827212,5,-0.08344346095335045,-0.10754692353956721,-0.05933999836713368
setting_source_horizon,SmallMLPDigits,Small MLP digits hidden=64,Muon,3,total_decrease,5,5,15.899160367069376,12.837502281003081,18.960818453135673,15.730150929284953,12.770947813015741,19.375041843480382,5,0.08344346095335045,0.05933999836713368,0.10754692353956721
setting_source_horizon,SmallMLPDigits,Small MLP digits hidden=64,Muon,3,recovery_after,5,0,1.9764955023304895,1.6589523714476755,2.2940386332133036,1.9634757961695983,1.6747698648888385,2.301950424931802,5,0.3087890625,0.22106436486892866,0.3965137601310713
setting_source_horizon,SmallMLPDigits,Small MLP digits hidden=64,Muon,10,loss_after,5,5,0.7050784081534134,0.6853179974190448,0.724838818887782,0.7049327363041309,0.6852515105724442,0.725179229883207,5,-0.6706625417623787,-0.7153172232025959,-0.6260078603221615
setting_source_horizon,SmallMLPDigits,Small MLP digits hidden=64,Muon,10,total_decrease,5,5,28.489195087647374,26.955135699332157,30.02325447596259,28.467371773114706,26.954890446206786,30.06472080775123,5,0.6706625417623787,0.6260078603221615,0.7153172232025959
setting_source_horizon,SmallMLPDigits,Small MLP digits hidden=64,Muon,10,recovery_after,5,0,1.345931551523342,0.9697077452553757,1.7221553577913085,1.3184724437569284,0.9935945600748602,1.7495763914160247,5,0.06875,-0.005722369274788017,0.14322236927478804
setting_source_horizon,SmallMLPDigits,Small MLP digits hidden=64,Muon,30,loss_after,5,5,0.17868319682980277,0.14506836218125588,0.21229803147834966,0.17695369637756425,0.14541058173121418,0.21533928472663252,5,-1.7785921952251873,-1.8481164153767735,-1.709067975073601
setting_source_horizon,SmallMLPDigits,Small MLP digits hidden=64,Muon,30,total_decrease,5,5,14.39408352391454,13.924176175747027,14.863990872082054,14.390052335890386,13.923471571456773,14.872268397068941,5,1.7785921952251873,1.709067975073601,1.8481164153767735
setting_source_horizon,SmallMLPDigits,Small MLP digits hidden=64,Muon,30,recovery_after,5,4,0.7805957036206805,0.5126109624678571,1.048580444773504,0.7578144049824773,0.5420504875449554,1.0594634366993676,5,-0.0376953125,-0.0848266586539473,0.009436033653947296
source_horizon_all_settings,All,All,Adam,1,loss_after,30,7,1.1363805894876076,1.055010927779674,1.2177502511955411,1.1156672978086797,1.0381770621528401,1.198941456882694,30,0.008335461075879595,0.0027310994819447435,0.013939822669814446
source_horizon_all_settings,All,All,Adam,1,total_decrease,30,7,0.4521851780919446,0.2552331151719629,0.6491372410119263,0.3094350935472361,0.2121473622480148,0.45133758017998993,29,-0.008335461075879595,-0.013939822669814446,-0.0027310994819447435
source_horizon_all_settings,All,All,Adam,1,recovery_after,30,5,1.0863386096134449,1.0436470870185426,1.1290301322083471,1.0796813047787193,1.0344977327690166,1.1268383515625922,30,0.059360664230289455,0.031492236182998776,0.08722909227758013
source_horizon_all_settings,All,All,Adam,3,loss_after,30,10,1.3319246451691111,0.972405840689393,1.6914434496488293,0.9744576357038229,0.7119770340320472,1.3337054966561503,30,0.034133538087769186,0.011655542775426186,0.056611533400112185
source_horizon_all_settings,All,All,Adam,3,total_decrease,30,10,0.6646174971955454,0.41739167273173416,0.9118433216593567,0.3668114825723417,0.2418640872266636,0.5563069130673577,30,-0.034133538087769186,-0.056611533400112185,-0.011655542775426186
source_horizon_all_settings,All,All,Adam,3,recovery_after,30,13,1.2477460190460656,1.1333585340789183,1.362133504013213,1.2096126642648113,1.1009801695931833,1.3289638069416452,30,0.11588546811181437,0.05885580469498106,0.17291513152864768
source_horizon_all_settings,All,All,Adam,10,loss_after,30,10,2.13979185367038,1.3628911148270202,2.9166925925137397,1.0403707979125365,0.6211449997546132,1.7425422366384091,30,0.17062690889854584,0.06618505849181272,0.27506875930527896
source_horizon_all_settings,All,All,Adam,10,total_decrease,30,10,0.623798136965037,0.46939851451214754,0.7781977594179266,0.4049619194903862,0.26755125446940614,0.6129448227128024,30,-0.17062690889854584,-0.27506875930527896,-0.06618505849181272
source_horizon_all_settings,All,All,Adam,10,recovery_after,30,13,1.5502390201775347,1.3238930356904044,1.776585004664665,1.427919526649853,1.223568147693436,1.6664001743030001,30,0.13433888923877807,0.07211622150734529,0.19656155697021085
source_horizon_all_settings,All,All,Adam,30,loss_after,30,10,1.7862465933172724,1.235566085081066,2.3369271015534787,1.341565859323872,1.016214774558184,1.7710812713640098,30,0.43796583955960516,0.20354824541870434,0.672383433700506
source_horizon_all_settings,All,All,Adam,30,total_decrease,30,10,0.7092028922622152,0.5591303494020761,0.8592754351223544,0.5015273257593964,0.3459997200374014,0.7269649190935247,30,-0.43796583955960516,-0.672383433700506,-0.20354824541870434
source_horizon_all_settings,All,All,Adam,30,recovery_after,30,18,1.1760631654150657,0.9852270199179474,1.366899310912184,1.0877411526874474,0.9427833851854049,1.2549869183546718,30,0.01787647026133521,-0.005349275287414062,0.04110221581008448
source_horizon_all_settings,All,All,Muon,1,loss_after,30,20,1.1966186927559341,1.0574201306452304,1.3358172548666378,1.1463822006254278,1.030626813115459,1.2751387147964413,30,-0.002148297066089496,-0.004058217563154342,-0.0002383765690246501
source_horizon_all_settings,All,All,Muon,1,total_decrease,30,20,7.88525809907517,5.158422852438765,10.612093345711575,6.660400223768314,3.8733285950985454,11.452922222222247,23,0.002148297066089496,0.0002383765690246501,0.004058217563154342
source_horizon_all_settings,All,All,Muon,1,recovery_after,30,12,1.2179327277123446,1.0703480286679041,1.3655174267567851,1.1653229068364843,1.0475730036523572,1.2963082023527266,30,0.08994442033838004,0.03049658431478395,0.14939225636197614
source_horizon_all_settings,All,All,Muon,3,loss_after,30,20,1.4952007429459564,1.07813619357536,1.9122652923165528,1.1048996780080085,0.8211383873365089,1.4867205300461808,30,-0.017754796891044353,-0.02932625112626894,-0.0061833426558197645
source_horizon_all_settings,All,All,Muon,3,total_decrease,30,20,13.348262482236585,9.06310100502833,17.63342395944484,5.4990625358884655,2.9070213197028902,10.402293429586097,30,0.017754796891044353,0.0061833426558197645,0.02932625112626894
source_horizon_all_settings,All,All,Muon,3,recovery_after,30,10,1.2005685795161172,1.0102927424908679,1.3908444165413665,1.10142242209889,0.9436826826764152,1.2855288903485824,30,0.016453156374065733,-0.07385069207253088,0.10675700482066235
source_horizon_all_settings,All,All,Muon,10,loss_after,30,20,3.1786290305483247,1.7285518559207311,4.628706205175918,0.9910441046434734,0.5255795459278275,1.8687340954540401,30,-0.14948480503498518,-0.23973562271626975,-0.059233987353700626
source_horizon_all_settings,All,All,Muon,10,total_decrease,30,20,9.23225117036496,5.762367943675231,12.702134397054689,4.577224674798623,2.7621778595544733,7.584951726086407,30,0.14948480503498518,0.059233987353700626,0.23973562271626975
source_horizon_all_settings,All,All,Muon,10,recovery_after,30,19,0.9602518310897292,0.7832616544580111,1.1372420077214473,0.8233788979822937,0.6596876008866435,1.0276876641782318,30,-0.1477884048438792,-0.2616865709036695,-0.03389023878408891
source_horizon_all_settings,All,All,Muon,30,loss_after,30,19,0.7773566107800832,0.620235846169113,0.9344773753910535,0.6309849621966365,0.4820181507948776,0.8259896891055452,30,-0.5050239081467367,-0.7710907026618795,-0.2389571136315939
source_horizon_all_settings,All,All,Muon,30,total_decrease,30,19,5.013556983804056,2.9276077351100898,7.0995062324980225,2.351499199529069,1.4859181684895169,3.7213008109368584,30,0.5050239081467367,0.2389571136315939,0.7710907026618795
source_horizon_all_settings,All,All,Muon,30,recovery_after,30,21,0.9629448983655546,0.8859265321931586,1.0399632645379506,0.938457687960011,0.8592019606122362,1.0250242346557177,30,-0.013747674320293854,-0.025433559744329856,-0.0020617888962578493
horizon_all,All,All,All,1,loss_after,60,27,1.166499641121771,1.0861988055196246,1.2468004767239174,1.1309204799753776,1.0624802167401417,1.2037693614210119,60,0.0030935820048950493,-0.00013205267495153272,0.006319216684741631
horizon_all,All,All,All,1,total_decrease,60,27,4.168721638583557,2.5145448566466997,5.822898420520415,1.202638478197676,0.709775894412104,2.0377408145702125,52,-0.0030935820048950493,-0.006319216684741631,0.00013205267495153272
horizon_all,All,All,All,1,recovery_after,60,17,1.1521356686628947,1.0741432205384565,1.230128116787333,1.12168505229487,1.0600118998972237,1.1869464452839966,60,0.07465254228433474,0.04187093423815703,0.10743415033051246
horizon_all,All,All,All,3,loss_after,60,30,1.4135626940575337,1.1397956826192248,1.6873297054958425,1.0376309208584713,0.8409604461956621,1.2802955629985644,60,0.008189370598362413,-0.005984838061476039,0.022363579258200865
horizon_all,All,All,All,3,total_decrease,60,30,7.006439989716066,4.333130976571643,9.67974900286049,1.4202532455682926,0.8523021239284986,2.3666716589298202,60,-0.008189370598362413,-0.022363579258200865,0.005984838061476039
horizon_all,All,All,All,3,recovery_after,60,23,1.2241572992810914,1.113931510955488,1.3343830876066949,1.1542506272365807,1.0563694887743686,1.2612012412643683,60,0.06616931224294005,0.011723071072879475,0.12061555341300062
horizon_all,All,All,All,10,loss_after,60,30,2.659210442109352,1.8329694513217083,3.485451432896996,1.015407970184618,0.6829976349618041,1.5096001700973771,60,0.01057105193178034,-0.06911973136968923,0.09026183523324992
horizon_all,All,All,All,10,total_decrease,60,30,4.928024653665,2.8856852854712027,6.970364021858797,1.3614704147520833,0.8703386093916786,2.1297477444333777,60,-0.01057105193178034,-0.09026183523324992,0.06911973136968923
horizon_all,All,All,All,10,recovery_after,60,32,1.255245425633632,1.0941373916613528,1.4163534596059113,1.0843056793452455,0.9338580965404812,1.258990858049908,60,-0.006724757802550568,-0.08044989769219037,0.06700038208708924
horizon_all,All,All,All,30,loss_after,60,29,1.2818016020486778,0.9700916337865451,1.5935115703108105,0.92005863021319,0.7444378512786461,1.1371102121900571,60,-0.03352903429356579,-0.2465497546025359,0.1794916860154043
horizon_all,All,All,All,30,total_decrease,60,29,2.8613799380331364,1.6881436917150114,4.034616184351261,1.0859747257948387,0.7652836248050643,1.5410510127739645,60,0.03352903429356579,-0.1794916860154043,0.2465497546025359
horizon_all,All,All,All,30,recovery_after,60,39,1.0695040318903102,0.9639225424814833,1.1750855212991371,1.0103460037284353,0.9291807080963862,1.0986012068000548,60,0.002064397970520679,-0.011441666658272955,0.015570462599314312
all,All,All,All,All,loss_after,240,116,1.6302685948343338,1.3874789970624686,1.873058192606199,1.0232523749372786,0.9051090067234397,1.1568169303774376,240,-0.002918757439632,-0.05958113383342943,0.053743618954165434
all,All,All,All,All,total_decrease,240,116,4.741141554999439,3.7468686759535412,5.735414434045337,1.262662479969273,1.0078372781805296,1.5819186021779315,232,0.002918757439632,-0.053743618954165434,0.05958113383342943
all,All,All,All,All,recovery_after,240,111,1.1752606063669822,1.1161210805709867,1.2344001321629776,1.0913102343495926,1.0385542754726649,1.1467460639494609,240,0.03404037367381123,0.009190049049379072,0.05889069829824338
