scan,claim_boundary,source_id,family,setting_id,setting_values,metric_id,metric_role,estimate,ci95_low,ci95_high,boundary_status,interpretation
ratio,component_metric_boundary,cifar100_resnet_fc_condition_scatter,cifar100_lt_resnet18_fc_only,cifar100_resnet_fc_condition_scatter::warmup_steps=250,warmup_steps=250,true_logit_delta,component_true_class_logit_drift,1.9882220138681792,1.574545445728418,2.510582839735873,spectral_worse,ratio_ci_strictly_above_one
ratio,component_metric_boundary,cifar100_resnet_fc_condition_scatter,cifar100_lt_resnet18_fc_only,cifar100_resnet_fc_condition_scatter::warmup_steps=500,warmup_steps=500,true_logit_delta,component_true_class_logit_drift,1.5205845791125427,1.1032477650648445,2.0957916575511653,spectral_worse,ratio_ci_strictly_above_one
ratio,component_metric_boundary,digits_checkpoint_sweep,sklearn_digits_mlp,digits_checkpoint_sweep::warmup_steps=120,warmup_steps=120,true_logit_delta,component_true_class_logit_drift,5.455174998701649,2.465362533061756,12.070814684403288,spectral_worse,ratio_ci_strictly_above_one
ratio,component_metric_boundary,digits_checkpoint_sweep,sklearn_digits_mlp,digits_checkpoint_sweep::warmup_steps=160,warmup_steps=160,true_logit_delta,component_true_class_logit_drift,4.985967305023084,2.355062837891963,10.55592639261016,spectral_worse,ratio_ci_strictly_above_one
ratio,component_metric_boundary,digits_checkpoint_sweep,sklearn_digits_mlp,digits_checkpoint_sweep::warmup_steps=20,warmup_steps=20,true_logit_delta,component_true_class_logit_drift,2.6902914440485395,2.187889043474221,3.3080599199070195,spectral_worse,ratio_ci_strictly_above_one
ratio,component_metric_boundary,digits_checkpoint_sweep,sklearn_digits_mlp,digits_checkpoint_sweep::warmup_steps=80,warmup_steps=80,true_logit_delta,component_true_class_logit_drift,1.6795861940586403,1.160419961914504,2.431024866737196,spectral_worse,ratio_ci_strictly_above_one
ratio,component_metric_boundary,digits_checkpoint_sweep,sklearn_digits_mlp,digits_checkpoint_sweep::warmup_steps=40,warmup_steps=40,true_logit_delta,component_true_class_logit_drift,1.5686137404630582,1.162171315064087,2.117199964304593,spectral_worse,ratio_ci_strictly_above_one
ratio,component_metric_boundary,digits_class_partition_sweep,sklearn_digits_mlp,"digits_class_partition_sweep::partition_name=mixed_c;head_classes=0,2,3,5,9;tail_classes=1,4,6,7,8","partition_name=mixed_c;head_classes=0,2,3,5,9;tail_classes=1,4,6,7,8",true_logit_delta,component_true_class_logit_drift,7.276138788316541,3.662763558280969,14.454166867296143,spectral_worse,ratio_ci_strictly_above_one
ratio,component_metric_boundary,digits_class_partition_sweep,sklearn_digits_mlp,"digits_class_partition_sweep::partition_name=even_vs_odd;head_classes=0,2,4,6,8;tail_classes=1,3,5,7,9","partition_name=even_vs_odd;head_classes=0,2,4,6,8;tail_classes=1,3,5,7,9",true_logit_delta,component_true_class_logit_drift,2.020439926972906,1.3926913593847288,2.9311429779457594,spectral_worse,ratio_ci_strictly_above_one
ratio,component_metric_boundary,digits_class_partition_sweep,sklearn_digits_mlp,"digits_class_partition_sweep::partition_name=mixed_a;head_classes=0,1,5,6,7;tail_classes=2,3,4,8,9","partition_name=mixed_a;head_classes=0,1,5,6,7;tail_classes=2,3,4,8,9",true_logit_delta,component_true_class_logit_drift,1.8650449863842624,1.1015615944058572,3.1576925147914165,spectral_worse,ratio_ci_strictly_above_one
ratio,component_metric_boundary,digits_class_partition_sweep,sklearn_digits_mlp,"digits_class_partition_sweep::partition_name=low_vs_high;head_classes=0,1,2,3,4;tail_classes=5,6,7,8,9","partition_name=low_vs_high;head_classes=0,1,2,3,4;tail_classes=5,6,7,8,9",true_logit_delta,component_true_class_logit_drift,1.6795861940586403,1.160419961914504,2.431024866737196,spectral_worse,ratio_ci_strictly_above_one
ratio,component_metric_boundary,digits_one_step,sklearn_digits_mlp,digits_one_step::pooled,pooled,true_logit_delta,component_true_class_logit_drift,1.6795861940586403,1.160419961914504,2.431024866737196,spectral_worse,ratio_ci_strictly_above_one
ratio,component_metric_boundary,digits_rho_sweep,sklearn_digits_mlp,digits_rho_sweep::target_head_gain_fraction=0.08,target_head_gain_fraction=0.08,true_logit_delta,component_true_class_logit_drift,1.6797764352905862,1.1606196750382858,2.4311571940777843,spectral_worse,ratio_ci_strictly_above_one
ratio,component_metric_boundary,digits_rho_sweep,sklearn_digits_mlp,digits_rho_sweep::target_head_gain_fraction=0.04,target_head_gain_fraction=0.04,true_logit_delta,component_true_class_logit_drift,1.6796830573126973,1.1604635243438282,2.431214005298981,spectral_worse,ratio_ci_strictly_above_one
ratio,component_metric_boundary,digits_rho_sweep,sklearn_digits_mlp,digits_rho_sweep::target_head_gain_fraction=0.02,target_head_gain_fraction=0.02,true_logit_delta,component_true_class_logit_drift,1.6795861940586403,1.160419961914504,2.431024866737196,spectral_worse,ratio_ci_strictly_above_one
ratio,component_metric_boundary,digits_rho_sweep,sklearn_digits_mlp,digits_rho_sweep::target_head_gain_fraction=0.005,target_head_gain_fraction=0.005,true_logit_delta,component_true_class_logit_drift,1.6792860333549888,1.1602779936866698,2.4304533888993736,spectral_worse,ratio_ci_strictly_above_one
ratio,component_metric_boundary,digits_rho_sweep,sklearn_digits_mlp,digits_rho_sweep::target_head_gain_fraction=0.01,target_head_gain_fraction=0.01,true_logit_delta,component_true_class_logit_drift,1.6792677546660448,1.1602726262626142,2.430411722238528,spectral_worse,ratio_ci_strictly_above_one
secondary_outcome,secondary_outcome_tradeoff,cifar100_resnet_checkpoint_sweep,cifar100_lt_resnet18,cifar100_resnet_checkpoint_sweep::dataset=CIFAR100;model=resnet18_cifar_stem;warmup_steps=2000,dataset=CIFAR100;model=resnet18_cifar_stem;warmup_steps=2000,tail_accuracy_drop,secondary_tail_accuracy_tradeoff,0.00025,3.0865338205020694e-05,0.0004691346617949,spectral_worse,diff_ci_strictly_above_zero
secondary_outcome,secondary_outcome_tradeoff,cifar100_resnet_checkpoint_sweep,cifar100_lt_resnet18,cifar100_resnet_checkpoint_sweep::dataset=CIFAR100;model=resnet18_cifar_stem;warmup_steps=250,dataset=CIFAR100;model=resnet18_cifar_stem;warmup_steps=250,tail_loss_increase,secondary_tail_loss_tradeoff,0.0011423110961914,0.0008174726182883,0.0014671495740944,spectral_worse,diff_ci_strictly_above_zero
secondary_outcome,secondary_outcome_tradeoff,cifar100_resnet_checkpoint_sweep,cifar100_lt_resnet18,cifar100_resnet_checkpoint_sweep::dataset=CIFAR100;model=resnet18_cifar_stem;warmup_steps=500,dataset=CIFAR100;model=resnet18_cifar_stem;warmup_steps=500,tail_loss_increase,secondary_tail_loss_tradeoff,0.0002089977264404,7.468460335573657e-05,0.0003433108495251,spectral_worse,diff_ci_strictly_above_zero
secondary_outcome,secondary_outcome_tradeoff,cifar100_resnet_checkpoint_sweep,cifar100_lt_resnet18,cifar100_resnet_checkpoint_sweep::dataset=CIFAR100;model=resnet18_cifar_stem;warmup_steps=250,dataset=CIFAR100;model=resnet18_cifar_stem;warmup_steps=250,tail_margin_drop,secondary_tail_margin_tradeoff,0.0016026973724365,0.0011541974516513,0.0020511972932217,spectral_worse,diff_ci_strictly_above_zero
secondary_outcome,secondary_outcome_tradeoff,cifar100_resnet_checkpoint_sweep,cifar100_lt_resnet18,cifar100_resnet_checkpoint_sweep::dataset=CIFAR100;model=resnet18_cifar_stem;warmup_steps=500,dataset=CIFAR100;model=resnet18_cifar_stem;warmup_steps=500,tail_margin_drop,secondary_tail_margin_tradeoff,0.0002595901489257,8.221885261261555e-05,0.0004369614452389,spectral_worse,diff_ci_strictly_above_zero
secondary_outcome,secondary_outcome_tradeoff,cifar100_resnet_fc_condition_scatter,cifar100_lt_resnet18_fc_only,cifar100_resnet_fc_condition_scatter::warmup_steps=250,warmup_steps=250,tail_loss_increase,secondary_tail_loss_tradeoff,0.0022366523742675,0.0018671627642354,0.0026061419842996,spectral_worse,diff_ci_strictly_above_zero
secondary_outcome,secondary_outcome_tradeoff,cifar100_resnet_fc_condition_scatter,cifar100_lt_resnet18_fc_only,cifar100_resnet_fc_condition_scatter::warmup_steps=500,warmup_steps=500,tail_loss_increase,secondary_tail_loss_tradeoff,0.0006772518157958,0.0004984515492091,0.0008560520823826,spectral_worse,diff_ci_strictly_above_zero
secondary_outcome,secondary_outcome_tradeoff,cifar100_resnet_fc_condition_scatter,cifar100_lt_resnet18_fc_only,cifar100_resnet_fc_condition_scatter::warmup_steps=250,warmup_steps=250,tail_margin_drop,secondary_tail_margin_tradeoff,0.0035547018051147,0.0029375828323275,0.0041718207779019,spectral_worse,diff_ci_strictly_above_zero
secondary_outcome,secondary_outcome_tradeoff,cifar100_resnet_fc_condition_scatter,cifar100_lt_resnet18_fc_only,cifar100_resnet_fc_condition_scatter::warmup_steps=500,warmup_steps=500,tail_margin_drop,secondary_tail_margin_tradeoff,0.001006269454956,0.0007544532208472,0.0012580856890648,spectral_worse,diff_ci_strictly_above_zero
secondary_outcome,secondary_outcome_tradeoff,cifar100_resnet_imbalance_sweep,cifar100_lt_resnet18,cifar100_resnet_imbalance_sweep::dataset=CIFAR100;model=resnet18_cifar_stem;tail_train_per_class=300;imbalance_ratio=1,dataset=CIFAR100;model=resnet18_cifar_stem;tail_train_per_class=300;imbalance_ratio=1,tail_loss_increase,secondary_tail_loss_tradeoff,0.000633955001831,0.0004146548300508,0.0008532551736112,spectral_worse,diff_ci_strictly_above_zero
secondary_outcome,secondary_outcome_tradeoff,cifar100_resnet_imbalance_sweep,cifar100_lt_resnet18,cifar100_resnet_imbalance_sweep::dataset=CIFAR100;model=resnet18_cifar_stem;tail_train_per_class=300;imbalance_ratio=1,dataset=CIFAR100;model=resnet18_cifar_stem;tail_train_per_class=300;imbalance_ratio=1,tail_margin_drop,secondary_tail_margin_tradeoff,0.0009500583012898,0.0006677243749619,0.0012323922276177,spectral_worse,diff_ci_strictly_above_zero
secondary_outcome,secondary_outcome_tradeoff,digits_checkpoint_sweep,sklearn_digits_mlp,digits_checkpoint_sweep::warmup_steps=20,warmup_steps=20,tail_loss_increase,secondary_tail_loss_tradeoff,0.0057366338678568,0.0049062370401363,0.0065670306955773,spectral_worse,diff_ci_strictly_above_zero
secondary_outcome,secondary_outcome_tradeoff,digits_checkpoint_sweep,sklearn_digits_mlp,digits_checkpoint_sweep::warmup_steps=40,warmup_steps=40,tail_loss_increase,secondary_tail_loss_tradeoff,0.0017377786170917,0.000946083709465,0.0025294735247183,spectral_worse,diff_ci_strictly_above_zero
secondary_outcome,secondary_outcome_tradeoff,digits_checkpoint_sweep,sklearn_digits_mlp,digits_checkpoint_sweep::warmup_steps=120,warmup_steps=120,tail_loss_increase,secondary_tail_loss_tradeoff,0.0014324972224716,0.0004178464861417,0.0024471479588016,spectral_worse,diff_ci_strictly_above_zero
secondary_outcome,secondary_outcome_tradeoff,digits_checkpoint_sweep,sklearn_digits_mlp,digits_checkpoint_sweep::warmup_steps=80,warmup_steps=80,tail_loss_increase,secondary_tail_loss_tradeoff,0.0013986466365935,0.0002379149447671,0.0025593783284198,spectral_worse,diff_ci_strictly_above_zero
secondary_outcome,secondary_outcome_tradeoff,digits_checkpoint_sweep,sklearn_digits_mlp,digits_checkpoint_sweep::warmup_steps=20,warmup_steps=20,tail_margin_drop,secondary_tail_margin_tradeoff,0.0080724717894796,0.0059186714734218,0.0102262721055373,spectral_worse,diff_ci_strictly_above_zero
secondary_outcome,secondary_outcome_tradeoff,digits_checkpoint_sweep,sklearn_digits_mlp,digits_checkpoint_sweep::warmup_steps=120,warmup_steps=120,tail_margin_drop,secondary_tail_margin_tradeoff,0.0022498597414376,0.0006885762826928,0.0038111432001823,spectral_worse,diff_ci_strictly_above_zero
secondary_outcome,secondary_outcome_tradeoff,digits_checkpoint_sweep,sklearn_digits_mlp,digits_checkpoint_sweep::warmup_steps=80,warmup_steps=80,tail_margin_drop,secondary_tail_margin_tradeoff,0.001892420311793,9.141655772597476e-05,0.0036934240658601,spectral_worse,diff_ci_strictly_above_zero
secondary_outcome,secondary_outcome_tradeoff,digits_checkpoint_sweep,sklearn_digits_mlp,digits_checkpoint_sweep::warmup_steps=160,warmup_steps=160,tail_margin_drop,secondary_tail_margin_tradeoff,0.0016714934575991,0.0003781618532576,0.0029648250619405,spectral_worse,diff_ci_strictly_above_zero
secondary_outcome,secondary_outcome_tradeoff,digits_class_partition_sweep,sklearn_digits_mlp,"digits_class_partition_sweep::partition_name=mixed_c;head_classes=0,2,3,5,9;tail_classes=1,4,6,7,8","partition_name=mixed_c;head_classes=0,2,3,5,9;tail_classes=1,4,6,7,8",tail_loss_increase,secondary_tail_loss_tradeoff,0.0023706712152813,0.0014078012446539,0.0033335411859088,spectral_worse,diff_ci_strictly_above_zero
secondary_outcome,secondary_outcome_tradeoff,digits_class_partition_sweep,sklearn_digits_mlp,"digits_class_partition_sweep::partition_name=low_vs_high;head_classes=0,1,2,3,4;tail_classes=5,6,7,8,9","partition_name=low_vs_high;head_classes=0,1,2,3,4;tail_classes=5,6,7,8,9",tail_loss_increase,secondary_tail_loss_tradeoff,0.0013986466365935,0.0002379149447671,0.0025593783284198,spectral_worse,diff_ci_strictly_above_zero
secondary_outcome,secondary_outcome_tradeoff,digits_class_partition_sweep,sklearn_digits_mlp,"digits_class_partition_sweep::partition_name=mixed_b;head_classes=0,3,4,7,9;tail_classes=1,2,5,6,8","partition_name=mixed_b;head_classes=0,3,4,7,9;tail_classes=1,2,5,6,8",tail_loss_increase,secondary_tail_loss_tradeoff,0.0007635064611542,0.0002565065542828,0.0012705063680256,spectral_worse,diff_ci_strictly_above_zero
secondary_outcome,secondary_outcome_tradeoff,digits_class_partition_sweep,sklearn_digits_mlp,"digits_class_partition_sweep::partition_name=mixed_c;head_classes=0,2,3,5,9;tail_classes=1,4,6,7,8","partition_name=mixed_c;head_classes=0,2,3,5,9;tail_classes=1,4,6,7,8",tail_margin_drop,secondary_tail_margin_tradeoff,0.0042250896362459,0.0028839216572495,0.0055662576152422,spectral_worse,diff_ci_strictly_above_zero
secondary_outcome,secondary_outcome_tradeoff,digits_class_partition_sweep,sklearn_digits_mlp,"digits_class_partition_sweep::partition_name=low_vs_high;head_classes=0,1,2,3,4;tail_classes=5,6,7,8,9","partition_name=low_vs_high;head_classes=0,1,2,3,4;tail_classes=5,6,7,8,9",tail_margin_drop,secondary_tail_margin_tradeoff,0.001892420311793,9.141655772597476e-05,0.0036934240658601,spectral_worse,diff_ci_strictly_above_zero
secondary_outcome,secondary_outcome_tradeoff,digits_imbalance_ablation,sklearn_digits_mlp,digits_imbalance_ablation::head_train_per_class=100;tail_train_per_class=10;imbalance_ratio=10,head_train_per_class=100;tail_train_per_class=10;imbalance_ratio=10,tail_loss_increase,secondary_tail_loss_tradeoff,0.0029015009943104,0.00191375241648,0.0038892495721408,spectral_worse,diff_ci_strictly_above_zero
secondary_outcome,secondary_outcome_tradeoff,digits_imbalance_ablation,sklearn_digits_mlp,digits_imbalance_ablation::head_train_per_class=100;tail_train_per_class=20;imbalance_ratio=5,head_train_per_class=100;tail_train_per_class=20;imbalance_ratio=5,tail_loss_increase,secondary_tail_loss_tradeoff,0.0014419617947058,0.0004006618028099,0.0024832617866016,spectral_worse,diff_ci_strictly_above_zero
secondary_outcome,secondary_outcome_tradeoff,digits_imbalance_ablation,sklearn_digits_mlp,digits_imbalance_ablation::head_train_per_class=100;tail_train_per_class=40;imbalance_ratio=2.5,head_train_per_class=100;tail_train_per_class=40;imbalance_ratio=2.5,tail_loss_increase,secondary_tail_loss_tradeoff,0.0013986466365935,0.0002379149447671,0.0025593783284198,spectral_worse,diff_ci_strictly_above_zero
secondary_outcome,secondary_outcome_tradeoff,digits_imbalance_ablation,sklearn_digits_mlp,digits_imbalance_ablation::head_train_per_class=100;tail_train_per_class=10;imbalance_ratio=10,head_train_per_class=100;tail_train_per_class=10;imbalance_ratio=10,tail_margin_drop,secondary_tail_margin_tradeoff,0.0031556958425039,0.0017396515686,0.0045717401164079,spectral_worse,diff_ci_strictly_above_zero
secondary_outcome,secondary_outcome_tradeoff,digits_imbalance_ablation,sklearn_digits_mlp,digits_imbalance_ablation::head_train_per_class=100;tail_train_per_class=40;imbalance_ratio=2.5,head_train_per_class=100;tail_train_per_class=40;imbalance_ratio=2.5,tail_margin_drop,secondary_tail_margin_tradeoff,0.001892420311793,9.141655772597476e-05,0.0036934240658601,spectral_worse,diff_ci_strictly_above_zero
secondary_outcome,secondary_outcome_tradeoff,digits_imbalance_ablation,sklearn_digits_mlp,digits_imbalance_ablation::head_train_per_class=100;tail_train_per_class=20;imbalance_ratio=5,head_train_per_class=100;tail_train_per_class=20;imbalance_ratio=5,tail_margin_drop,secondary_tail_margin_tradeoff,0.0018302929086303,0.0003777656832092,0.0032828201340513,spectral_worse,diff_ci_strictly_above_zero
secondary_outcome,secondary_outcome_tradeoff,digits_one_step,sklearn_digits_mlp,digits_one_step::pooled,pooled,tail_loss_increase,secondary_tail_loss_tradeoff,0.0013986466365935,0.0002379149447671,0.0025593783284198,spectral_worse,diff_ci_strictly_above_zero
secondary_outcome,secondary_outcome_tradeoff,digits_one_step,sklearn_digits_mlp,digits_one_step::pooled,pooled,tail_margin_drop,secondary_tail_margin_tradeoff,0.001892420311793,9.141655772597476e-05,0.0036934240658601,spectral_worse,diff_ci_strictly_above_zero
secondary_outcome,secondary_outcome_tradeoff,digits_rho_sweep,sklearn_digits_mlp,digits_rho_sweep::target_head_gain_fraction=0.08,target_head_gain_fraction=0.08,tail_loss_increase,secondary_tail_loss_tradeoff,0.004871517275682,0.0002640498789113,0.0094789846724526,spectral_worse,diff_ci_strictly_above_zero
secondary_outcome,secondary_outcome_tradeoff,digits_rho_sweep,sklearn_digits_mlp,digits_rho_sweep::target_head_gain_fraction=0.04,target_head_gain_fraction=0.04,tail_loss_increase,secondary_tail_loss_tradeoff,0.0026785340377436,0.0003630431594085,0.0049940249160788,spectral_worse,diff_ci_strictly_above_zero
secondary_outcome,secondary_outcome_tradeoff,digits_rho_sweep,sklearn_digits_mlp,digits_rho_sweep::target_head_gain_fraction=0.02,target_head_gain_fraction=0.02,tail_loss_increase,secondary_tail_loss_tradeoff,0.0013986466365935,0.0002379149447671,0.0025593783284198,spectral_worse,diff_ci_strictly_above_zero
secondary_outcome,secondary_outcome_tradeoff,digits_rho_sweep,sklearn_digits_mlp,digits_rho_sweep::target_head_gain_fraction=0.01,target_head_gain_fraction=0.01,tail_loss_increase,secondary_tail_loss_tradeoff,0.0007140500840372,0.0001329142793213,0.0012951858887531,spectral_worse,diff_ci_strictly_above_zero
secondary_outcome,secondary_outcome_tradeoff,digits_rho_sweep,sklearn_digits_mlp,digits_rho_sweep::target_head_gain_fraction=0.005,target_head_gain_fraction=0.005,tail_loss_increase,secondary_tail_loss_tradeoff,0.000360710876454,6.994126794794049e-05,0.00065148048496,spectral_worse,diff_ci_strictly_above_zero
secondary_outcome,secondary_outcome_tradeoff,digits_rho_sweep,sklearn_digits_mlp,digits_rho_sweep::target_head_gain_fraction=0.04,target_head_gain_fraction=0.04,tail_margin_drop,secondary_tail_margin_tradeoff,0.0036084242892853,9.459993747763188e-06,0.0072073885848228,spectral_worse,diff_ci_strictly_above_zero
secondary_outcome,secondary_outcome_tradeoff,digits_rho_sweep,sklearn_digits_mlp,digits_rho_sweep::target_head_gain_fraction=0.02,target_head_gain_fraction=0.02,tail_margin_drop,secondary_tail_margin_tradeoff,0.001892420311793,9.141655772597476e-05,0.0036934240658601,spectral_worse,diff_ci_strictly_above_zero
secondary_outcome,secondary_outcome_tradeoff,digits_rho_sweep,sklearn_digits_mlp,digits_rho_sweep::target_head_gain_fraction=0.01,target_head_gain_fraction=0.01,tail_margin_drop,secondary_tail_margin_tradeoff,0.0009591778467878,6.101941486593473e-05,0.0018573362787096,spectral_worse,diff_ci_strictly_above_zero
secondary_outcome,secondary_outcome_tradeoff,digits_rho_sweep,sklearn_digits_mlp,digits_rho_sweep::target_head_gain_fraction=0.005,target_head_gain_fraction=0.005,tail_margin_drop,secondary_tail_margin_tradeoff,0.0004883644350459,4.011983840484568e-05,0.000936609031687,spectral_worse,diff_ci_strictly_above_zero
