seed,layer,geometry,head_loss_before,head_loss_after,actual_head_loss_decrease,matched_first_order_head_gain,alignment,step_size,head_gradient_nuclear_rank,tail_activation_stable_rank,condition_score,tail_sandwiched_stable_rank,tail_local_operator_stable_rank,theorem_condition_score,local_operator_condition_score,jvp_tail_drift_sq,scaled_jvp_tail_drift_sq,tail_output_drift_fro,tail_output_drift_rms,tail_loss_before,tail_loss_after,tail_loss_increase,tail_margin_before,tail_margin_after,tail_margin_drop,tail_accuracy_before,tail_accuracy_after,tail_accuracy_drop
0,1,frobenius,0.13614585395803644,0.133485143403063,0.002660710554973439,0.002722917079160729,0.16441933448412366,0.01656080829972982,3.0086681810282387,1.3308486447881307,2.2607140134310426,,4.41287907837009,,0.681792572965652,5514.487345547515,1.5124053482446964,1.2295579268625598,0.02749375106738399,10.643372440842581,10.651246074528949,0.007873633686367398,-9.74673207914018,-9.758772042821583,0.01203996368140281,0.175,0.175,0.0
0,1,spectral,0.13614585395803644,0.1334615118653308,0.002684342092705627,0.002722917079160729,0.2851937688909334,0.009547603686257443,3.0086681810282387,1.3308486447881307,2.2607140134310426,,4.41287907837009,,0.681792572965652,7145.575468983137,0.6513673376648417,0.8069315638312922,0.01804353829916981,10.643372440842581,10.652457139226058,0.009084698383476919,-9.74673207914018,-9.75931621078156,0.01258413164137906,0.175,0.175,0.0
0,2,frobenius,0.13614585395803644,0.13348120108673225,0.002664652871304185,0.002722917079160729,0.4374267825249294,0.006224852221995683,2.558497405919035,1.1504598607042489,2.223891065919381,1.149591773963795,11.504598607042483,2.2255703840828036,0.22238910659193822,14662.147918033425,0.5681404200366097,0.7537509005213745,0.01685438251667476,10.643372440842581,10.647965161731584,0.004592720889002422,-9.74673207914018,-9.754600814297604,0.007868735157423146,0.175,0.175,0.0
0,2,spectral,0.13614585395803644,0.1334700445455254,0.0026758094125110266,0.002722917079160729,0.699677423486887,0.0038916749172652992,2.558497405919035,1.1504598607042489,2.223891065919381,1.149591773963795,11.504598607042483,2.2255703840828036,0.22238910659193822,21523.048092739027,0.32596944017112445,0.5709373347147053,0.012766546913146312,10.643372440842581,10.64909426458594,0.005721823743359167,-9.74673207914018,-9.756616341053288,0.00988426191310765,0.175,0.175,0.0
1,1,frobenius,0.17375050180476015,0.17034731482537221,0.0034031869793879344,0.003475010036095203,0.12577933874252833,0.027627828789977868,3.8857250075703256,1.3318002140127536,2.917648583237962,,4.526945399073947,,0.8583547326117977,1803.2139524699178,1.376387662600034,1.1736934759822966,0.02624458397044432,12.131418609367957,12.138498336762162,0.0070797273942044825,-11.270393048156325,-11.280622623014692,0.010229574858366064,0.185,0.185,0.0
1,1,spectral,0.17375050180476015,0.1703245840253064,0.003425917779453752,0.003475010036095203,0.24793928152275063,0.014015568710020401,3.8857250075703256,1.3318002140127536,2.917648583237962,,4.526945399073947,,0.8583547326117977,2993.876831889182,0.5881056871268218,0.7673461400824456,0.01715838131496425,12.131418609367957,12.138279744168765,0.006861134800807633,-11.270393048156325,-11.279996700537358,0.009603652381033001,0.185,0.185,0.0
1,2,frobenius,0.17375050180476015,0.1703814296176229,0.003369072187137251,0.003475010036095203,0.44005047862432334,0.007896844123334912,2.358499623564314,1.1351893052148965,2.0776267118882337,1.1346692036866697,11.35189305214895,2.0785790395132606,0.20776267118882363,19586.718401097227,1.2214306408602733,1.1051835326587767,0.024712655066383836,12.131418609367957,12.142757628505597,0.01133901913764035,-11.270393048156325,-11.293066973888292,0.022673925731966804,0.185,0.185,0.0
1,2,spectral,0.17375050180476015,0.1703622310315705,0.00338827077318965,0.003475010036095203,0.6758034481195054,0.005142042476647294,2.358499623564314,1.1351893052148965,2.0776267118882337,1.1346692036866697,11.35189305214895,2.0785790395132606,0.20776267118882363,25771.427803726452,0.6814120354198897,0.8254768533519918,0.018458223579476792,12.131418609367957,12.138928038686394,0.007509429318437455,-11.270393048156325,-11.287726357752257,0.017333309595931823,0.185,0.185,0.0
2,1,frobenius,0.08026491851066912,0.07870015775421775,0.0015647607564513721,0.0016052983702133825,0.09513078305759076,0.01687464686632043,3.482099091523035,1.3223439604972238,2.6332778728869504,,4.1784635051076116,,0.8333443829930872,3286.604834222283,0.9358729095387095,0.9675166156803355,0.021634329220217685,11.519087374864712,11.530926259931539,0.011838885066826066,-10.627126084484175,-10.642065193999379,0.014939109515204052,0.185,0.185,0.0
2,1,spectral,0.08026491851066912,0.0786829930251602,0.0015819254855089226,0.0016052983702133825,0.17751768863154882,0.009043033303263084,3.482099091523035,1.3223439604972238,2.6332778728869504,,4.1784635051076116,,0.8333443829930872,4259.207864074971,0.34830290457500646,0.5901708960873523,0.013196622419932842,11.519087374864712,11.52553730053416,0.006449925669446799,-10.627126084484175,-10.636086844595159,0.008960760110984012,0.185,0.185,0.0
2,2,frobenius,0.08026491851066912,0.0787026022732795,0.001562316237389616,0.0016052983702133825,0.28976797025856044,0.0055399441448997005,2.663512205280924,1.1282705227850043,2.3607035294216097,1.1277915674626002,11.282705227850022,2.3617060830429124,0.2360703529421614,18153.59722472674,0.5571517098404475,0.7464259573732397,0.01669059180856925,11.519087374864712,11.527501233749831,0.008413858885118586,-10.627126084484175,-10.642916385621474,0.015790301137299068,0.185,0.185,0.0
2,2,spectral,0.08026491851066912,0.07868881902213347,0.0015760994885356538,0.0016052983702133825,0.4729091579931013,0.0033945174101212908,2.663512205280924,1.1282705227850043,2.3607035294216097,1.1277915674626002,11.282705227850022,2.3617060830429124,0.2360703529421614,24832.642322554893,0.2861402907724366,0.5349208266392743,0.011961193309457979,11.519087374864712,11.5272493293903,0.008161954525586879,-10.627126084484175,-10.641839235019255,0.014713150535079933,0.185,0.185,0.0
3,1,frobenius,0.2026570267806231,0.19867121592882397,0.0039858108517991375,0.004053140535612463,0.2436286019001871,0.016636554591701862,2.115627595200856,1.3381493476782416,1.5810100710145543,,3.869372926758651,,0.5467623915415938,4156.549359287839,1.150428735613903,1.0725804098587195,0.023983627077786826,11.200553105107335,11.204649210609023,0.00409610550168793,-10.271947743463848,-10.27738799109964,0.005440247635792872,0.18,0.18,0.0
3,1,spectral,0.2026570267806231,0.19865345233420287,0.004003574446420244,0.004053140535612463,0.35436260408892906,0.011437833701536145,2.115627595200856,1.3381493476782416,1.5810100710145543,,3.869372926758651,,0.5467623915415938,5070.941016798099,0.6634009893238918,0.8144943150960707,0.01821264655841948,11.200553105107335,11.203845351724926,0.003292246617590422,-10.271947743463848,-10.277534698769392,0.005586955305544095,0.18,0.18,0.0
3,2,frobenius,0.2026570267806231,0.19865264680369055,0.004004379976932565,0.004053140535612463,0.638324783729066,0.006349652463647408,2.3065896993920987,1.1302352504574111,2.040804954949522,1.1298942606009887,11.3023525045741,2.041420847792631,0.20408049549495239,15617.01026665741,0.6296479693829514,0.7935036038876995,0.01774327998683963,11.200553105107335,11.203853305736015,0.003300200628679306,-10.271947743463848,-10.277148922509346,0.0052011790454979945,0.18,0.18,0.0
3,2,spectral,0.2026570267806231,0.19865303893773367,0.004003987842889439,0.004053140535612463,0.9694532722760016,0.004180851879634009,2.3065896993920987,1.1302352504574111,2.040804954949522,1.1298942606009887,11.3023525045741,2.041420847792631,0.20408049549495239,23842.30977420511,0.41675218870627945,0.6455634660561808,0.014435237938919977,11.200553105107335,11.205045293978971,0.004492188871635605,-10.271947743463848,-10.279898306540613,0.007950563076764894,0.18,0.18,0.0
4,1,frobenius,0.18581923339804438,0.18214382423418177,0.0036754091638626085,0.0037163846679608876,0.3524035623718178,0.010545820374085106,1.9734208709888927,1.3302852257243982,1.4834569555670132,,4.304042873505089,,0.45850399937624126,5872.526763573551,0.6531091139289267,0.8075898263286936,0.018058257496082104,10.74043485792106,10.747431615960199,0.006996758039139905,-9.798681538887388,-9.806086241585541,0.007404702698153187,0.2,0.2,0.0
4,1,spectral,0.18581923339804438,0.18213730238028442,0.0036819310177599596,0.0037163846679608876,0.4950512352011364,0.007507070791270609,1.9734208709888927,1.3302852257243982,1.4834569555670132,,4.304042873505089,,0.45850399937624126,6991.405664862631,0.39400843974363015,0.6275890568149501,0.014033317929732064,10.74043485792106,10.747422086576316,0.006987228655257027,-9.798681538887388,-9.807120440952165,0.008438902064776599,0.2,0.2,0.0
4,2,frobenius,0.18581923339804438,0.18214541579798,0.003673817600064383,0.0037163846679608876,0.7224044495600457,0.005144465361784825,2.2050828634633097,1.1434417492285487,1.9284610387464194,1.1426765232402594,11.43441749228546,1.9297524877910428,0.19284610387464238,16973.786532944916,0.4492201524585028,0.6702388771612257,0.01498699690495632,10.74043485792106,10.747505484999134,0.0070706270780753755,-9.798681538887388,-9.808222989126259,0.009541450238870652,0.2,0.2,0.0
4,2,spectral,0.18581923339804438,0.18213959543901484,0.003679637959029536,0.0037163846679608876,1.0727360346265844,0.003464398088626293,2.2050828634633097,1.1434417492285487,1.9284610387464194,1.1426765232402594,11.43441749228546,1.9297524877910428,0.19284610387464238,21931.214496555353,0.26321962322773346,0.5130493380053277,0.011472131955911792,10.74043485792106,10.74697042067654,0.006535562755480839,-9.798681538887388,-9.809140950814633,0.010459411927245199,0.2,0.2,0.0
5,1,frobenius,0.12103867124338219,0.11866503948122664,0.002373631762155548,0.002420773424867644,0.12976039276184037,0.01865571900133412,3.271135406799984,1.318849559361652,2.480294574601272,,4.131201986417575,,0.791812024092434,5015.491386409993,1.7455708151431422,1.3213846351558425,0.02954705868632224,12.184827461925154,12.200371255343317,0.015543793418162366,-11.186144430933119,-11.204044156777556,0.017899725844436887,0.19,0.19,0.0
5,1,spectral,0.12103867124338219,0.11864765748990001,0.002391013753482177,0.002420773424867644,0.2346882855380913,0.010314845580457139,3.271135406799984,1.318849559361652,2.480294574601272,,4.131201986417575,,0.791812024092434,7392.667825522363,0.7865505768559696,0.8869451510395631,0.019832696500382822,12.184827461925154,12.19811016367444,0.013282701749284698,-11.186144430933119,-11.20254521080079,0.016400779867671744,0.19,0.19,0.0
5,2,frobenius,0.12103867124338219,0.11867494797356225,0.0023637232698199423,0.002420773424867644,0.3063427661562256,0.007902172638975006,2.908175676974237,1.1389606771150975,2.5533591592823286,1.1383045802354077,11.38960677115097,2.554830866421367,0.25533591592823296,14329.251568732016,0.8947805482327588,0.9459284054478033,0.0211516021642927,12.184827461925154,12.193640989801095,0.008813527875940252,-11.186144430933119,-11.198684701936582,0.012540271003462777,0.19,0.19,0.0
5,2,spectral,0.12103867124338219,0.11866010779743989,0.002378563445942297,0.002420773424867644,0.5224177789625795,0.004633788363165647,2.908175676974237,1.1389606771150975,2.5533591592823286,1.1383045802354077,11.38960677115097,2.554830866421367,0.25533591592823296,25046.953428443976,0.5378080486269815,0.7333539722583396,0.016398293335391424,12.184827461925154,12.19217698218604,0.007349520260886422,-11.186144430933119,-11.19964675543701,0.013502324503891217,0.19,0.19,0.0
6,1,frobenius,0.16137279666167212,0.15822750346618508,0.0031452931954870367,0.0032274559332334425,0.15265299775416125,0.021142434021708977,3.517623938784238,1.3274495177931769,2.649911647587265,,4.143862169456915,,0.8488757094074029,3874.523687808397,1.7319218381557586,1.315649311906382,0.029418812959734947,11.652061021454129,11.637272127613851,-0.014788893840277595,-10.619489426647043,-10.604858958873082,-0.014630467773960376,0.19,0.19,0.0
6,1,spectral,0.16137279666167212,0.15819458284442725,0.003178213817244868,0.0032274559332334425,0.28630573095834255,0.011272760494280979,3.517623938784238,1.3274495177931769,2.649911647587265,,4.143862169456915,,0.8488757094074029,5552.728542817683,0.7056136967768712,0.8398450614696065,0.018779506480135294,11.652061021454129,11.648061520362791,-0.0039995010913376206,-10.619489426647043,-10.617135497503305,-0.002353929143737332,0.19,0.19,0.0
6,2,frobenius,0.16137279666167212,0.1582150399433278,0.0031577567183443123,0.0032274559332334425,0.3615227389556228,0.008927394007240068,3.2012831970344404,1.1338604259714515,2.823348556584197,1.1330088761910067,11.338604259714492,2.8254705362915065,0.28233485565842026,17044.69836818515,1.358434570735721,1.1655190134593774,0.026061797431636606,11.652061021454129,11.647469656278103,-0.0045913651760258745,-10.619489426647043,-10.618706601284757,-0.0007828253622861325,0.19,0.19,0.0
6,2,spectral,0.16137279666167212,0.15820417822787572,0.0031686184337963996,0.0032274559332334425,0.6468411881402869,0.004989564660396165,3.2012831970344404,1.1338604259714515,2.823348556584197,1.1330088761910067,11.338604259714492,2.8254705362915065,0.28233485565842026,24741.69233847473,0.6159631231216768,0.78483318171557,0.017549403453134597,11.652061021454129,11.6505019446085,-0.0015590768456288373,-10.619489426647043,-10.622384155834265,0.0028947291872221115,0.19,0.19,0.0
7,1,frobenius,0.10615431289674775,0.10406715381194377,0.0020871590848039745,0.002123086257934955,0.1557353557687455,0.013632654238691743,2.631911077776866,1.3359561421930541,1.9700579941617111,,4.329927106731073,,0.6078418903831978,4013.252643762196,0.7458600404242219,0.8636086929206082,0.01931087743330222,11.731362132356896,11.74310756258735,0.01174543023045338,-10.734247978894487,-10.749992942315235,0.015744963420747382,0.19,0.19,0.0
7,1,spectral,0.10615431289674775,0.10405591642149584,0.0020983964752519096,0.002123086257934955,0.2526520493734824,0.008403202203186987,2.631911077776866,1.3359561421930541,1.9700579941617111,,4.329927106731073,,0.6078418903831978,4527.512898016708,0.31970492318233606,0.5653399805106653,0.012641386268202536,11.731362132356896,11.738973497119332,0.007611364762436068,-10.734247978894487,-10.745447280467527,0.011199301573039833,0.19,0.19,0.0
7,2,frobenius,0.10615431289674775,0.10407561028682825,0.0020787026099194916,0.002123086257934955,0.46007698753285875,0.004614632584254877,2.122670502010802,1.1276270215140072,1.882422522263435,1.1267492894152527,11.276270215140055,1.8838889200563873,0.18824225222634378,19786.564843151067,0.42135161154245065,0.6491160231748876,0.014514675531033782,11.731362132356896,11.738489695229028,0.007127562872131676,-10.734247978894487,-10.746034523210037,0.011786544315549818,0.19,0.19,0.0
7,2,spectral,0.10615431289674775,0.10406705877294863,0.0020872541237991205,0.002123086257934955,0.6703039880819329,0.0031673483907057477,2.122670502010802,1.1276270215140072,1.882422522263435,1.1267492894152527,11.276270215140055,1.8838889200563873,0.18824225222634378,24992.97383567345,0.25073190854882926,0.5007313736413982,0.011196693899290126,11.731362132356896,11.736731982129042,0.00536984977214594,-10.734247978894487,-10.744655789293983,0.010407810399495787,0.19,0.19,0.0
8,1,frobenius,0.1876774781151286,0.18400066189962053,0.003676816215508083,0.0037535495623025722,0.11216118317015117,0.033465673740338035,4.679908461873839,1.3294583560629927,3.5201617565011527,,4.101652097282941,,1.1409813291999953,1522.6243302846442,1.705265126883524,1.305540775871286,0.029192779222460125,11.834405682790873,11.83686291794059,0.002457235149716297,-10.925559834784258,-10.940151090660297,0.01459125587603971,0.195,0.195,0.0
8,1,spectral,0.1876774781151286,0.18397423472013066,0.003703243394997946,0.0037535495623025722,0.24263936524352434,0.01546966444845144,4.679908461873839,1.3294583560629927,3.5201617565011527,,4.101652097282941,,1.1409813291999953,3316.562046237054,0.7936881817539272,0.8910965472154188,0.019925524540890267,11.834405682790873,11.839264057622508,0.004858374831634649,-10.925559834784258,-10.938280821814878,0.012720987030620634,0.195,0.195,0.0
8,2,frobenius,0.1876774781151286,0.18403782193061538,0.003639656184513229,0.0037535495623025722,0.36493052338034887,0.010285655273594187,2.5780036777968074,1.129798208279283,2.281826665067194,1.1292396282498185,11.297982082792819,2.2829553739558306,0.22818266650671962,19893.622370713423,2.1046398982984043,1.4507377083053141,0.03243948133292945,11.834405682790873,11.853583285204458,0.019177602413584793,-10.925559834784258,-10.966667914097107,0.0411080793128491,0.195,0.195,0.0
8,2,spectral,0.1876774781151286,0.18400226625963195,0.0036752118554966573,0.0037535495623025722,0.5859383938626898,0.006406048147072247,2.5780036777968074,1.129798208279283,2.281826665067194,1.1292396282498185,11.297982082792819,2.2829553739558306,0.22818266650671962,26884.309557227927,1.1032635861984965,1.0503635495380934,0.023486842978551453,11.834405682790873,11.850787114980276,0.016381432189403355,-10.925559834784258,-10.958432062726523,0.0328722279422653,0.195,0.195,0.0
9,1,frobenius,0.21510892819163277,0.21094556230854242,0.004163365883090353,0.004302178563832655,0.17005363591881678,0.025298950772722706,2.823204682447325,1.3238612496998836,2.132553304273646,,4.098794394754444,,0.6887890463743208,2518.21341621737,1.611749534141581,1.2687412024133833,0.028369915744511448,11.597777398530516,11.59180487284131,-0.00597252568920581,-10.641203524984535,-10.635628107930142,-0.005575417054393128,0.195,0.19,0.0050000000000000044
9,1,spectral,0.21510892819163277,0.21088284660955225,0.004226081582080515,0.004302178563832655,0.2857308313864423,0.01505675303906595,2.823204682447325,1.3238612496998836,2.132553304273646,,4.098794394754444,,0.6887890463743208,3431.4008854625636,0.7779185243088371,0.8816325652974435,0.019713903471826055,11.597777398530516,11.592820751892907,-0.004956646637609197,-10.641203524984535,-10.639033326821213,-0.002170198163321757,0.195,0.19,0.0050000000000000044
9,2,frobenius,0.21510892819163277,0.21097444157717266,0.0041344866144601145,0.004302178563832655,0.5425598001210485,0.007929409003160227,2.4223197900806994,1.1161126472319283,2.1703183778880173,1.1158389366798156,11.161126472319264,2.170850747768602,0.21703183778880208,19064.853652751506,1.1987127232522374,1.0948573985920573,0.024481755689204226,11.597777398530516,11.59763864203877,-0.0001387564917454398,-10.641203524984535,-10.640431725449472,-0.0007717995350624562,0.195,0.195,0.0
9,2,spectral,0.21510892819163277,0.21091850740626475,0.004190420785368021,0.004302178563832655,0.8444294109485218,0.005094775842779031,2.4223197900806994,1.1161126472319283,2.1703183778880173,1.1158389366798156,11.161126472319264,2.170850747768602,0.21703183778880208,26414.470634609475,0.6856335699605958,0.8280299330100692,0.01851531217615113,11.597777398530516,11.601017475682918,0.0032400771524017102,-10.641203524984535,-10.64714907263055,0.005945547646014404,0.195,0.195,0.0
10,1,frobenius,0.17246292955506234,0.1690787714856299,0.003384158069432458,0.003449258591101247,0.1933510412303801,0.01783935875986007,2.747564827143261,1.3242601224907058,2.074792391977766,,4.447100342005166,,0.6178328834164338,3709.205025895766,1.1804275000506894,1.0860203609455665,0.024284153520231447,11.228019432139067,11.221453651564364,-0.006565780574703695,-10.32018381728935,-10.313577846936749,-0.006605970352600465,0.19,0.19,0.0
10,1,spectral,0.17246292955506234,0.16905665363821262,0.0034062759168497214,0.003449258591101247,0.3204944322823505,0.010762304251396494,2.747564827143261,1.3242601224907058,2.074792391977766,,4.447100342005166,,0.6178328834164338,4955.457138058498,0.5739766893401896,0.7576124928619644,0.016940730346424265,11.228019432139067,11.222325458545479,-0.005693973593588808,-10.32018381728935,-10.31520842849402,-0.004975388795328328,0.19,0.19,0.0
10,2,frobenius,0.17246292955506234,0.1690998159608054,0.00336311359425695,0.003449258591101247,0.5496605613408494,0.006275252098653539,2.083391073440763,1.1432217230797654,1.8223858341566868,1.1426492457505313,11.432217230797637,1.8232988654994648,0.18223858341566895,17936.767988181582,0.706328200184577,0.8404333407144213,0.01879266080394689,11.228019432139067,11.221061916654605,-0.006957515484462107,-10.32018381728935,-10.311026899736575,-0.009156917552774146,0.19,0.19,0.0
10,2,spectral,0.17246292955506234,0.16908142727788308,0.0033815022771792602,0.003449258591101247,0.7933776767350719,0.004347561939599466,2.083391073440763,1.1432217230797654,1.8223858341566868,1.1426492457505313,11.432217230797637,1.8232988654994648,0.18223858341566895,24643.69730972513,0.46579778827278184,0.6824938009043509,0.015261025330443361,11.228019432139067,11.222847033141441,-0.005172398997626004,-10.32018381728935,-10.316196521061002,-0.003987296228347148,0.19,0.19,0.0
11,1,frobenius,0.16207590592176782,0.15889737212322755,0.003178533798540273,0.0032415181184353567,0.18400392257475334,0.017616570739781155,3.008365567868968,1.3392562842156186,2.2462956517922334,,4.440041383021962,,0.6775534974454286,3120.2857927145856,0.9683606155744958,0.9835980551533938,0.02199392113859575,11.275676107802578,11.275289132374263,-0.00038697542831478415,-10.283143323399472,-10.283121947392528,-2.1376006943185644e-05,0.2,0.2,0.0
11,1,spectral,0.16207590592176782,0.1588723204029123,0.003203585518855523,0.0032415181184353567,0.3191481902037799,0.010156780511165078,3.008365567868968,1.3392562842156186,2.2462956517922334,,4.440041383021962,,0.6775534974454286,3860.2271219067616,0.398221764697788,0.6309397987568446,0.01410824279730342,11.275676107802578,11.278096603351436,0.002420495548857815,-10.283143323399472,-10.287824881073137,0.004681557673665182,0.2,0.2,0.0
11,2,frobenius,0.16207590592176782,0.15889872592361484,0.003177179998152979,0.0032415181184353567,0.6113958282295264,0.005301832248057876,2.375949957901028,1.1434786888244617,2.077826181739856,1.1428458544753073,11.434786888244599,2.0789767479113377,0.20778261817398594,16179.42705486248,0.4547943943598421,0.6743844559001207,0.015079694863618794,11.275676107802578,11.280117274471314,0.004441166668735619,-10.283143323399472,-10.293574348614241,0.010431025214769463,0.2,0.2,0.0
11,2,spectral,0.16207590592176782,0.1588793631486576,0.0031965427731102114,0.0032415181184353567,0.9424126688840452,0.003439595227718861,2.375949957901028,1.1434786888244617,2.077826181739856,1.1428458544753073,11.434786888244599,2.0789767479113377,0.20778261817398594,23573.496464923628,0.27889368337179893,0.5281038566150936,0.011808761225711515,11.275676107802578,11.281352729017765,0.005676621215187083,-10.283143323399472,-10.295749713253647,0.012606389854175504,0.2,0.2,0.0
12,1,frobenius,0.1361698794499009,0.133525213792425,0.0026446656574758975,0.0027233975889980177,0.1417547312327597,0.019212040157772434,3.153434856889677,1.3237571491962563,2.382185326669883,,4.989885327312661,,0.6319653960039964,3936.195516138036,1.452859554418718,1.205346238398566,0.02695236125482861,10.523700277470514,10.539374736427954,0.015674458957439796,-9.70688192514238,-9.729489355345326,0.022607430202945977,0.17,0.17,0.0
12,1,spectral,0.1361698794499009,0.13349277748534547,0.002677101964555423,0.0027233975889980177,0.2517268230762769,0.010818861318457065,3.153434856889677,1.3237571491962563,2.382185326669883,,4.989885327312661,,0.6319653960039964,5681.136687510022,0.6649643248222045,0.8154534473669452,0.01823409340799037,10.523700277470514,10.538237669169678,0.01453739169916446,-9.70688192514238,-9.727488051271747,0.020606126129367297,0.17,0.17,0.0
12,2,frobenius,0.1361698794499009,0.13353327981589702,0.0026365996340038667,0.0027233975889980177,0.39860564585182445,0.006832310624146049,2.986799724673139,1.1250887417840698,2.6547236797845177,1.1248611770107289,11.250887417840673,2.6552607430282493,0.26547236797845236,13612.870323570733,0.6354551638551137,0.7971544165686503,0.017824914640116863,10.523700277470514,10.530991264417604,0.007290986947090516,-9.70688192514238,-9.718752106425807,0.011870181283427428,0.17,0.17,0.0
12,2,spectral,0.1361698794499009,0.13349748601416234,0.0026723934357385515,0.0027233975889980177,0.6888846330737788,0.0039533435037537625,2.986799724673139,1.1250887417840698,2.6547236797845177,1.1248611770107289,11.250887417840673,2.6552607430282493,0.26547236797845236,23440.19071974748,0.3663449794318759,0.6052643880419115,0.013534123160215251,10.523700277470514,10.532636974879306,0.008936697408792327,-9.70688192514238,-9.723215812343684,0.01633388720130391,0.17,0.17,0.0
13,1,frobenius,0.13274041001502312,0.13013242075318632,0.0026079892618368072,0.0026548082003004627,0.172491792584455,0.015390924753713266,2.9375374944064236,1.329491120662521,2.2095202057028933,,4.411865857234596,,0.6658265662337484,2704.0286406722525,0.6405318315687687,0.8003287239956797,0.01789589431200007,11.802414143314454,11.801536400038232,-0.0008777432762219206,-10.946197377920035,-10.943544138128743,-0.002653239791291284,0.185,0.185,0.0
13,1,spectral,0.13274041001502312,0.13011708751444911,0.00262332250057401,0.0026548082003004627,0.29563792459180466,0.008979931123403836,2.9375374944064236,1.329491120662521,2.2095202057028933,,4.411865857234596,,0.6658265662337484,4251.407040098364,0.3428299052053896,0.5855167847343444,0.013092553326331054,11.802414143314454,11.802001588845904,-0.0004125544685500415,-10.946197377920035,-10.946415687514428,0.0002183095943930624,0.185,0.185,0.0
13,2,frobenius,0.13274041001502312,0.13014092653376363,0.0025994834812594902,0.0026548082003004627,0.48117715660992283,0.0055173196894977355,2.2151801611276927,1.1570630446473065,1.914485274916821,1.1560581037155369,11.570630446473054,1.9161495032197504,0.1914485274916823,17026.51630879716,0.5183010595458694,0.7199312880725159,0.01609815299259129,11.802414143314454,11.795066224158163,-0.007347919156291738,-10.946197377920035,-10.936194089125689,-0.010003288794345977,0.185,0.185,0.0
13,2,spectral,0.13274041001502312,0.13012575275966412,0.002614657255359004,0.0026548082003004627,0.7161591220559351,0.0037070088455748397,2.2151801611276927,1.1570630446473065,1.914485274916821,1.1560581037155369,11.570630446473054,1.9161495032197504,0.1914485274916823,23372.173126021964,0.32117840667411335,0.5667260419939464,0.012672379545178643,11.802414143314454,11.797869527101307,-0.004544616213147279,-10.946197377920035,-10.942200598088357,-0.003996779831677344,0.185,0.185,0.0
14,1,frobenius,0.08020243994983321,0.07863001627936246,0.0015724236704707517,0.0016040487989966642,0.08658617704702617,0.018525460456875035,4.1213369391906785,1.3248561647753636,3.1107806634159965,,4.7775259758604065,,0.8626508699303196,2120.6359853198524,0.7277867580048193,0.8531041894196073,0.01907598959432099,11.45550496537463,11.466129015816737,0.010624050442107347,-10.668317711126114,-10.679446424601936,0.011128713475821783,0.185,0.185,0.0
14,1,spectral,0.08020243994983321,0.07862000831029851,0.0015824316395346982,0.0016040487989966642,0.17577925760529586,0.009125358821337618,4.1213369391906785,1.3248561647753636,3.1107806634159965,,4.7775259758604065,,0.8626508699303196,3674.8348659742105,0.3060114869774879,0.5531830501539561,0.012369549041449213,11.45550496537463,11.466475968144321,0.010971002769691651,-10.668317711126114,-10.681132329752735,0.0128146186266207,0.185,0.185,0.0
14,2,frobenius,0.08020243994983321,0.07863615295280102,0.001566286997032193,0.0016040487989966642,0.21037424544670766,0.0076247394047243506,3.6416997633127246,1.1448900567673792,3.1808292349006324,1.1439249005830618,11.448900567673755,3.183512974895939,0.3180829234900643,10096.769367217577,0.5869923568280097,0.7661542643800078,0.017131730164050438,11.45550496537463,11.467059293157499,0.011554327782869578,-10.668317711126114,-10.68528100154384,0.01696329041772593,0.185,0.185,0.0
14,2,spectral,0.08020243994983321,0.07862870289143081,0.0015737370584023996,0.0016040487989966642,0.40146218156916547,0.0039955165707689765,3.6416997633127246,1.1448900567673792,3.1808292349006324,1.1439249005830618,11.448900567673755,3.183512974895939,0.3180829234900643,23026.13977463764,0.36759281070066185,0.6062943267923466,0.01355715329080159,11.45550496537463,11.468088949796533,0.012583984421903338,-10.668317711126114,-10.686846400394897,0.018528689268782372,0.185,0.185,0.0
15,1,frobenius,0.09147016203343122,0.08967750218757112,0.0017926598458601062,0.0018294032406686244,0.1471243473083526,0.01243440174340719,2.5074321229053576,1.3343307525572146,1.879168353198726,,4.40170864233234,,0.5696497261974024,4453.958373710284,0.6886458642534676,0.8298516498483869,0.018556047003013457,12.270410086310838,12.28516822656103,0.014758140250192398,-11.164710714831218,-11.18235662640872,0.01764591157750317,0.19,0.19,0.0
15,1,spectral,0.09147016203343122,0.08966674080434144,0.0018034212290897883,0.0018294032406686244,0.2329695398338757,0.007852542619834002,2.5074321229053576,1.3343307525572146,1.879168353198726,,4.40170864233234,,0.5696497261974024,6912.275740508771,0.426227688550297,0.6528858705601567,0.014598971881216394,12.270410086310838,12.285226338659655,0.014816252348817116,-11.164710714831218,-11.18400976002469,0.019299045193472253,0.19,0.19,0.0
15,2,frobenius,0.09147016203343122,0.08970538711152314,0.0017647749219080883,0.0018294032406686244,0.3835539907888067,0.004769610757813583,1.8785916296856033,1.1569447321120399,1.623752265379327,1.1562433279602475,11.569447321120371,1.624737271348986,0.16237522653793307,18034.857485045788,0.4102783414969435,0.6405297350606727,0.014322680292055951,12.270410086310838,12.281487060307482,0.011076973996644313,-11.164710714831218,-11.182217414217785,0.017506699386567348,0.19,0.19,0.0
15,2,spectral,0.09147016203343122,0.08968766605168184,0.0017824959817493852,0.0018294032406686244,0.5257057137991077,0.0034798998615558313,1.8785916296856033,1.1569447321120399,1.623752265379327,1.1562433279602475,11.569447321120371,1.624737271348986,0.16237522653793307,26219.425489816356,0.3175094567303629,0.5634797749079286,0.012599790806404075,12.270410086310838,12.280412695940901,0.01000260963006383,-11.164710714831218,-11.184740119834116,0.02002940500289796,0.19,0.19,0.0
16,1,frobenius,0.15864759770377132,0.1555455049721179,0.003102092731653433,0.0031729519540754265,0.10720516779882935,0.02959700562224272,4.219865808062879,1.314064502278534,3.2113079690881268,,3.734615578883201,,1.1299331133098276,1567.0323000060457,1.3726932506532623,1.1716199258539632,0.026198217980027246,12.1376509972513,12.143769236447465,0.006118239196165831,-11.321714492384212,-11.33426982663817,0.012555334253958605,0.16,0.16,0.0
16,1,spectral,0.15864759770377132,0.15552434487220748,0.0031232528315638386,0.0031729519540754265,0.22022420010243088,0.014407825990965663,4.219865808062879,1.314064502278534,3.2113079690881268,,3.734615578883201,,1.1299331133098276,3561.428143933125,0.7393006631386834,0.859825949329276,0.019226292715185517,12.1376509972513,12.137344214169778,-0.00030678308152154443,-11.321714492384212,-11.327351102728858,0.0056366103446467974,0.16,0.16,0.0
16,2,frobenius,0.15864759770377132,0.15556964230664164,0.0030779553971296836,0.0031729519540754265,0.42028442726168125,0.007549534906036037,2.5209643880544057,1.1003849650966637,2.2909840356033495,1.100036190385842,11.003849650966625,2.2917104092458698,0.2290984035603352,20058.17356834784,1.1432251762432124,1.0692170856486554,0.02390842086214609,12.1376509972513,12.144621439225384,0.006970441974084807,-11.321714492384212,-11.335828465446543,0.014113973062331198,0.16,0.16,0.0
16,2,spectral,0.15864759770377132,0.15555864706625008,0.0030889506375212372,0.0031729519540754265,0.6673084954007555,0.004754850231855499,2.5209643880544057,1.1003849650966637,2.2909840356033495,1.100036190385842,11.003849650966625,2.2917104092458698,0.2290984035603352,27646.940881142156,0.6250586477151199,0.7906065062438076,0.01767849891414766,12.1376509972513,12.144475643408436,0.006824646157136627,-11.321714492384212,-11.335619103634366,0.01390461125015463,0.16,0.155,0.0050000000000000044
17,1,frobenius,0.09574169563068857,0.09387700259521986,0.001864693035468712,0.0019148339126137716,0.1374052791927801,0.013935664800238518,2.9613640305598237,1.326068026358446,2.233191640018734,,4.952569971569606,,0.5979449149753832,3545.7306456060464,0.6885906542787031,0.8302616598315304,0.0185652151049511,11.628648331152519,11.628736872700374,8.85415478553142e-05,-10.735112147619976,-10.735342808698089,0.0002306610781133145,0.185,0.185,0.0
17,1,spectral,0.09574169563068857,0.09385623729031958,0.0018854583403689895,0.0019148339126137716,0.23645544401551574,0.008098074969625668,2.9613640305598237,1.326068026358446,2.233191640018734,,4.952569971569606,,0.5979449149753832,4307.955143157528,0.2825106072058057,0.5318332872184987,0.011892153829177327,11.628648331152519,11.629515182182162,0.0008668510296434562,-10.735112147619976,-10.736464059728245,0.0013519121082694596,0.185,0.185,0.0
17,2,frobenius,0.09574169563068857,0.09387634551531758,0.0018653501153709923,0.0019148339126137716,0.37188067639356026,0.005149054613924893,2.5859721431634926,1.1450840513881613,2.258325177115665,1.1440941002715361,11.450840513881582,2.2602792397493747,0.2258325177115671,16005.608976300478,0.4243529241365668,0.6514237669418731,0.014566278250410078,11.628648331152519,11.62861637554488,-3.195560763913363e-05,-10.735112147619976,-10.73629253155665,0.0011803839366741897,0.185,0.185,0.0
17,2,spectral,0.09574169563068857,0.09385894258545423,0.001882753045234345,0.0019148339126137716,0.5980197585718665,0.003201957602850104,2.5859721431634926,1.1450840513881613,2.258325177115665,1.1440941002715361,11.450840513881582,2.2602792397493747,0.2258325177115671,23224.176687705512,0.23810662605464258,0.48796170552073065,0.010911155439610885,11.628648331152519,11.629026439013225,0.000378107860706578,-10.735112147619976,-10.73711314973397,0.0020010021139942324,0.185,0.185,0.0
18,1,frobenius,0.12086891964272849,0.11854556128379282,0.0023233583589356704,0.0024173783928545696,0.1107625689834418,0.021824867507505626,3.351009586808699,1.3220830601751612,2.534643766152429,,3.9522049988853794,,0.8478835454521634,2702.7119015155836,1.287368818704643,1.135088173748592,0.02538134316957945,11.818405926370954,11.826214720972953,0.007808794601999125,-10.907372530594257,-10.915713712014847,0.00834118142059026,0.195,0.195,0.0
18,1,spectral,0.12086891964272849,0.11849580051650972,0.0023731191262187645,0.0024173783928545696,0.20275933360797432,0.011922402534269804,3.351009586808699,1.3220830601751612,2.534643766152429,,3.9522049988853794,,0.8478835454521634,4705.84698432465,0.6689064181706744,0.8181880142770039,0.018295240182989485,11.818405926370954,11.827519935698987,0.009114009328033745,-10.907372530594257,-10.919873749328968,0.012501218734710662,0.195,0.195,0.0
18,2,frobenius,0.12086891964272849,0.1186311884953458,0.002237731147382682,0.0024173783928545696,0.383026257112486,0.006311260254266697,2.24678877037093,1.1221744083374543,2.002174308804312,1.1216858432740857,11.22174408337453,2.003046382231931,0.20021743088043142,19857.605787791676,0.7909682728270984,0.8893639709517466,0.019886782957872527,11.818405926370954,11.813351409948025,-0.0050545164229287565,-10.907372530594257,-10.899303976039237,-0.008068554555020313,0.195,0.195,0.0
18,2,spectral,0.12086891964272849,0.11854279311125739,0.002326126531471101,0.0024173783928545696,0.5741292441881295,0.004210512558497104,2.24678877037093,1.1221744083374543,2.002174308804312,1.1216858432740857,11.22174408337453,2.003046382231931,0.20021743088043142,27905.996863744862,0.49472912144200076,0.7033698326213745,0.015727827590640436,11.818405926370954,11.817765864921673,-0.0006400614492800827,-10.907372530594257,-10.909502580131644,0.0021300495373868245,0.195,0.195,0.0
19,1,frobenius,0.08892813749439296,0.08718074507264721,0.0017473924217457498,0.0017785627498878593,0.19450606050290467,0.009143996568997906,2.044541272260389,1.3440476881230707,1.521182090730382,,4.411818966888208,,0.46342365532338853,5821.819059145126,0.48677785473531143,0.6977089533669066,0.015601246482386344,12.021960690760611,12.027303843338748,0.005343152578136667,-11.154384710860734,-11.159867832710097,0.0054831218493625045,0.175,0.175,0.0
19,1,spectral,0.08892813749439296,0.08717360234183348,0.0017545351525594804,0.0017785627498878593,0.2781192686940625,0.0063949641398069355,2.044541272260389,1.3440476881230707,1.521182090730382,,4.411818966888208,,0.46342365532338853,7073.984629622244,0.2892946077754701,0.5378611417231957,0.012026940753487137,12.021960690760611,12.028398666185717,0.006437975425106046,-11.154384710860734,-11.162700319490153,0.008315608629418492,0.175,0.175,0.0
19,2,frobenius,0.08892813749439296,0.0871839921467837,0.0017441453476092633,0.0017785627498878593,0.49964226654772537,0.003559672327517097,2.258342020556365,1.1557050443241983,1.9540816505451324,1.154798249418829,11.557050443241975,1.9556160755291345,0.1954081650545134,13986.518142216033,0.17722690688936818,0.420983262006141,0.009413471912353357,12.021960690760611,12.022929309316691,0.0009686185560795479,-11.154384710860734,-11.15561123212061,0.0012265212598752129,0.175,0.175,0.0
19,2,spectral,0.08892813749439296,0.08717359757965788,0.0017545399147350788,0.0017785627498878593,0.7508514564539164,0.0023687278417059564,2.258342020556365,1.1557050443241983,1.9540816505451324,1.154798249418829,11.557050443241975,1.9556160755291345,0.1954081650545134,24283.46170672651,0.13625138535032943,0.36912245305632785,0.00825382897055424,12.021960690760611,12.025304068892005,0.003343378131393848,-11.154384710860734,-11.161195378621544,0.006810667760809963,0.175,0.175,0.0
